id,expression,source,is_ic,is_icir,is_tstat,is_sharpe,turnover,coverage,n_terminals,depth
940,"add(add(add(cs_rank(cs_roa), cs_rank(cs_roe)), cs_rank(cs_gp_at)), add(neg(cs_rank(returns)), neg(cs_rank(cs_accruals))))",debate,0.017368731474119187,0.18193224084846246,9.573508927260466,1.507883989266686,0.11325919510939758,0.3738786203198093,5,4
1152,"add(add(cs_rank(cs_roa), cs_rank(cs_roe)), neg(cs_rank(ts_rank_10(returns))))",debate,0.016600280415383008,0.17560183297997475,9.24039470869463,1.166067136875852,0.14718781062157962,0.43791958508619677,3,4
114,"sub(cs_rank(cs_roa), cs_rank(cs_accruals))",debate,0.012138578338264677,0.1698138062249396,8.93582128315921,1.162586855686028,0.006254465314442616,0.37388163989511203,2,2
219,"add(neg(cs_rank(cs_accruals)), cs_rank(cs_roa))",debate,0.012138578338264677,0.1698138062249396,8.93582128315921,1.162586855686028,0.006254465314442616,0.37388163989511203,2,3
225,"add(cs_rank(cs_roa), neg(cs_rank(cs_accruals)))",debate,0.012138578338264677,0.1698138062249396,8.93582128315921,1.162586855686028,0.006254465314442616,0.37388163989511203,2,3
741,"add(cs_rank(cs_accruals), neg(cs_rank(cs_roa)))",debate,-0.012138578338264677,-0.1698138062249396,-8.93582128315921,-1.162586855686028,0.006254563645139845,0.37388163989511203,2,3
442,"add(cs_rank(cs_roa), cs_rank(neg(cs_accruals)))",debate,0.01213853773630793,0.169813022789337,8.935780057768369,1.1625807247856301,0.0062544356754628185,0.37388163989511203,2,3
786,"add(cs_rank(neg(cs_accruals)), cs_rank(cs_roa))",debate,0.01213853773630793,0.169813022789337,8.935780057768369,1.1625807247856301,0.0062544356754628185,0.37388163989511203,2,3
977,"sub(cs_rank(neg(cs_accruals)), cs_rank(neg(cs_roa)))",debate,0.012138541243146464,0.16981291678454713,8.935774479659743,1.1625714437418444,0.00625446411807274,0.37388163989511203,2,3
1198,"cs_rank(add(cs_accruals, neg(cs_roa)))",debate,-0.011350496025792618,-0.16944708870853264,-8.916524134942204,-1.086503989894879,0.0060585353934523335,0.37388163989511203,2,3
1309,"cs_rank(add(cs_roa, neg(cs_accruals)))",debate,0.011350496025792618,0.16944708870853264,8.916524134942204,1.086503989894879,0.006058395540146832,0.37388163989511203,2,3
655,"add(cs_rank(neg(cs_accruals)), cs_rank(cs_roe))",debate,0.010880340861680502,0.16644992494513983,8.758809515963799,1.4334510838402093,0.006230522142430619,0.37388163989511203,2,3
985,"add(add(cs_rank(cs_roa), cs_rank(cs_roe)), add(neg(cs_rank(ts_returns_5(close))), sub(cs_rank(cs_gp_at), cs_rank(cs_accruals))))",debate,0.015591469910224566,0.16479359890270467,8.662251338491693,1.526895401232998,0.050232519471737874,0.3723671417062533,5,5
739,"sub(add(cs_rank(dollar_volume), cs_rank(cs_roe)), cs_rank(market_cap))",debate,0.010452428886579131,0.16417880860999481,8.639300448148447,2.0483599870699227,0.05814235189150325,0.4379250203217418,3,3
8,"mul(add(cs_rank(cs_roa), cs_rank(cs_roe)), neg(cs_rank(ts_returns_5(returns))))",debate,-0.012350889343660168,-0.1643202421857561,-8.637369699385111,-1.6706046160177053,0.231058614503835,0.43604008063473887,3,4
1128,"add(add(cs_rank(neg(cs_accruals)), cs_rank(cs_roa)), cs_rank(cs_roe))",debate,0.013237167904382032,0.16133556718162267,8.489685420762784,1.0529989265022277,0.005078814376570669,0.37388163989511203,3,4
123,"sub(add(cs_rank(cs_roa), cs_rank(cs_roe)), cs_rank(cs_accruals))",debate,0.013237088762828315,0.16133458080935348,8.489633516583071,1.0529933627610482,0.005078831613783704,0.37388163989511203,3,3
1214,"sub(cs_rank(cs_accruals), add(cs_rank(cs_roa), cs_rank(cs_roe)))",debate,-0.013237088762828315,-0.16133458080935348,-8.489633516583071,-1.0529933627610482,0.005078956340911833,0.37388163989511203,3,3
628,"add(add(neg(cs_rank(cs_accruals)), cs_rank(cs_roa)), cs_rank(cs_roe))",debate,0.013237089844944105,0.161334577976953,8.489633367538508,1.0529946467534852,0.005078829704649399,0.37388163989511203,3,4
230,"add(add(cs_rank(cs_roe), cs_rank(cs_roa)), add(add(neg(cs_rank(accrual)), neg(cs_rank(debt_at))), add(neg(cs_rank(returns)), cs_rank(bm))))",debate,0.013137304775666379,0.15979608879482138,8.408676084481138,1.3195094186140852,0.14440626194181636,0.4352989560724263,6,5
595,"add(sub(cs_rank(cs_roa), cs_rank(cs_accruals)), cs_rank(cs_roa))",debate,0.013494646466916812,0.1586568557115099,8.348728171772267,0.8997175664277629,0.0049209008602393274,0.37388163989511203,3,3
1156,"add(add(add(cs_rank(cs_roa), cs_rank(cs_roe)), add(cs_rank(cs_gp_at), cs_rank(cs_opmargin))), add(add(neg(cs_rank(cs_accruals)), neg(cs_rank(debt_at))), add(neg(cs_rank(cs_asset_growth)), neg(cs_rank(ts_returns_5(close))))))",debate,0.014123443715443988,0.1587642240086931,8.345321790901949,1.2720221293169496,0.04040394762852938,0.369916575173535,8,6
57,"add(add(cs_rank(cs_ep), cs_rank(cs_roa)), add(neg(cs_rank(debt_at)), neg(cs_rank(accrual))))",debate,0.01070783103575562,0.1550981272564094,8.16146329515824,0.937785657466388,0.004470093281268931,0.43716771083580636,4,4
204,"add(add(cs_rank(cs_roa), cs_rank(cs_roe)), add(cs_rank(cs_gp_at), neg(cs_rank(cs_accruals))))",debate,0.01417324930805967,0.1544047243191155,8.124975539170554,1.1171393697922736,0.0043651082258375365,0.37388163989511203,4,4
372,"add(add(cs_rank(neg(abs_val(sub(ask, bid)))), cs_rank(cs_roa)), neg(cs_rank(cs_accruals)))",debate,0.0094418017326753,0.1543305965839217,8.121074842233465,1.1897912369127708,0.13716089949902538,0.3738812775460757,4,6
329,"sub(add(cs_rank(cs_roe), cs_rank(cs_roa)), cs_rank(ts_returns_20(close)))",debate,0.014812693894753069,0.15433750481425065,8.090583396641415,1.492794170597632,0.032555449470654835,0.4315113215956402,3,3
1159,"add(add(add(cs_rank(cs_roa), cs_rank(cs_roe)), add(cs_rank(cs_opmargin), cs_rank(cs_gpmargin))), add(add(neg(cs_rank(cs_accruals)), neg(cs_rank(debt_at))), add(neg(cs_rank(cs_asset_growth)), neg(cs_rank(ts_returns_5(close))))))",debate,0.013217463313352417,0.15319318075513647,8.052484100595738,1.1503612810124022,0.041743599716504834,0.369916575173535,8,6
1221,"add(add(cs_rank(dollar_volume), cs_rank(cs_roa)), neg(cs_rank(abs_val(ts_returns_1(close)))))",debate,0.021008391763572706,0.14884249657686882,7.828039958092485,0.850818957796306,0.15636644499294966,0.4374967237607965,3,5
323,"mul(cs_rank(neg(ts_returns_5(close))), mul(cs_rank(add(cs_roa, cs_roe)), cs_rank(neg(cs_accruals))))",debate,0.012914718165981873,0.14822653133711755,7.791415916785674,1.3543147136563511,0.07721291575274593,0.3723671417062533,4,4
529,"sub(cs_rank(cs_asset_growth), add(cs_rank(cs_roa), cs_rank(cs_roe)))",debate,-0.012593494438187195,-0.1480603898146103,-7.791128483073458,-1.003261514921536,0.0038021689858881423,0.4358798015776677,3,3
864,"add(add(neg(cs_rank(cs_asset_growth)), cs_rank(cs_roa)), cs_rank(cs_roe))",debate,0.01259343398375484,0.14805921432758817,7.791066627431777,1.0031815804006532,0.0038011606818053895,0.4358798015776677,3,4
1260,"add(add(cs_rank(cs_ep), cs_rank(cs_roa)), add(neg(cs_rank(cs_debt_at)), neg(cs_rank(cs_accruals))))",debate,0.011157964682633735,0.1475252845034571,7.762970552134671,0.8856925926820244,0.005077725148528949,0.37357086520495064,4,4
201,"sub(add(cs_rank(cs_roa), cs_rank(cs_gp_at)), add(cs_rank(cs_accruals), cs_rank(cs_asset_growth)))",debate,0.011822300722640405,0.14701466173672398,7.7361009242282375,1.180461427020192,0.0047573518051673095,0.37232474686900235,4,3
1228,"sub(add(cs_rank(cs_gp_at), cs_rank(cs_roa)), add(cs_rank(cs_accruals), cs_rank(cs_asset_growth)))",debate,0.011822300722640405,0.14701466173672398,7.7361009242282375,1.180461427020192,0.0047573518051673095,0.37232474686900235,4,3
642,"add(add(cs_rank(neg(cs_asset_growth)), cs_rank(neg(cs_accruals))), add(cs_rank(cs_roa), cs_rank(cs_gp_at)))",debate,0.011822296994855104,0.1470146173025355,7.736098586043988,1.1804611711804465,0.004757352234297688,0.37232474686900235,4,4
645,"add(sub(add(cs_rank(cs_roa), cs_rank(cs_gp_at)), cs_rank(cs_asset_growth)), neg(cs_rank(cs_accruals)))",debate,0.011822292314639476,0.14701456001032387,7.736095571253992,1.180460743113386,0.004757352502458453,0.37232474686900235,4,4
1226,"sub(sub(add(cs_rank(cs_gp_at), cs_rank(cs_roa)), cs_rank(cs_accruals)), cs_rank(cs_asset_growth))",debate,0.011822292314639476,0.14701456001032387,7.736095571253992,1.180460743113386,0.004757352186909779,0.37232474686900235,4,4
198,"sub(add(cs_rank(cs_roa), cs_rank(cs_roe)), add(cs_rank(cs_accruals), cs_rank(cs_asset_growth)))",debate,0.012000432909830525,0.14693374349624214,7.731842902153544,1.0242456428149278,0.00503107295163162,0.37232474686900235,4,3
866,"add(add(neg(cs_rank(cs_asset_growth)), neg(cs_rank(cs_accruals))), add(cs_rank(cs_roa), cs_rank(cs_roe)))",debate,0.012000432909830525,0.14693374349624214,7.731842902153544,1.0242456428149278,0.00503107295163162,0.37232474686900235,4,4
629,"add(add(sub(cs_rank(cs_roa), cs_rank(cs_accruals)), cs_rank(cs_roe)), neg(cs_rank(cs_asset_growth)))",debate,0.012000422481633615,0.1469336449880513,7.731837718525618,1.0242447820724274,0.0050310759805512325,0.37232474686900235,4,4
999,"sub(add(add(cs_rank(cs_roa), cs_rank(cs_roe)), cs_rank(cs_gp_at)), cs_rank(cs_asset_growth))",debate,0.012803412998392194,0.14685505206826113,7.727702057821821,1.022017697693576,0.0034511772621304824,0.4084981719491117,4,4
1001,"add(sub(add(cs_rank(cs_roa), cs_rank(cs_gp_at)), cs_rank(cs_asset_growth)), cs_rank(cs_roe))",debate,0.012803384602834752,0.14685469018828967,7.727683015231452,1.0220119470623152,0.003451178058262307,0.4084981719491117,4,4
627,"add(sub(cs_rank(cs_roa), cs_rank(cs_accruals)), cs_rank(cs_gp_at))",debate,0.013571804967830003,0.14680280704239035,7.724952857244473,1.1621590607437011,0.0047385118088726225,0.37388163989511203,3,3
597,"add(sub(cs_rank(cs_gp_at), cs_rank(cs_accruals)), cs_rank(cs_roa))",debate,0.013571801844285384,0.14680276506721923,7.724950648456884,1.1621586083239968,0.004738510986978798,0.37388163989511203,3,3
115,"sub(add(cs_rank(cs_gp_at), cs_rank(cs_roa)), cs_rank(cs_accruals))",debate,0.013571801120318232,0.14680275654085886,7.724950199788816,1.162158712232962,0.004738511443994341,0.37388163989511203,3,3
534,"sub(add(cs_rank(cs_roa), cs_rank(cs_gp_at)), cs_rank(cs_accruals))",debate,0.013571801120318232,0.14680275654085886,7.724950199788816,1.162158712232962,0.004738511443994341,0.37388163989511203,3,3
1115,"add(add(cs_rank(cs_roa), cs_rank(cs_gp_at)), neg(cs_rank(cs_accruals)))",debate,0.013571801120318232,0.14680275654085886,7.724950199788816,1.162158712232962,0.004738511443994341,0.37388163989511203,3,3
1153,"add(add(cs_rank(cs_roe), cs_rank(cs_roa)), add(neg(cs_rank(cs_accruals)), add(neg(cs_rank(cs_debt_at)), neg(cs_rank(ts_returns_5(close))))))",debate,0.01265981348770073,0.1464241340340028,7.696674260827196,1.2888823946615227,0.05415488347449235,0.3723671417062533,5,6
1418,"add(add(cs_rank(cs_roa), cs_rank(cs_gpmargin)), add(neg(cs_rank(cs_asset_growth)), neg(cs_rank(cs_accruals))))",debate,0.01014738647285213,0.14602643562310397,7.684099192832133,1.039828622582338,0.005012480020853136,0.3713511150083763,4,4
1160,"add(add(neg(cs_rank(cs_accruals)), cs_rank(cs_roa)), cs_rank(roe))",debate,0.013297128412528076,0.14564501464030172,7.664028329268465,0.733284891872258,0.004612643271780026,0.3708034848314654,3,4
660,"add(cs_rank(neg(cs_accruals)), add(cs_rank(cs_opmargin), cs_rank(cs_gp_at)))",debate,0.012688144844847149,0.14408822427096118,7.582108014159673,1.084342017349115,0.005156956323227996,0.3728683912065136,3,3
1129,"add(cs_rank(neg(cs_accruals)), add(cs_rank(cs_gp_at), cs_rank(cs_opmargin)))",debate,0.012688144844847149,0.14408822427096118,7.582108014159673,1.084342017349115,0.005156956323227996,0.3728683912065136,3,3
1365,"add(add(cs_rank(neg(ptb)), cs_rank(cs_gp_at)), add(cs_rank(cs_roa), neg(cs_rank(cs_accruals))))",debate,0.010477599034850134,0.14279907280358575,7.514271202916363,1.2619748454674908,0.0059622315390672215,0.37155523829884374,4,4
9,"add(add(cs_rank(cs_roa), cs_rank(cs_roe)), neg(add(cs_rank(cs_debt_at), cs_rank(cs_accruals))))",debate,0.011422581645124113,0.14225274921528067,7.485522951779457,0.8066283963485861,0.004600552694013786,0.37388163989511203,4,4
200,"sub(add(cs_rank(cs_roa), cs_rank(cs_roe)), add(cs_rank(cs_accruals), cs_rank(cs_debt_at)))",debate,0.011422581645124113,0.14225274921528067,7.485522951779457,0.8066283963485861,0.004600552694013786,0.37388163989511203,4,3
227,"add(add(cs_rank(cs_roa), cs_rank(cs_roe)), add(neg(cs_rank(cs_debt_at)), neg(cs_rank(cs_accruals))))",debate,0.011422581645124113,0.14225274921528067,7.485522951779457,0.8066283963485861,0.004600552694013786,0.37388163989511203,4,4
876,"sub(add(cs_rank(cs_roa), cs_rank(cs_roe)), add(cs_rank(cs_debt_at), cs_rank(cs_accruals)))",debate,0.011422581645124113,0.14225274921528067,7.485522951779457,0.8066283963485861,0.004600552694013786,0.37388163989511203,4,3
53,"add(add(cs_rank(cs_ep), cs_rank(cs_roa)), add(neg(cs_rank(cs_leverage)), neg(cs_rank(cs_accruals))))",debate,0.010175958697120235,0.14224547619547862,7.485140236106422,0.8567986448472197,0.005171995457511743,0.37357086520495064,4,4
1424,"add(add(cs_rank(cs_ep), cs_rank(cs_gp_at)), add(cs_rank(cs_roa), add(neg(cs_rank(cs_debt_at)), neg(cs_rank(cs_accruals)))))",debate,0.012482568467574626,0.14217685681582298,7.481529395935088,0.973247861838201,0.004435502243139623,0.37357086520495064,5,5
124,"sub(add(cs_rank(cs_roa), cs_rank(cs_opmargin)), cs_rank(cs_accruals))",debate,0.012992211728519063,0.1421266165296647,7.478885687344455,0.7315482155589439,0.00492601927801588,0.3728683912065136,3,3
657,"add(cs_rank(neg(cs_accruals)), add(cs_rank(cs_roa), cs_rank(cs_opmargin)))",debate,0.012992202133456143,0.1421264923376581,7.478879152201049,0.7315469377344808,0.004926017817134417,0.3728683912065136,3,3
979,"add(cs_rank(neg(cs_accruals)), add(cs_rank(cs_opmargin), cs_rank(cs_roa)))",debate,0.012992202133456143,0.1421264923376581,7.478879152201049,0.7315469377344808,0.004926017817134417,0.3728683912065136,3,3
1006,"add(sub(cs_rank(cs_opmargin), cs_rank(cs_accruals)), cs_rank(cs_roa))",debate,0.012992191473977385,0.14212641247841418,7.478874949904738,0.7315462923510593,0.004926018979695486,0.3728683912065136,3,3
209,"sub(add(add(add(cs_rank(cs_roa), cs_rank(cs_roe)), add(cs_rank(cs_gp_at), cs_rank(cs_opmargin))), cs_rank(cs_bm)), add(cs_rank(cs_accruals), cs_rank(cs_debt_at)))",debate,0.011683005238462132,0.141963433209689,7.4702987707908965,0.7689203454338417,0.004226962772151252,0.3725677622893695,7,5
1392,"add(add(cs_rank(ts_mean_20(dollar_volume)), cs_rank(cs_roa)), neg(cs_rank(cs_accruals)))",debate,0.0143085456951569,0.14168395112566093,7.455592063425704,0.9742881065543988,0.007391031115136473,0.37388163989511203,3,4
1034,"add(add(cs_rank(cs_roe), cs_rank(cs_roa)), add(neg(cs_rank(cs_leverage)), neg(cs_rank(cs_accruals))))",debate,0.010591274922272981,0.14148246605769846,7.444989659542519,0.7849162313691745,0.004687758691509356,0.37388163989511203,4,4
1121,"add(cs_rank(cs_roa), add(cs_rank(cs_roe), neg(add(cs_rank(cs_accruals), cs_rank(cs_leverage)))))",debate,0.010591278827422182,0.14148243944007327,7.4449882588887855,0.784917752362656,0.004687770793901717,0.37388163989511203,4,5
1150,"add(add(cs_rank(cs_roa), cs_rank(cs_roe)), add(cs_rank(neg(cs_accruals)), cs_rank(neg(debt_at))))",debate,0.011266814342668739,0.14147086565717507,7.444379231520236,0.7751787275742791,0.00471059495267896,0.37362473442835215,4,4
1154,"add(add(cs_rank(cs_roe), cs_rank(cs_roa)), add(cs_rank(neg(cs_accruals)), cs_rank(neg(debt_at))))",debate,0.011266814342668739,0.14147086565717507,7.444379231520236,0.7751787275742791,0.00471059495267896,0.37362473442835215,4,4
207,"add(add(cs_rank(cs_roa), cs_rank(cs_roe)), add(neg(cs_rank(cs_accruals)), neg(cs_rank(debt_at))))",debate,0.011266781142653311,0.14147050415994708,7.4443602090703225,0.7751747629363618,0.004710610324146296,0.37362473442835215,4,4
275,"sub(add(cs_rank(cs_roa), cs_rank(cs_roe)), add(cs_rank(cs_accruals), cs_rank(debt_at)))",debate,0.011266781142653311,0.14147050415994708,7.4443602090703225,0.7751747629363618,0.004710610324146296,0.37362473442835215,4,3
1322,"add(add(add(cs_rank(cs_bm), cs_rank(cs_ep)), add(cs_rank(cs_roa), cs_rank(cs_roe))), add(neg(cs_rank(cs_accruals)), neg(cs_rank(ts_returns_5(close)))))",debate,0.01267607086582967,0.14159369519265294,7.442765883331967,1.34968826527069,0.04866245193007309,0.3720927227027373,6,5
997,"mul(add(cs_rank(cs_roa), cs_rank(cs_opmargin)), neg(cs_rank(ts_returns_5(returns))))",debate,-0.01067279919592734,-0.14112046280592788,-7.41789077954989,-1.2995662958716308,0.24372015677072492,0.4350131834657719,3,4
1080,"sub(add(cs_rank(cs_opmargin), cs_rank(cs_roe)), cs_rank(cs_accruals))",debate,0.012487568990599485,0.1403037491501406,7.382964057128172,0.8603997191406821,0.005081769359379696,0.3728683912065136,3,3
791,"add(add(cs_rank(neg(cs_accruals)), cs_rank(cs_roe)), cs_rank(cs_opmargin))",debate,0.012487560723239024,0.14030362771381097,7.38295766699204,0.8603978827068148,0.005081766111675364,0.3728683912065136,3,4
398,"sub(add(add(cs_rank(cs_ep), cs_rank(cs_gp_at)), cs_rank(cs_roa)), add(cs_rank(cs_accruals), cs_rank(cs_leverage)))",debate,0.011728699904213505,0.14008237083323435,7.371314844853756,0.9658969158689101,0.004530050949285254,0.37357086520495064,5,4
12,"add(add(cs_rank(neg(returns)), add(cs_rank(cs_roe), cs_rank(cs_roa))), add(cs_rank(curr_ratio), neg(add(cs_rank(cs_debt_at), cs_rank(cs_accruals)))))",debate,0.012369175968697545,0.1386297621721586,7.2948767054686225,1.2397838646426076,0.11080654810963068,0.3736162796175044,6,5
1384,"add(add(add(cs_rank(cs_roa), cs_rank(cs_roe)), add(cs_rank(cs_gp_at), cs_rank(npm))), cs_rank(bm))",debate,0.01212725623243733,0.13846507385878098,7.286210594223121,0.7042433738979437,0.0035336640637120345,0.4066910165219082,5,4
828,"add(cs_rank(neg(ts_returns_1(close))), mul(cs_rank(dollar_volume), cs_rank(neg(abs_val(ts_returns_1(close))))))",debate,0.017139824657768393,0.13766930050238949,7.240410569025794,1.07174786197922,0.2821481849691695,0.46743472584067997,3,6
331,"sub(add(cs_rank(cs_roe), cs_rank(cs_gp_at)), cs_rank(ts_returns_20(close)))",debate,0.01399219900256842,0.13658399443994176,7.159920066044262,1.4850118841133852,0.036027849473836776,0.40444735128893594,3,3
1151,"add(add(cs_rank(cs_bm), cs_rank(cs_gp_at)), add(cs_rank(cs_roa), neg(cs_rank(cs_accruals))))",debate,0.009962764974409153,0.13579093131567355,7.145493768058538,1.1381452181669847,0.005410431822380002,0.37357086520495064,4,4
1380,"add(add(neg(cs_rank(returns)), add(cs_rank(roe), cs_rank(roa))), add(neg(cs_rank(accrual)), neg(cs_rank(debt_at))))",debate,0.013635127533460882,0.13560908694305115,7.135924882870548,0.9726027824372226,0.1349953473729388,0.43464407058076093,5,4
540,"add(cs_rank(dollar_volume), cs_rank(neg(abs_val(ts_returns_5(returns)))))",debate,0.01344051075266509,0.1357497697231335,7.135584344986671,1.420765206661785,0.2353277403774385,0.4658667207774561,2,5
334,"sub(add(add(cs_rank(cs_roe), cs_rank(cs_roa)), cs_rank(cs_gp_at)), add(add(cs_rank(cs_accruals), cs_rank(cs_debt_at)), cs_rank(cs_asset_growth)))",debate,0.011605240873067123,0.13515686802842622,7.112128540913524,0.8895395082269008,0.004118388208593198,0.37232474686900235,6,4
161,"add(cs_rank(cs_roa), add(cs_rank(cs_gpmargin), cs_rank(neg(cs_accruals))))",debate,0.011887414707453704,0.13441504038675248,7.073092614587702,0.9737044403391294,0.005037114194500684,0.3728683912065136,3,4
1249,"mul(cs_rank(neg(ts_returns_5(close))), cs_rank(cs_roa))",debate,0.014819598116208216,0.1343782778266351,7.063492906998308,1.1946415415958809,0.09504952975302094,0.4361576025055228,2,4
639,"sub(add(cs_rank(cs_roa), cs_rank(cs_gp_at)), cs_rank(cs_asset_growth))",debate,0.01143239112288129,0.13371072635666487,7.0360307028386195,0.9791929960541683,0.003112135646486372,0.408501795439475,3,3
733,"add(add(cs_rank(cs_roa), cs_rank(cs_opmargin)), add(neg(cs_rank(cs_accruals)), add(neg(cs_rank(ts_returns_5(returns))), neg(cs_rank(ts_rank_5(returns))))))",debate,0.011950588402016703,0.13374128512979644,7.030009865924255,0.3199002818878525,0.18884396663520198,0.3712794906821945,5,6
986,"add(add(cs_rank(cs_roa), cs_rank(cs_roe)), add(sub(cs_rank(cs_gp_at), cs_rank(cs_accruals)), sub(cs_rank(bm), cs_rank(debt_at))))",debate,0.010653636581783673,0.1334954164072179,7.024700815878807,0.8522032250730197,0.0046232382849863505,0.37154110668642676,6,4
935,"add(add(add(cs_rank(cs_roa), cs_rank(cs_roe)), cs_rank(cs_gp_at)), add(neg(cs_rank(cs_debt_at)), neg(cs_rank(cs_accruals))))",debate,0.012449128970288393,0.13297776532406574,6.997461348906644,0.8812797473889147,0.004020531578081899,0.37388163989511203,5,4
936,"add(add(add(cs_rank(cs_roa), cs_rank(cs_roe)), cs_rank(cs_gp_at)), add(neg(cs_rank(cs_accruals)), neg(cs_rank(cs_debt_at))))",debate,0.012449128970288393,0.13297776532406574,6.997461348906644,0.8812797473889147,0.004020531578081899,0.37388163989511203,5,4
1096,"add(cs_rank(dollar_volume), cs_rank(cs_roa))",debate,0.016604634514057453,0.13201477064287337,6.946787327994768,0.8502821511405814,0.043516650403686234,0.4379286438121051,2,2
959,"sub(add(cs_rank(cs_roa), cs_rank(cs_opmargin)), add(cs_rank(cs_accruals), cs_rank(cs_debt_at)))",debate,0.01126741229800077,0.13176989874586092,6.933901853264445,0.5383984220301015,0.004513100054027737,0.3728683912065136,4,3
738,"mul(neg(cs_rank(market_cap)), ts_rank_20(neg(returns)))",debate,-0.01703117985312784,-0.1306479888994072,-6.87486551159946,-0.45096135383564573,0.18840747099486338,0.46796592952794375,2,3
1385,"add(add(cs_rank(cs_roa), cs_rank(cs_roe)), add(cs_rank(bm), add(cs_rank(neg(ts_returns_5(close))), neg(cs_rank(accrual)))))",debate,0.012078408211246807,0.13044740614821085,6.856869599511874,1.4315661961045485,0.06947495637340906,0.4336131875723943,5,6
938,"sub(add(add(cs_rank(roa), cs_rank(roe)), add(cs_rank(accrual), cs_rank(cs_roa))), cs_rank(ts_returns_5(close)))",debate,0.013025402762291458,0.13018276862537592,6.842959127553885,0.8660082779360182,0.044683090598376864,0.4328982729237098,5,4
272,"add(add(add(cs_rank(cs_bm), cs_rank(cs_ep)), add(cs_rank(cs_roa), cs_rank(cs_roe))), neg(cs_rank(ts_returns_5(close))))",debate,0.011901378333397848,0.12938460969766807,6.801004505008453,1.2043795793688223,0.05228797291895436,0.43566227137285596,5,4
1116,"add(add(cs_rank(cs_roa), cs_rank(cs_opmargin)), add(cs_rank(cs_gpmargin), neg(cs_rank(cs_accruals))))",debate,0.012255448671468015,0.12917978379878428,6.797606667469846,0.7070150257620259,0.004145446047034653,0.3728683912065136,4,4
151,"add(add(cs_rank(cs_roe), cs_rank(cs_roa)), add(neg(cs_rank(cs_asset_growth)), neg(cs_rank(cs_debt_at))))",debate,0.009793904698603159,0.12916670870983074,6.796918639442281,0.5508598443116143,0.003562036887990767,0.4358798015776677,4,4
159,"add(add(cs_rank(cs_gp_at), cs_rank(cs_roa)), add(neg(cs_rank(cs_accruals)), add(neg(cs_rank(cs_debt_at)), neg(cs_rank(ts_returns_20(close))))))",debate,0.012570075576331295,0.12955032831813196,6.791205654008626,1.4503044167859565,0.02841205690228899,0.3683990574093735,5,6
479,"sub(add(add(cs_rank(cs_bm), cs_rank(cs_ep)), add(cs_rank(cs_roa), cs_rank(cs_gpmargin))), add(cs_rank(cs_accruals), cs_rank(cs_debt_at)))",debate,0.008655491725689546,0.12877329960754474,6.776216945585074,0.805741253896325,0.004910592699466121,0.3725677622893695,6,4
939,"add(add(cs_rank(cs_roa), cs_rank(cs_opmargin)), neg(cs_rank(ts_returns_5(close))))",debate,0.012570307201302979,0.12874720873264794,6.767500003625111,1.0632345950821052,0.07258355604053973,0.4351251493179987,3,4
873,"add(add(cs_rank(neg(ts_std_20(returns))), cs_rank(cs_roa)), add(cs_rank(neg(abs_val(ts_returns_5(returns)))), cs_rank(neg(cs_accruals))))",debate,0.017532678305094952,0.12834092614800782,6.746144065736512,0.7678461972877146,0.16059350285618107,0.3722735348718673,4,6
988,"sub(add(add(cs_rank(cs_roa), cs_rank(cs_roe)), add(cs_rank(cs_opmargin), cs_rank(cs_gp_at))), add(add(cs_rank(cs_accruals), cs_rank(cs_asset_growth)), add(cs_rank(cs_leverage), cs_rank(cs_debt_at))))",debate,0.010707217717309293,0.12757984884678056,6.713416028830916,0.6331950147232781,0.0037271009050209142,0.3713511150083763,8,4
769,"sub(cs_rank(dollar_volume), cs_rank(abs_val(ts_returns_1(close))))",debate,0.017387492782401356,0.1275202379085427,6.706643201849281,0.7251125911653743,0.20906187701592907,0.46743472584067997,2,4
1220,"add(cs_rank(dollar_volume), neg(cs_rank(abs_val(ts_returns_1(close)))))",debate,0.017387492782401356,0.1275202379085427,6.706643201849281,0.7251125911653743,0.20906187701592907,0.46743472584067997,2,5
504,"add(add(neg(cs_rank(ts_std_20(returns))), cs_rank(dollar_volume)), add(cs_rank(cs_roa), add(neg(cs_rank(cs_asset_growth)), neg(cs_rank(returns)))))",debate,0.019375218645390786,0.12742078044981997,6.701412458083775,0.7193652951959032,0.13747981581033433,0.43559632384824337,5,5
824,"add(cs_rank(dollar_volume), add(neg(cs_rank(abs_val(sub(ask, bid)))), add(cs_rank(cs_roa), neg(cs_rank(cs_debt_at)))))",debate,0.010543916371400923,0.12734972986847862,6.7013068716917985,0.5151692384678436,0.11621125222078164,0.4379251411047539,5,6
982,"add(add(cs_rank(cs_roa), cs_rank(cs_gp_at)), add(neg(cs_rank(cs_accruals)), neg(cs_rank(ts_returns_5(returns)))))",debate,0.010946765290430188,0.1273558325030955,6.694363360654519,0.6737777160135177,0.1513006914584767,0.3722735348718673,4,5
1100,"mul(add(neg(cs_rank(returns)), cs_rank(dollar_volume)), add(cs_rank(cs_bm), cs_rank(cs_roa)))",debate,0.016335042246221156,0.12702209817948948,6.684066470074344,1.182873799933148,0.22398797799427145,0.43736337931542607,4,4
588,"add(cs_rank(dollar_volume), add(cs_rank(cs_roa), neg(cs_rank(cs_debt_at))))",debate,0.0125916347801969,0.12682314585312296,6.673597342317294,0.5251679991162606,0.036500571217658255,0.43792562423680237,3,4
1117,"sub(add(add(cs_rank(cs_gp_at), cs_rank(cs_opmargin)), cs_rank(cs_roa)), add(cs_rank(cs_accruals), cs_rank(cs_leverage)))",debate,0.011360884093234961,0.12681963451444814,6.673412571151978,0.6795729975125481,0.003941599351180453,0.3728683912065136,5,4
615,"mul(add(cs_rank(cs_debt_at), neg(cs_rank(cs_bm))), add(cs_rank(neg(returns)), add(neg(cs_rank(cs_roa)), neg(cs_rank(cs_gp_at)))))",debate,-0.007825819160492261,-0.12623504013697623,-6.642650461778438,-1.1646319421786515,0.10855296227616176,0.4099647192821624,5,5
958,"sub(add(cs_rank(cs_roa), cs_rank(cs_opmargin)), add(cs_rank(cs_accruals), cs_rank(cs_leverage)))",debate,0.009879947475071107,0.12607263295205626,6.634104386451539,0.47861517391359765,0.0044338497856150115,0.3728683912065136,4,3
1002,"add(add(cs_rank(neg(cs_asset_growth)), cs_rank(cs_roa)), cs_rank(neg(cs_accruals)))",debate,0.009284541864807127,0.1254330941177039,6.600451028962792,0.9269025081351256,0.0056877296309992675,0.37232474686900235,3,4
889,"sub(add(cs_rank(neg(cs_accruals)), cs_rank(cs_roa)), cs_rank(cs_asset_growth))",debate,0.009284541216239684,0.12543304300012725,6.600448339090046,0.9268991978806888,0.005687735474947947,0.37232474686900235,3,4
1076,"add(add(cs_rank(neg(cs_accruals)), cs_rank(cs_roa)), cs_rank(neg(cs_asset_growth)))",debate,0.009284538091121081,0.1254330122842606,6.600446722781566,0.9269019089705423,0.0056877314223488075,0.37232474686900235,3,4
598,"add(sub(cs_rank(cs_roa), cs_rank(cs_accruals)), neg(cs_rank(cs_asset_growth)))",debate,0.009284536342728572,0.12543300472042104,6.600446324762583,0.926898390298286,0.005687733479656092,0.37232474686900235,3,3
705,"add(neg(cs_rank(cs_asset_growth)), add(cs_rank(cs_roa), neg(cs_rank(cs_accruals))))",debate,0.009284536342728572,0.12543300472042104,6.600446324762583,0.926898390298286,0.005687733479656092,0.37232474686900235,3,4
998,"sub(sub(cs_rank(cs_roa), cs_rank(cs_accruals)), cs_rank(cs_asset_growth))",debate,0.009284536342728572,0.12543300472042104,6.600446324762583,0.926898390298286,0.005687733479656092,0.37232474686900235,3,3
1319,"add(add(cs_rank(cs_roa), neg(cs_rank(cs_accruals))), neg(cs_rank(cs_asset_growth)))",debate,0.009284536342728572,0.12543300472042104,6.600446324762583,0.926898390298286,0.005687733479656092,0.37232474686900235,3,4
353,"add(add(neg(cs_rank(cs_asset_growth)), cs_rank(cs_roa)), neg(cs_rank(cs_accruals)))",debate,0.009284529176759981,0.12543288518976534,6.600440034905468,0.926897676943243,0.005687735751791071,0.37232474686900235,3,4
706,"sub(add(cs_rank(cs_roa), neg(cs_rank(cs_asset_growth))), cs_rank(cs_accruals))",debate,0.009284529176759981,0.12543288518976534,6.600440034905468,0.926897676943243,0.005687735751791071,0.37232474686900235,3,4
863,"add(cs_rank(neg(cs_asset_growth)), sub(cs_rank(cs_roa), cs_rank(cs_accruals)))",debate,0.009284520411362336,0.12543282042195983,6.600436626740091,0.9269001796055228,0.005687738326762347,0.37232474686900235,3,3
640,"add(add(cs_rank(neg(cs_asset_growth)), cs_rank(cs_roa)), neg(cs_rank(cs_accruals)))",debate,0.009284515669034737,0.1254327369494181,6.600432234307393,0.9268992397430752,0.005687737272828673,0.37232474686900235,3,4
525,"neg(add(add(cs_rank(cs_asset_growth), cs_rank(cs_accruals)), neg(cs_rank(cs_roa))))",debate,0.009284516454584538,0.12543272989656035,6.600431863176931,0.9268963371768923,0.005687734696253562,0.37232474686900235,3,4
643,"sub(cs_rank(cs_roa), add(cs_rank(cs_asset_growth), cs_rank(cs_accruals)))",debate,0.009284516454584538,0.12543272989656035,6.600431863176931,0.9268963371768923,0.005687734696253562,0.37232474686900235,3,3
1079,"sub(cs_rank(cs_roa), add(cs_rank(cs_accruals), cs_rank(cs_asset_growth)))",debate,0.009284516454584538,0.12543272989656035,6.600431863176931,0.9268963371768923,0.005687734696253562,0.37232474686900235,3,3
913,"mul(cs_rank(sub(cs_roe, cs_debt_at)), sub(cs_rank(ts_rank_10(returns)), cs_rank(ts_rank_10(dollar_volume))))",debate,-0.009892603637139173,-0.12507326666636645,-6.58151644484737,-0.9852099307183722,0.2826966020421949,0.4379166862939061,4,4
30,"add(add(cs_rank(cs_bm), cs_rank(cs_ep)), sub(add(cs_rank(cs_roa), cs_rank(cs_roe)), add(cs_rank(cs_debt_at), cs_rank(cs_accruals))))",debate,0.009802128034154018,0.12505470918444142,6.580539926237759,0.7606935482493522,0.004884826519983408,0.37357086520495064,6,4
273,"add(add(cs_rank(cs_bm), cs_rank(cs_ep)), add(add(cs_rank(cs_roa), cs_rank(cs_roe)), neg(add(cs_rank(cs_debt_at), cs_rank(cs_accruals)))))",debate,0.009802128034154018,0.12505470918444142,6.580539926237759,0.7606935482493522,0.004884826519983408,0.37357086520495064,6,5
274,"add(add(cs_rank(cs_bm), cs_rank(cs_ep)), add(cs_rank(cs_roa), add(cs_rank(cs_roe), neg(add(cs_rank(cs_accruals), cs_rank(cs_debt_at))))))",debate,0.009802109734215742,0.1250544653407262,6.580527094867279,0.7606821817314023,0.0048848219987063565,0.37357086520495064,6,6
1112,"add(cs_rank(neg(cs_asset_growth)), cs_rank(cs_roa))",debate,0.01002526038061765,0.12491290298170216,6.573077901136908,0.8212262015367652,0.0036744666785543966,0.435883425068031,2,3
256,"add(neg(cs_rank(cs_asset_growth)), cs_rank(cs_roa))",debate,0.010024519636354364,0.12490448950973944,6.572635173401743,0.8211183563486407,0.003678721803299566,0.435883425068031,2,3
348,"sub(cs_rank(cs_roa), cs_rank(cs_asset_growth))",debate,0.010024519636354364,0.12490448950973944,6.572635173401743,0.8211183563486407,0.003678721803299566,0.435883425068031,2,2
349,"sub(cs_rank(cs_asset_growth), cs_rank(cs_roa))",debate,-0.010024519636354364,-0.12490448950973944,-6.572635173401743,-0.8211183563486407,0.0036788184156276915,0.435883425068031,2,2
214,"add(add(cs_rank(cs_roa), cs_rank(dollar_volume)), neg(cs_rank(ts_returns_5(close))))",debate,0.0160694966602312,0.12479684396037702,6.5598520563505485,1.1549650871423143,0.08681747300546026,0.4361576025055228,3,4
510,"add(add(add(cs_rank(cs_roe), cs_rank(cs_roa)), add(cs_rank(cs_bm), cs_rank(cs_ep))), add(add(neg(cs_rank(cs_leverage)), neg(cs_rank(cs_accruals))), cs_rank(cs_cash_at)))",debate,0.008725038088131304,0.12464394364110556,6.558924914089295,0.9597253103144263,0.004687070040959297,0.37357086520495064,7,5
1033,"add(add(add(cs_rank(cs_bm), cs_rank(cs_roe)), cs_rank(cs_roa)), add(neg(cs_rank(cs_debt_at)), neg(cs_rank(cs_accruals))))",debate,0.008634923185112248,0.12435895415773872,6.5439284002747895,0.6812560323696166,0.004856632749762942,0.37357086520495064,5,4
966,"sub(add(add(cs_rank(cs_roa), cs_rank(cs_roe)), cs_rank(cs_bm)), add(cs_rank(cs_accruals), cs_rank(cs_debt_at)))",debate,0.008634924523404365,0.1243588880984691,6.5439249241509065,0.6812595995208488,0.0048566284712164886,0.37357086520495064,5,4
152,"add(add(cs_rank(cs_roe), cs_rank(cs_roa)), add(cs_rank(cs_bm), add(neg(cs_rank(cs_debt_at)), neg(cs_rank(cs_accruals)))))",debate,0.008634836638394792,0.12435753107272159,6.543853515707589,0.6812449954622449,0.004856631463020542,0.37357086520495064,5,5
228,"add(add(cs_rank(cs_roa), cs_rank(cs_roe)), sub(cs_rank(cs_bm), add(cs_rank(cs_debt_at), cs_rank(cs_accruals))))",debate,0.008634836638394792,0.12435753107272159,6.543853515707589,0.6812449954622449,0.004856631463020542,0.37357086520495064,5,4
729,"add(add(cs_rank(cs_roa), cs_rank(cs_roe)), add(cs_rank(cs_bm), add(neg(cs_rank(cs_debt_at)), neg(cs_rank(cs_accruals)))))",debate,0.008634836638394792,0.12435753107272159,6.543853515707589,0.6812449954622449,0.004856631463020542,0.37357086520495064,5,5
846,"add(add(add(cs_rank(cs_roe), cs_rank(cs_roa)), add(cs_rank(cs_gp_at), cs_rank(cs_bm))), add(add(neg(cs_rank(cs_debt_at)), neg(cs_rank(cs_accruals))), neg(cs_rank(cs_asset_growth))))",debate,0.00965172458878104,0.12429505707704123,6.540566053559164,0.8282474460342788,0.004399738616432851,0.3723005902665802,7,5
1018,"add(add(cs_rank(cs_ep), cs_rank(cs_roa)), add(neg(cs_rank(cs_debt_at)), neg(cs_rank(ts_returns_20(close)))))",debate,0.011177305197770436,0.12428968564138454,6.515435559452672,1.1809756155969304,0.03130559142914029,0.43121492008392004,4,5
691,"sub(add(cs_rank(cs_roa), cs_rank(cs_opmargin)), cs_rank(cs_asset_growth))",debate,0.010404319861425784,0.12377287270250578,6.513088038953413,0.5134433620421135,0.0035144236691636815,0.434890226359443,3,3
1422,"sub(add(add(cs_rank(cs_bm), cs_rank(cs_ep)), add(cs_rank(cs_roa), cs_rank(cs_gp_at))), add(cs_rank(cs_debt_at), cs_rank(cs_accruals)))",debate,0.00969278815935998,0.12332190455518596,6.489357513983556,0.8694499240729889,0.004660055341843782,0.37357086520495064,6,4
234,"mul(cs_rank(dollar_volume), cs_rank(ts_rank_20(volume)))",debate,0.010790896494056084,0.12247742736371552,6.4449200360868035,1.214972517761873,0.1960974607022445,0.4679717271125251,2,3
841,"add(cs_rank(dollar_volume), cs_rank(roe))",debate,0.014227446441635667,0.12227738786663825,6.4343937000061695,0.5870110134795319,0.04201765447473445,0.43466206724956546,2,2
41,"add(add(cs_rank(neg(ts_std_20(returns))), cs_rank(neg(ts_returns_5(close)))), add(cs_rank(cs_roa), add(cs_rank(neg(cs_debt_at)), add(cs_rank(neg(cs_accruals)), cs_rank(dollar_volume)))))",debate,0.01603371405607884,0.12201282181308912,6.413512030206855,0.7473842394963269,0.062468053625327,0.3723671417062533,6,6
270,"sub(add(add(cs_rank(cs_bm), cs_rank(cs_ep)), add(cs_rank(cs_roa), cs_rank(cs_roe))), add(cs_rank(cs_accruals), cs_rank(debt_at)))",debate,0.009531939914105067,0.12184780600727156,6.411788549063948,0.7126125262322416,0.004971165174213088,0.37345177315500927,6,4
574,"add(add(add(cs_rank(cs_bm), cs_rank(cs_ep)), add(cs_rank(cs_roa), cs_rank(cs_roe))), add(neg(cs_rank(debt_at)), neg(cs_rank(cs_accruals))))",debate,0.009531939914105067,0.12184780600727156,6.411788549063948,0.7126125262322416,0.004971165174213088,0.37345177315500927,6,4
1192,"add(add(cs_rank(cs_ep), cs_rank(cs_gpmargin)), add(neg(cs_rank(cs_debt_at)), neg(cs_rank(cs_accruals))))",debate,0.00904775488167887,0.12141783530427729,6.389162936669029,0.9166334431054685,0.0052033597162106735,0.3725677622893695,4,4
513,"add(add(add(cs_rank(cs_roa), cs_rank(cs_roe)), add(cs_rank(cs_gp_at), cs_rank(curr_ratio))), add(add(cs_rank(cs_bm), cs_rank(cs_ep)), add(neg(cs_rank(cs_debt_at)), neg(cs_rank(cs_accruals)))))",debate,0.009793937622143374,0.12131511204711165,6.383757506521376,0.9576308842371472,0.004410132537228641,0.3734440430422342,8,5
1020,"add(add(add(cs_rank(cs_bm), cs_rank(cs_roe)), neg(cs_rank(ts_returns_20(close)))), add(neg(cs_rank(cs_accruals)), cs_rank(dollar_volume)))",debate,0.012240488864507766,0.1209876344568987,6.342337513580969,1.5207916041180858,0.04980904426681705,0.3682309274565151,5,5
373,"add(neg(cs_rank(returns)), cs_rank(dollar_volume))",debate,0.015746229017746617,0.12029438104102343,6.33004532580209,1.0256401732973486,0.23463371789272158,0.46796592952794375,2,3
825,"add(cs_rank(neg(ts_returns_1(close))), cs_rank(dollar_volume))",debate,0.015737964265873663,0.12027442182859424,6.325565625839042,1.032113416325598,0.23467063137925714,0.46743472584067997,2,4
1157,"add(cs_rank(neg(cs_accruals)), cs_rank(cs_gp_at))",debate,0.009891416407595931,0.11979782460007901,6.303915886082664,1.4265850503219926,0.0058662855895135904,0.37388163989511203,2,3
830,"sub(add(cs_rank(cs_roa), cs_rank(cs_cash_at)), add(cs_rank(cs_asset_growth), cs_rank(cs_accruals)))",debate,0.007921207891136015,0.11957006767315863,6.2919310231306715,1.2700830428010927,0.005052814975130334,0.37232474686900235,4,3
1179,"sub(add(cs_rank(cs_asset_growth), cs_rank(cs_accruals)), add(cs_rank(cs_roa), cs_rank(cs_cash_at)))",debate,-0.007921207891136015,-0.11957006767315863,-6.2919310231306715,-1.2700830428010927,0.005052897096930406,0.37232474686900235,4,3
194,"add(add(cs_rank(cs_bm), cs_rank(cs_ep)), add(sub(cs_rank(cs_roa), cs_rank(cs_accruals)), sub(cs_rank(cs_gp_at), cs_rank(debt_at))))",debate,0.009438280359022689,0.11954372911936323,6.290545054493582,0.8262239908685342,0.0047475145399547905,0.37345177315500927,6,4
195,"add(add(cs_rank(cs_bm), cs_rank(cs_ep)), add(cs_rank(cs_roa), sub(cs_rank(cs_gp_at), add(cs_rank(cs_accruals), cs_rank(debt_at)))))",debate,0.009438276126129382,0.11954367893415473,6.290542413683249,0.8262234922959654,0.004747514239747649,0.37345177315500927,6,5
459,"add(cs_rank(ts_rank_20(volume)), cs_rank(dollar_volume))",debate,0.010778876065098104,0.11950501835421297,6.288508044153805,1.2590010731257184,0.1967865305178922,0.4679717271125251,2,3
1449,"add(cs_rank(dollar_volume), cs_rank(ts_rank_20(volume)))",debate,0.010778876065098104,0.11950501835421297,6.288508044153805,1.2590010731257184,0.1967865305178922,0.4679717271125251,2,3
519,"add(add(neg(cs_rank(ts_std_20(returns))), neg(cs_rank(ts_returns_5(close)))), add(cs_rank(cs_roa), add(neg(cs_rank(cs_accruals)), cs_rank(dollar_volume))))",debate,0.01758687527665411,0.11960489116481304,6.286940970287596,0.7995030608352781,0.06810013394206046,0.3723671417062533,5,5
957,"add(sub(cs_rank(cs_roa), cs_rank(cs_accruals)), add(cs_rank(dollar_volume), sub(cs_rank(bm), cs_rank(debt_at))))",debate,0.008684612629965961,0.11918473387138545,6.2716542619912135,0.581455997902879,0.0346427540674156,0.37154110668642676,5,4
1268,"add(neg(cs_rank(cs_accruals)), add(neg(cs_rank(cs_debt_at)), cs_rank(cs_roa)))",debate,0.008790800247544474,0.11898586152471571,6.2611893428688585,0.667223389180499,0.005014322601573298,0.37388163989511203,3,4
1416,"add(neg(cs_rank(cs_accruals)), add(cs_rank(cs_roa), neg(cs_rank(cs_debt_at))))",debate,0.008790800247544474,0.11898586152471571,6.2611893428688585,0.667223389180499,0.005014322601573298,0.37388163989511203,3,4
996,"add(neg(cs_rank(cs_debt_at)), add(neg(cs_rank(cs_accruals)), cs_rank(cs_roa)))",debate,0.00879079644686028,0.11898585692989334,6.261189101083385,0.6672213303952826,0.005014320767102424,0.37388163989511203,3,4
1113,"add(add(neg(cs_rank(cs_accruals)), cs_rank(cs_roa)), neg(cs_rank(cs_debt_at)))",debate,0.00879079644686028,0.11898585692989334,6.261189101083385,0.6672213303952826,0.005014320767102424,0.37388163989511203,3,4
116,"sub(add(cs_rank(neg(cs_accruals)), cs_rank(cs_roa)), cs_rank(cs_debt_at))",debate,0.008790706590836313,0.11898470023327194,6.2611282342168,0.667207837146265,0.005014332479687931,0.37388163989511203,3,4
834,"add(add(cs_rank(cs_accruals), cs_rank(cs_debt_at)), neg(cs_rank(cs_roa)))",debate,-0.008790711927836014,-0.1189846239716734,-6.261124221233225,-0.6672154996621126,0.005014392307360237,0.37388163989511203,3,3
1227,"sub(cs_rank(cs_roa), add(cs_rank(cs_accruals), cs_rank(cs_debt_at)))",debate,0.008790711927836014,0.1189846239716734,6.261124221233225,0.6672154996621126,0.005014337261589907,0.37388163989511203,3,3
1420,"sub(cs_rank(cs_roa), add(cs_rank(cs_debt_at), cs_rank(cs_accruals)))",debate,0.008790711927836014,0.1189846239716734,6.261124221233225,0.6672154996621126,0.005014337261589907,0.37388163989511203,3,3
1306,"add(add(cs_rank(cs_bm), cs_rank(cs_roa)), add(neg(cs_rank(cs_accruals)), cs_rank(dollar_volume)))",debate,0.01074995596258993,0.11809302276485524,6.2142070169311046,0.7893891368972269,0.04000938092227418,0.37357086520495064,4,4
428,"mul(neg(cs_rank(market_cap)), cs_rank(cs_roa))",debate,-0.016491069571988932,-0.11804219123879058,-6.211532196534803,-0.3043083410648564,0.00448091574465542,0.4379286438121051,2,3
1173,"sub(cs_rank(add(cs_roa, cs_roe)), cs_rank(cs_asset_growth))",debate,0.008619456490116821,0.1177922723085481,6.198381140412976,0.8761774001377496,0.0037854387215673197,0.4358798015776677,3,3
754,"add(add(cs_rank(cs_roe), cs_rank(cs_gp_at)), add(neg(cs_rank(cs_debt_at)), neg(cs_rank(cs_accruals))))",debate,0.010781832660722286,0.11712977239534492,6.1635195413704915,0.9653150497884572,0.004330052709724356,0.37388163989511203,4,4
1109,"add(add(neg(cs_rank(ts_std_20(returns))), neg(cs_rank(ts_std_20(sub(high, low))))), add(cs_rank(cs_roa), add(cs_rank(cs_gp_at), add(neg(cs_rank(cs_accruals)), cs_rank(dollar_volume)))))",debate,0.016923273856972437,0.11671414848504082,6.1383209703405734,0.7248398320009608,0.03254426215860007,0.3736069793255718,7,6
835,"add(sub(cs_rank(cs_roa), cs_rank(cs_accruals)), cs_rank(neg(debt_at)))",debate,0.008555887211109366,0.1164856273151726,6.1296237972917,0.6253400829162281,0.0051601520647384345,0.37362473442835215,3,3
793,"add(add(neg(cs_rank(cs_accruals)), cs_rank(cs_roa)), neg(cs_rank(debt_at)))",debate,0.008555795932924095,0.11648436141856396,6.129557184181086,0.6253261902225068,0.005160152148374178,0.37362473442835215,3,4
659,"add(cs_rank(neg(cs_accruals)), cs_rank(cs_opmargin))",debate,0.00949619641505763,0.11611755537663429,6.110255377637013,0.7677873654543295,0.006018311285245623,0.3728683912065136,2,3
535,"add(neg(cs_rank(cs_accruals)), cs_rank(cs_opmargin))",debate,0.009496190872283008,0.11611742912911692,6.110248734329983,0.7677904041976963,0.006018337058987415,0.3728683912065136,2,3
1005,"add(cs_rank(cs_opmargin), neg(cs_rank(cs_accruals)))",debate,0.009496190872283008,0.11611742912911692,6.110248734329983,0.7677904041976963,0.006018337058987415,0.3728683912065136,2,3
727,"add(add(add(cs_rank(cs_roa), cs_rank(cs_gp_at)), add(neg(cs_rank(debt_at)), neg(cs_rank(cs_accruals)))), neg(cs_rank(cs_asset_growth)))",debate,0.009454365809178307,0.11551770900797469,6.078690688835478,0.7768196001093991,0.004302600630254877,0.3722705152965646,5,5
91,"cs_rank(add(add(ts_returns_20(close), cs_rank(dollar_volume)), cs_rank(cs_roe)))",debate,0.013500351517241922,0.11576602027198157,6.0686133460236285,0.3759780904331619,0.04460853431937301,0.4315113215956402,3,4
922,"add(add(add(cs_rank(cs_ep), cs_rank(cs_gp_at)), add(cs_rank(cs_roa), cs_rank(curr_ratio))), add(neg(cs_rank(cs_debt_at)), add(neg(cs_rank(cs_accruals)), neg(cs_rank(cs_asset_growth)))))",debate,0.009536629041955052,0.11513506467630764,6.0585554510783,0.9487851448418475,0.004322265833478758,0.3722615773536684,7,5
1237,"sub(add(add(add(cs_rank(cs_roa), cs_rank(cs_roe)), cs_rank(curr_ratio)), cs_rank(neg(cs_accruals))), add(cs_rank(debt_at), cs_rank(ts_std_20(returns))))",debate,0.011777055150357736,0.11511578657655462,6.054258681848515,0.4981060691715406,0.012457858790305582,0.37335031542483615,6,5
221,"add(add(neg(cs_rank(cs_accruals)), neg(cs_rank(curr_ratio))), cs_rank(cs_roa))",debate,0.011649766925033465,0.11480500899405345,6.041187495812001,0.6591303223474876,0.005662884045366473,0.37361700431557704,3,4
512,"add(add(add(cs_rank(cs_roe), cs_rank(cs_roa)), add(cs_rank(cs_bm), cs_rank(cs_ep))), add(neg(cs_rank(cs_debt_at)), add(neg(cs_rank(cs_accruals)), cs_rank(cs_current_ratio))))",debate,0.008400395826875004,0.11445970232244985,6.02301701383573,0.870671436152626,0.004548178285870068,0.37357086520495064,7,5
507,"add(add(add(cs_rank(cs_roe), cs_rank(cs_roa)), add(cs_rank(cs_bm), cs_rank(cs_ep))), add(add(neg(cs_rank(cs_debt_at)), neg(cs_rank(cs_accruals))), cs_rank(cs_current_ratio)))",debate,0.008400390279191434,0.11445962977860429,6.023013196485106,0.8706710395288908,0.004548175134425592,0.37357086520495064,7,5
1387,"add(add(cs_rank(roe), neg(cs_rank(accrual))), cs_rank(dollar_volume))",debate,0.013601419367477203,0.11380472770674593,5.988551405643759,0.8561483487993661,0.038198305914206095,0.43464950581630596,3,4
509,"add(neg(cs_rank(returns)), add(cs_rank(cs_roe), add(cs_rank(cs_bm), add(neg(cs_rank(cs_debt_at)), neg(cs_rank(cs_accruals))))))",debate,0.009333731176864202,0.11349463461579222,5.9722339076528455,1.143684659794221,0.16222871244154846,0.3735692950257932,5,6
937,"sub(add(add(cs_rank(roa), cs_rank(roe)), add(cs_rank(cs_roa), cs_rank(cs_bm))), add(cs_rank(accrual), cs_rank(debt_at)))",debate,0.009403426141380464,0.11348235065776571,5.9715875099540074,0.39369882221538094,0.002507735159462293,0.43440938918822947,6,4
418,"sub(sub(neg(cs_rank(market_cap)), cs_rank(dollar_volume)), cs_rank(cs_roa))",debate,-0.016094512760050684,-0.11342183564147075,-5.968403131824923,-0.5040225196884919,0.028805266003214258,0.4379286438121051,3,4
865,"sub(add(cs_rank(neg(cs_asset_growth)), cs_rank(cs_roa)), add(cs_rank(cs_accruals), cs_rank(cs_debt_at)))",debate,0.007255627280340409,0.11332865232577083,5.9634997056891015,0.597301439774879,0.004952912609128865,0.37232474686900235,4,4
1328,"sub(sub(cs_rank(cs_roa), cs_rank(cs_asset_growth)), add(cs_rank(cs_accruals), cs_rank(cs_debt_at)))",debate,0.00725559512618482,0.11332809105067056,5.96347017067014,0.597293645400491,0.004952903640680123,0.37232474686900235,4,3
673,"cs_rank(sub(ts_returns_5(close), cs_rank(ts_rank_5(volume))))",debate,-0.007013477456845188,-0.11331204699026003,-5.956162358515638,-1.4659087429536832,0.2893769500443644,0.4659977703455964,2,4
672,"cs_rank(sub(ts_returns_5(close), ts_rank_5(volume)))",debate,-0.0070505952727110965,-0.11328493378401247,-5.954737173261644,-1.4442587198384367,0.2893803135800376,0.4659977703455964,2,3
677,"cs_rank(sub(ts_rank_5(volume), ts_returns_5(close)))",debate,0.0070505952727110965,0.11328493378401247,5.954737173261644,1.4442587198384367,0.2893803115689423,0.4659977703455964,2,3
1167,"add(add(cs_rank(neg(ts_std_60(returns))), cs_rank(cs_roa)), add(cs_rank(neg(cs_accruals)), cs_rank(neg(ts_returns_5(close)))))",debate,0.01576495817433653,0.11321217998609945,5.950912924701331,0.7293814985272339,0.06907329656936076,0.3723671417062533,4,5
961,"sub(add(cs_rank(cs_roa), cs_rank(cs_roe)), add(cs_rank(cs_accruals), add(cs_rank(cs_leverage), neg(cs_rank(cs_bm)))))",debate,0.007532460048853157,0.11288638813861263,5.94022719431772,0.6153565343986167,0.004889524967309545,0.37357086520495064,5,5
626,"sub(cs_rank(cs_roa), cs_rank(accrual))",debate,0.011568628991976887,0.11284875895537481,5.93824709821176,1.1855854291549168,0.00374309481403728,0.4373874151348361,2,2
600,"add(add(neg(cs_rank(cs_debt_at)), cs_rank(cs_roa)), add(neg(cs_rank(cs_accruals)), cs_rank(cs_gp_at)))",debate,0.010851064270804294,0.1127605200261437,5.9336038520626095,0.8033337791881884,0.004092802283716669,0.37388163989511203,4,4
604,"add(add(neg(cs_rank(cs_debt_at)), cs_rank(cs_roa)), add(cs_rank(cs_gp_at), neg(cs_rank(cs_accruals))))",debate,0.010851064270804294,0.1127605200261437,5.9336038520626095,0.8033337791881884,0.004092802283716669,0.37388163989511203,4,4
728,"add(add(cs_rank(cs_roa), cs_rank(cs_gp_at)), add(neg(cs_rank(cs_debt_at)), neg(cs_rank(cs_accruals))))",debate,0.010851062987772253,0.1127605073311684,5.933603184036651,0.8033335627260738,0.004092802553826733,0.37388163989511203,4,4
731,"add(add(cs_rank(cs_roa), cs_rank(cs_gp_at)), add(neg(cs_rank(cs_accruals)), neg(cs_rank(cs_debt_at))))",debate,0.010851062987772253,0.1127605073311684,5.933603184036651,0.8033335627260738,0.004092802553826733,0.37388163989511203,4,4
1217,"sub(add(cs_rank(cs_gp_at), cs_rank(cs_roa)), add(cs_rank(cs_accruals), cs_rank(cs_debt_at)))",debate,0.010851062987772253,0.1127605073311684,5.933603184036651,0.8033335627260738,0.004092802553826733,0.37388163989511203,4,3
1225,"sub(add(cs_rank(cs_roa), cs_rank(cs_gp_at)), add(cs_rank(cs_accruals), cs_rank(cs_debt_at)))",debate,0.010851062987772253,0.1127605073311684,5.933603184036651,0.8033335627260738,0.004092802553826733,0.37388163989511203,4,3
1318,"add(add(add(cs_rank(cs_bm), cs_rank(cs_ep)), cs_rank(cs_roa)), add(neg(cs_rank(ts_returns_5(close))), neg(cs_rank(cs_accruals))))",debate,0.010680815889562566,0.11244758295904198,5.910722458171465,1.1925605993004063,0.06104640504377704,0.3720927227027373,5,5
325,"mul(cs_rank(neg(ts_returns_5(close))), add(cs_rank(dollar_volume), cs_rank(cs_roa)))",debate,0.014480592176424554,0.11186551018570437,5.8801262414888,1.064316644250225,0.1179614058896966,0.4361576025055228,3,4
206,"add(add(cs_rank(cs_roa), cs_rank(cs_gp_at)), add(neg(cs_rank(debt_at)), neg(cs_rank(cs_accruals))))",debate,0.010787670031240959,0.11162904136041912,5.874063986798478,0.7852828079701091,0.0041826047167765725,0.37362473442835215,4,4
960,"add(add(cs_rank(cs_gp_at), cs_rank(cs_roa)), add(neg(cs_rank(cs_accruals)), neg(cs_rank(debt_at))))",debate,0.010787670031240959,0.11162904136041912,5.874063986798478,0.7852828079701091,0.0041826047167765725,0.37362473442835215,4,4
758,"add(add(add(cs_rank(cs_roe), cs_rank(cs_roa)), add(cs_rank(cs_gp_at), neg(cs_rank(cs_debt_at)))), add(add(neg(cs_rank(cs_accruals)), neg(cs_rank(cs_asset_growth))), cs_rank(curr_ratio)))",debate,0.009650974572163646,0.11151337228506836,5.867977331017654,0.9015852679424079,0.003994051720699079,0.3722705152965646,7,5
168,"add(add(cs_rank(cs_bm), cs_rank(cs_roa)), add(cs_rank(cs_opmargin), add(cs_rank(neg(cs_accruals)), add(cs_rank(neg(cs_debt_at)), cs_rank(neg(ts_rank_20(ts_returns_20(close))))))))",debate,0.008238757093608759,0.11186381240044248,5.8640542645889875,0.7083390803934639,0.05361830246924489,0.36728531725469876,6,8
1023,"sub(add(cs_rank(cs_roa), cs_rank(roe)), add(cs_rank(cs_debt_at), cs_rank(pe_op_dil)))",debate,0.00876946476214458,0.11139162845748107,5.861571013947023,0.428183695223993,0.003038988504978839,0.43066366641664583,4,3
1000,"add(add(cs_rank(cs_roa), cs_rank(cs_roe)), add(cs_rank(cs_cash_at), neg(add(cs_rank(cs_debt_at), cs_rank(cs_accruals)))))",debate,0.010041826060288379,0.11128761516543234,5.856097700501652,0.8611866942197699,0.0041557756798838415,0.37388163989511203,5,5
1381,"add(add(cs_rank(cs_roa), cs_rank(cs_roe)), add(cs_rank(bm), add(neg(cs_rank(pe_op_dil)), neg(cs_rank(accrual)))))",debate,0.00840781983520934,0.11128173145013386,5.855788091821669,1.0858966293294334,0.004844771240198763,0.4313550283779687,5,5
173,"add(add(add(cs_rank(cs_roa), cs_rank(cs_opmargin)), add(cs_rank(cs_bm), cs_rank(neg(cs_accruals)))), cs_rank(neg(cs_debt_at)))",debate,0.007746696289483867,0.1106480631435429,5.822443649067713,0.42260822638817347,0.004654961745995695,0.3725677622893695,5,5
688,"add(sub(cs_rank(cs_asset_growth), cs_rank(cs_roa)), sub(cs_rank(cs_bm), cs_rank(cs_debt_at)))",debate,-0.012046215020316596,-0.11055265566882458,-5.817423184818586,-1.1534584825612777,0.0025178090865004823,0.43583124680679913,4,3
518,"add(add(cs_rank(neg(ts_std_20(returns))), cs_rank(cs_roa)), sub(cs_rank(cs_current_ratio), cs_rank(cs_accruals)))",debate,0.012766035248282006,0.10943516655557513,5.755499110263378,0.5292123146976957,0.017489494111624218,0.3736069793255718,4,5
166,"add(add(add(cs_rank(cs_roa), cs_rank(cs_gp_at)), add(cs_rank(cs_bm), cs_rank(neg(pe_op_dil)))), cs_rank(neg(cs_accruals)))",debate,0.008209231166468864,0.1092284335172131,5.747740908983332,1.3846116452655495,0.005817371666246134,0.3695975872385501,5,5
775,"add(add(add(cs_rank(cs_roe), cs_rank(cs_roa)), add(cs_rank(bm), cs_rank(cs_cash_at))), add(add(neg(cs_rank(accrual)), neg(cs_rank(debt_at))), neg(cs_rank(cs_asset_growth))))",debate,0.0066887949646797585,0.10892401392178609,5.7317219576371485,1.0085100834506815,0.003911728848589901,0.4338101846651472,7,5
142,"sub(add(cs_rank(neg(cs_accruals)), cs_rank(cs_roa)), cs_rank(cs_leverage))",debate,0.0072780760512436505,0.108702371920331,5.720058869942023,0.617755175139932,0.005088051024677488,0.37388163989511203,3,4
1130,"add(add(cs_rank(neg(cs_accruals)), cs_rank(cs_roa)), neg(cs_rank(cs_leverage)))",debate,0.0072780760512436505,0.108702371920331,5.720058869942023,0.617755175139932,0.005088051024677488,0.37388163989511203,3,4
264,"add(add(neg(cs_rank(ts_std_20(returns))), cs_rank(dollar_volume)), cs_rank(neg(returns)))",debate,0.01780355483372477,0.10852167066746463,5.707455826401977,0.4834365704157547,0.18737814236104913,0.4676264084809,3,5
847,"add(add(cs_rank(cs_gp_at), cs_rank(cs_roe)), add(neg(cs_rank(cs_debt_at)), neg(cs_rank(cs_asset_growth))))",debate,0.008961365147455574,0.10836005496432997,5.702045710652912,0.7013110377138121,0.0030171121554654246,0.4084981719491117,4,4
249,"add(cs_rank(neg(market_cap)), cs_rank(abs_val(returns)))",debate,-0.016661000384300486,-0.10822997281258599,-5.6952006202214935,-0.3285794464517463,0.19770393493346247,0.46796592952794375,2,3
1118,"add(add(cs_rank(cs_roa), cs_rank(cs_current_ratio)), neg(cs_rank(cs_accruals)))",debate,0.008211287923182436,0.10808200415298859,5.6874143187006405,1.1881405431077983,0.005050341025417048,0.37388163989511203,3,3
11,"add(add(cs_rank(cs_roa), cs_rank(cs_opmargin)), add(cs_rank(cs_cash_at), add(neg(cs_rank(cs_accruals)), neg(cs_rank(cs_debt_at)))))",debate,0.009898535482476834,0.10800608440541536,5.683419323763196,0.652462973380267,0.0040551812326471955,0.3728683912065136,5,5
1007,"add(sub(add(cs_rank(cs_roa), cs_rank(cs_gp_at)), cs_rank(cs_accruals)), cs_rank(cs_cash_at))",debate,0.011508202920406767,0.1078225939278764,5.673763818413543,1.0757619806786072,0.0040775177141245,0.37388163989511203,4,4
338,"sub(add(add(cs_rank(cs_roe), cs_rank(cs_roa)), add(cs_rank(cs_bm), cs_rank(cs_accruals))), add(cs_rank(cs_asset_growth), cs_rank(ts_rank_20(abs_val(returns)))))",debate,0.008859778866929072,0.10725846675934075,5.6440787199455675,0.42982830896490054,0.1305795389132183,0.37229974478549543,6,5
1035,"add(add(cs_rank(roe), cs_rank(bm)), add(neg(cs_rank(accrual)), neg(cs_rank(returns))))",debate,0.011889234755388977,0.10724663829157197,5.643456290730975,1.0174065884255643,0.22818118977329307,0.4345013050604459,4,4
792,"add(add(cs_rank(neg(cs_accruals)), cs_rank(cs_roa)), cs_rank(cs_cash_at))",debate,0.009583166238613931,0.10710548287011128,5.636028510579513,1.1119081823269161,0.005079271483110054,0.37388163989511203,3,4
202,"sub(add(cs_rank(cs_roa), cs_rank(cs_cash_at)), cs_rank(cs_accruals))",debate,0.009583151300132436,0.10710526278286901,5.63601692930525,1.1119178755361576,0.0050793154058978544,0.37388163989511203,3,3
222,"add(neg(cs_rank(cs_accruals)), add(cs_rank(cs_roa), cs_rank(cs_cash_at)))",debate,0.009583151300132436,0.10710526278286901,5.63601692930525,1.1119178755361576,0.0050793154058978544,0.37388163989511203,3,3
266,"add(add(neg(cs_rank(ts_std_20(returns))), cs_rank(cs_roa)), add(cs_rank(dollar_volume), neg(cs_rank(cs_accruals))))",debate,0.01721271349568894,0.10680620911007561,5.617234942402778,0.4708148438512828,0.03504973149375833,0.3736069793255718,4,5
269,"add(add(cs_rank(dollar_volume), cs_rank(cs_roa)), add(neg(cs_rank(cs_accruals)), neg(cs_rank(ts_std_20(returns)))))",debate,0.01721271349568894,0.10680620911007561,5.617234942402778,0.4708148438512828,0.03504973149375833,0.3736069793255718,4,5
558,"add(add(cs_rank(neg(ts_std_20(returns))), cs_rank(neg(cs_accruals))), add(cs_rank(dollar_volume), cs_rank(cs_roa)))",debate,0.01721271349568894,0.10680620911007561,5.617234942402778,0.4708148438512828,0.03504973149375833,0.3736069793255718,4,5
485,"sub(add(add(cs_rank(cs_roe), cs_rank(cs_bm)), cs_rank(cs_gp_at)), add(cs_rank(cs_debt_at), cs_rank(cs_accruals)))",debate,0.007708721241725181,0.10604580114864927,5.580266693030522,0.9465776341228451,0.004691547050018998,0.37357086520495064,5,4
133,"add(neg(cs_rank(ts_returns_5(close))), add(cs_rank(dollar_volume), neg(cs_rank(safe_div(sub(high, low), close)))))",debate,0.015743723000723745,0.10609983267491872,5.5770577481269825,0.8183490157138984,0.14580664531922177,0.4659977703455964,5,6
616,"add(add(cs_rank(cs_bm), cs_rank(cs_roa)), add(neg(cs_rank(cs_accruals)), add(neg(cs_rank(cs_asset_growth)), cs_rank(cs_gp_at))))",debate,0.008411221357004518,0.10557028580704028,5.555244463068902,0.9195899147564008,0.00509617055235456,0.3723005902665802,5,5
413,"mul(cs_rank(dollar_volume), cs_rank(neg(ts_std_5(returns))))",debate,0.01688799833589907,0.10552093539155356,5.549638830693643,0.4944570838571254,0.08505076096277991,0.467566500106893,2,4
577,"mul(cs_rank(add(ts_returns_20(close), ts_delta_5(volume))), cs_rank(dollar_volume))",debate,0.00884717766076987,0.10581035023346486,5.546723486439567,0.6796975129685925,0.1926190632817855,0.46084432156786015,3,4
80,"sub(sub(cs_rank(cs_gp_at), cs_rank(cs_asset_growth)), cs_rank(cs_accruals))",debate,0.006827366499583818,0.10511922073303892,5.531508837692176,1.3250964557214764,0.00538321678380021,0.37232474686900235,3,3
1175,"sub(cs_rank(cs_asset_growth), add(cs_rank(cs_roa), cs_rank(cs_cash_at)))",debate,-0.00853995454727225,-0.10511731345898953,-5.531408474474236,-1.071740715323934,0.003100246808879891,0.435883425068031,3,3
1414,"add(neg(cs_rank(cs_asset_growth)), mul(cs_rank(cs_gp_at), cs_rank(cs_roa)))",debate,0.007446282835603352,0.10505956073187604,5.528369451561002,0.8104771502047536,0.0032766436194160407,0.408501795439475,3,3
1417,"add(neg(cs_rank(cs_asset_growth)), add(cs_rank(cs_roa), add(cs_rank(cs_gp_at), neg(cs_rank(cs_debt_at)))))",debate,0.009139136422626733,0.10505590724282349,5.528177200259654,0.569880688155624,0.002814930394175833,0.408501795439475,4,5
557,"add(add(cs_rank(neg(ts_std_20(returns))), cs_rank(neg(cs_accruals))), add(cs_rank(dollar_volume), cs_rank(add(cs_roa, cs_roe))))",debate,0.016370634802240408,0.10479709035869518,5.511569811623166,0.5048181972881318,0.03479882985409149,0.3736069793255718,5,5
533,"sub(sub(neg(cs_rank(cs_asset_growth)), cs_rank(cs_roa)), cs_rank(cs_debt_at))",debate,-0.010227536393715174,-0.10469544658228373,-5.509209295860136,-0.9121614446682159,0.0030976422283567357,0.435883425068031,3,4
532,"sub(neg(cs_rank(cs_asset_growth)), add(cs_rank(cs_roa), cs_rank(cs_debt_at)))",debate,-0.010227376288013292,-0.10469370793996656,-5.509117806261222,-0.9121595254917803,0.0030976961499784975,0.435883425068031,3,3
1089,"add(cs_rank(ts_returns_5(volume)), cs_rank(dollar_volume))",debate,0.009327215619776227,0.1047942683644778,5.508431744016952,0.9406970518395101,0.19655412565089314,0.4659977703455964,2,3
783,"add(sub(cs_rank(neg(log_abs(market_cap))), cs_rank(dollar_volume)), cs_rank(ts_returns_20(close)))",debate,-0.013650884076663379,-0.10506975153975485,-5.507900288525905,-0.951899609358873,0.04454607140955861,0.4610503773865213,3,5
508,"add(add(add(cs_rank(cs_roe), cs_rank(cs_opmargin)), add(cs_rank(cs_bm), cs_rank(cs_ep))), add(add(neg(cs_rank(cs_debt_at)), neg(cs_rank(cs_accruals))), add(cs_rank(cs_cash_at), cs_rank(cs_current_ratio))))",debate,0.007308095254171973,0.10446437154742856,5.49704982979334,0.9681921586694037,0.0042717361998787185,0.3725677622893695,8,5
488,"sub(add(add(cs_rank(cs_roe), cs_rank(cs_current_ratio)), add(cs_rank(bm), cs_rank(cs_roa))), add(cs_rank(cs_debt_at), cs_rank(cs_accruals)))",debate,0.007284337114763659,0.10438594748236779,5.492923054442969,0.8665434325877003,0.004614264497816228,0.37155523829884374,6,4
347,"sub(add(cs_rank(cs_roa), cs_rank(cs_debt_at)), cs_rank(cs_asset_growth))",debate,0.0098372682081508,0.10421607021171778,5.48398389357999,1.163450361963492,0.0030101555747636777,0.435883425068031,3,3
537,"add(add(neg(cs_rank(ts_returns_5(close))), neg(cs_rank(ts_std_5(returns)))), neg(cs_rank(ts_returns_1(close))))",debate,0.014128620992229123,0.10427937215471282,5.48136661277448,1.0649810136545559,0.22364392252653367,0.46589172286096303,3,5
622,"mul(cs_rank(neg(ts_returns_5(close))), add(cs_rank(safe_div(ask, bid)), neg(cs_rank(dollar_volume))))",debate,-0.011682745641324984,-0.10391380177238767,-5.462150681120007,-0.3624774327947533,0.11013746924412797,0.46599704564752376,4,4
1368,"add(add(neg(cs_rank(pe_op_dil)), cs_rank(cs_roe)), add(neg(cs_rank(cs_debt_at)), neg(cs_rank(cs_accruals))))",debate,0.005933034598379102,0.10379227453419354,5.4616832189816265,1.4669961857209854,0.005767145166046516,0.36974639190947073,4,4
1429,"add(cs_rank(cs_bm), neg(cs_rank(cs_roa)))",debate,-0.014036239359551339,-0.10309246643911403,-5.424858415338422,-0.7664862937455756,0.002412137858386133,0.4373650702775956,2,3
1266,"mul(neg(cs_rank(market_cap)), add(cs_rank(dollar_volume), cs_rank(cs_roa)))",debate,-0.015088672220130642,-0.10286012166056939,-5.412632133722663,-0.2933070115995247,0.019346485782740674,0.4379286438121051,3,3
414,"mul(cs_rank(dollar_volume), cs_rank(neg(abs_val(ts_returns_5(close)))))",debate,0.013344879200981503,0.10286328174496273,5.406930887546309,0.39309438435444694,0.13635063376172712,0.4659977703455964,2,5
350,"sub(add(cs_rank(cs_roa), cs_rank(cs_current_ratio)), add(cs_rank(cs_asset_growth), cs_rank(cs_accruals)))",debate,0.0065146482100628825,0.10248814760973035,5.393058379890966,1.1284119798044174,0.004941751756142521,0.37232474686900235,4,3
743,"sub(add(cs_rank(cs_roa), cs_rank(cs_current_ratio)), add(cs_rank(cs_accruals), cs_rank(cs_asset_growth)))",debate,0.0065146482100628825,0.10248814760973035,5.393058379890966,1.1284119798044174,0.004941751756142521,0.37232474686900235,4,3
345,"sub(add(cs_rank(roe), cs_rank(roa)), add(cs_rank(accrual), cs_rank(debt_at)))",debate,0.009497409264052101,0.10204250497593222,5.369608090304372,0.41806628738424784,0.001185813034140583,0.4346447952788336,4,3
726,"add(add(cs_rank(roe), cs_rank(roa)), add(neg(cs_rank(debt_at)), neg(cs_rank(accrual))))",debate,0.009497409264052101,0.10204250497593222,5.369608090304372,0.41806628738424784,0.001185813034140583,0.4346447952788336,4,4
880,"sub(add(cs_rank(roa), cs_rank(roe)), add(cs_rank(debt_at), cs_rank(accrual)))",debate,0.009497409264052101,0.10204250497593222,5.369608090304372,0.41806628738424784,0.001185813034140583,0.4346447952788336,4,3
254,"mul(neg(cs_rank(market_cap)), neg(cs_rank(ts_returns_5(returns))))",debate,0.010840461175362408,0.10199798169284588,5.361447042393613,0.568583260791069,0.22169143141850553,0.4658667207774561,2,4
501,"add(add(neg(cs_rank(ts_std_20(returns))), cs_rank(cs_roa)), add(neg(cs_rank(debt_at)), cs_rank(dollar_volume)))",debate,0.015225497624697019,0.10187824378444454,5.358059569990157,0.2514354830359035,0.03372922849632616,0.4371477816388081,4,5
1337,"add(add(neg(cs_rank(cs_asset_growth)), neg(cs_rank(cs_accruals))), add(neg(cs_rank(cs_leverage)), cs_rank(cs_roa)))",debate,0.006163583163682464,0.10167048018002561,5.350031666201837,0.5786410604753593,0.00501128457993648,0.37232474686900235,4,4
1427,"add(add(cs_rank(cs_roa), neg(cs_rank(cs_leverage))), add(neg(cs_rank(cs_accruals)), neg(cs_rank(cs_asset_growth))))",debate,0.006163583163682464,0.10167048018002561,5.350031666201837,0.5786410604753593,0.00501128457993648,0.37232474686900235,4,4
1341,"sub(cs_rank(cs_roa), add(cs_rank(cs_asset_growth), add(cs_rank(cs_accruals), cs_rank(cs_leverage))))",debate,0.00616356555221757,0.1016701233824178,5.350012891051992,0.5786375164957823,0.0050112848996226745,0.37232474686900235,4,4
145,"sub(add(cs_rank(neg(cs_accruals)), cs_rank(cs_roa)), add(cs_rank(cs_leverage), cs_rank(cs_asset_growth)))",debate,0.006163550247148569,0.10166989037760692,5.350000630038624,0.5786350277375926,0.005011288149522137,0.37232474686900235,4,4
886,"add(add(cs_rank(dollar_volume), neg(cs_rank(abs_val(sub(ask, bid))))), cs_rank(ts_rank_10(volume)))",debate,0.008014735544705547,0.10136048473629479,5.333719306533607,1.136196080104675,0.21569873235365603,0.4679710024144524,4,6
1077,"add(add(cs_rank(neg(cs_accruals)), cs_rank(neg(cs_roa))), add(cs_rank(neg(debt_at)), cs_rank(cs_bm)))",debate,-0.008695750548571458,-0.1011060373550237,-5.320329957483892,-0.4313028269932253,0.004709681094067199,0.37345177315500927,4,4
1011,"add(add(add(cs_rank(neg(ts_std_20(returns))), cs_rank(neg(ts_std_20(high)))), cs_rank(dollar_volume)), add(add(cs_rank(cs_roa), cs_rank(curr_ratio)), add(cs_rank(neg(cs_debt_at)), cs_rank(neg(cs_accruals)))))",debate,0.011606933408246119,0.10113999438916307,5.319232985525307,0.4077175744399282,0.031720395595527855,0.37335031542483615,7,6
853,"add(add(neg(cs_rank(ts_returns_5(close))), cs_rank(dollar_volume)), neg(cs_rank(ts_std_5(returns))))",debate,0.01501090053166776,0.1008706699081787,5.302190747970453,0.8343207321713296,0.10811565516790372,0.4659849673463127,3,5
858,"add(add(neg(cs_rank(ts_returns_5(close))), neg(cs_rank(ts_std_5(returns)))), cs_rank(dollar_volume))",debate,0.015010785812036697,0.10086981825139,5.302145981273162,0.8342989188990293,0.10811559420782837,0.4659849673463127,3,5
619,"add(neg(cs_rank(ts_returns_5(close))), add(cs_rank(dollar_volume), neg(cs_rank(ts_std_5(returns)))))",debate,0.015010756710029768,0.10086974829615916,5.30214230412917,0.8342983575418872,0.10811562705692213,0.4659849673463127,3,5
344,"sub(sub(cs_rank(neg(ts_returns_5(close))), cs_rank(ts_std_5(returns))), neg(cs_rank(dollar_volume)))",debate,0.01501051471942533,0.10086817740706983,5.302059731528005,0.8342891113043767,0.10811558028321097,0.4659849673463127,3,5
1149,"add(add(cs_rank(cs_bm), cs_rank(cs_gp_at)), add(cs_rank(cs_roa), add(neg(cs_rank(cs_debt_at)), neg(cs_rank(cs_accruals)))))",debate,0.007590253757996141,0.10063197493779477,5.295384182275198,0.750086526983398,0.0043905068315985415,0.37357086520495064,5,5
612,"add(add(neg(cs_rank(cs_debt_at)), add(cs_rank(cs_bm), cs_rank(cs_roa))), add(neg(cs_rank(cs_accruals)), cs_rank(cs_gp_at)))",debate,0.007590253713712378,0.10063197437267048,5.295384152537629,0.750085703259269,0.0043905070964608585,0.37357086520495064,5,4
1374,"add(add(cs_rank(cs_bm), cs_rank(cs_roa)), add(neg(cs_rank(cs_accruals)), neg(cs_rank(ts_rank_5(returns)))))",debate,0.008521181542263662,0.10051747622467172,5.28935911246277,0.5842044446403505,0.1839454665321808,0.3735692950257932,4,5
176,"add(add(cs_rank(cs_bm), cs_rank(cs_roa)), neg(cs_rank(ts_rank_20(returns))))",debate,0.010194832116783998,0.10049678814714713,5.288270479167507,0.6067210587650991,0.22897086359428837,0.43736337931542607,3,4
85,"add(sub(cs_rank(ts_returns_5(close)), cs_rank(ts_rank_5(volume))), neg(cs_rank(dollar_volume)))",debate,-0.010976143865547112,-0.1004478655787315,-5.279966357016796,-1.1641056332579764,0.20871153981562,0.4659977703455964,3,4
1065,"add(cs_rank(dollar_volume), cs_rank(neg(cs_accruals)))",debate,0.009256645516432696,0.10005589860235288,5.2650703032485,1.023365631029108,0.04874470525289384,0.37388163989511203,2,3
599,"add(cs_rank(dollar_volume), neg(cs_rank(cs_accruals)))",debate,0.009256645234308154,0.10005586451009887,5.265068509270167,1.0233647965628692,0.048744708653605584,0.37388163989511203,2,3
594,"add(add(neg(cs_rank(pe_op_dil)), cs_rank(cs_gpmargin)), add(cs_rank(cs_roa), neg(cs_rank(cs_debt_at))))",debate,0.008155261935855323,0.0997248079405568,5.247647886025169,0.7160447824520785,0.003458571218828551,0.4050470389440666,4,4
499,"add(neg(cs_rank(market_cap)), cs_rank(ts_returns_20(close)))",debate,-0.013214288159794807,-0.09982894087097874,-5.233169814991476,-0.9501431871309037,0.04777620904423887,0.4610503773865213,2,3
882,"add(add(cs_rank(roa), cs_rank(roe)), sub(add(cs_rank(bm), cs_rank(ptb)), add(cs_rank(debt_at), cs_rank(accrual))))",debate,0.009382186871689442,0.09943694948479996,5.232500403186925,0.31204561675429654,0.0015246555294606975,0.4344973192210462,6,4
391,"sub(mul(cs_rank(ts_corr_20(returns, volume)), cs_rank(ts_returns_5(close))), mul(cs_rank(ts_rank_5(volume)), cs_rank(ts_returns_5(close))))",debate,-0.005496516047409504,-0.09948374160652924,-5.22928790697814,-1.0920451926229033,0.20740228851286846,0.465997287213548,5,4
552,"add(add(cs_rank(neg(ts_std_20(returns))), cs_rank(dollar_volume)), cs_rank(add(cs_roa, neg(cs_accruals))))",debate,0.016926835433742324,0.09888920572099659,5.200857763147002,0.3896261991489621,0.03912578963517047,0.3736069793255718,4,5
1110,"add(add(add(neg(cs_rank(ts_std_20(returns))), neg(cs_rank(ts_std_20(sub(high, low))))), add(neg(cs_rank(cs_debt_at)), cs_rank(cs_cash_at))), add(cs_rank(cs_roa), cs_rank(dollar_volume)))",debate,0.012062110868787373,0.09861730924823799,5.186557973085905,0.3909646458419945,0.03189947260408068,0.43760252967940566,7,7
1252,"mul(cs_rank(dollar_volume), neg(cs_rank(ask)))",debate,-0.013658227710837167,-0.09839287669452965,-5.1775599477088425,-0.24479502035734177,0.04035910288997973,0.4679710024144524,2,3
223,"add(add(cs_rank(cs_bm), neg(cs_rank(pe_op_dil))), add(cs_rank(cs_roa), add(cs_rank(cs_roe), neg(cs_rank(cs_accruals)))))",debate,0.00802580040004821,0.09837128227735988,5.17642362165366,0.9410101467238834,0.005870242066175355,0.3695975872385501,5,5
1029,"add(add(cs_rank(ts_std_20(returns)), cs_rank(ts_returns_20(close))), neg(cs_rank(dollar_volume)))",debate,-0.015081139489643488,-0.09862728438934641,-5.1701773363294565,-0.790708538006814,0.058304564991573216,0.46104916955640024,3,4
13,"add(add(cs_rank(cs_opmargin), neg(cs_rank(cs_accruals))), cs_rank(cs_current_ratio))",debate,0.006250789719053213,0.09810391107436776,5.162354204453059,1.0128729310211024,0.00509191290828965,0.3728683912065136,3,4
106,"add(add(cs_rank(neg(ts_std_20(returns))), cs_rank(cs_roa)), cs_rank(neg(cs_accruals)))",debate,0.01514625811185885,0.09769672787198992,5.13814204373992,0.3740655557235527,0.01909767678831131,0.3736069793255718,3,5
311,"add(add(neg(cs_rank(ts_std_20(returns))), cs_rank(cs_roa)), neg(cs_rank(cs_accruals)))",debate,0.015146254302241466,0.09769670405787181,5.138140791289361,0.3740653841714085,0.019097676251501647,0.3736069793255718,3,5
671,"sub(add(add(cs_rank(cs_bm), cs_rank(cs_ep)), cs_rank(cs_roa)), add(cs_rank(cs_debt_at), cs_rank(cs_accruals)))",debate,0.00740663229571496,0.0973986943399556,5.125244791239313,0.6181914671418813,0.004998352459120127,0.37357086520495064,5,4
924,"sub(add(add(cs_rank(cs_bm), cs_rank(cs_ep)), cs_rank(cs_roa)), add(cs_rank(cs_accruals), cs_rank(cs_debt_at)))",debate,0.00740663229571496,0.0973986943399556,5.125244791239313,0.6181914671418813,0.004998352459120127,0.37357086520495064,5,4
928,"add(add(cs_rank(cs_bm), cs_rank(cs_ep)), add(cs_rank(cs_roa), add(neg(cs_rank(cs_debt_at)), neg(cs_rank(cs_accruals)))))",debate,0.007406586200851278,0.09739805290244795,5.125211037971189,0.618184171520393,0.004998351689857865,0.37357086520495064,5,5
871,"add(add(cs_rank(neg(ts_std_20(returns))), cs_rank(cs_roa)), add(cs_rank(neg(cs_accruals)), cs_rank(neg(debt_at))))",debate,0.012454386551041943,0.09742863684403794,5.1240423925819565,0.28634662598777777,0.0166338026296018,0.3733580455376112,4,5
1107,"add(add(neg(cs_rank(ts_std_20(returns))), neg(cs_rank(cs_accruals))), add(cs_rank(cs_roa), neg(cs_rank(debt_at))))",debate,0.012454385536564718,0.09742862740190877,5.12404189599418,0.2863463000301535,0.01663380205432365,0.3733580455376112,4,5
346,"add(cs_rank(dollar_volume), sub(cs_rank(roa), add(cs_rank(accrual), cs_rank(debt_at))))",debate,0.010536950955269266,0.09707624132981604,5.108276898375483,0.6197694390818425,0.03257641397960217,0.4374458741126978,4,4
613,"mul(neg(cs_rank(abs_val(sub(ask, bid)))), cs_rank(dollar_volume))",debate,-0.008661154742936314,-0.09594224886507029,-5.048604753767909,-0.7233203574100021,0.19080611336745765,0.4679710024144524,3,5
1056,"mul(cs_rank(dollar_volume), neg(cs_rank(abs_val(sub(bid, ask)))))",debate,-0.008661154742936314,-0.09594224886507029,-5.048604753767909,-0.7233203574100021,0.19080611336745765,0.4679710024144524,3,5
1259,"mul(neg(cs_rank(ts_returns_5(close))), mul(cs_rank(dollar_volume), cs_rank(cs_roa)))",debate,-0.011805394275032188,-0.09573617270338029,-5.032299771737779,0.021767845348135858,0.08666535544922865,0.4361576025055228,3,4
143,"add(sub(cs_rank(neg(cs_accruals)), cs_rank(cs_roa)), neg(cs_rank(cs_leverage)))",debate,-0.007669057094511443,-0.09556433472231264,-5.028718424645838,-0.24975411093735977,0.005590110648688809,0.37388163989511203,3,4
849,"add(cs_rank(dollar_volume), neg(cs_rank(safe_div(abs_val(sub(ask, bid)), add(ask, bid)))))",debate,0.011466207034265386,0.09552595569959585,5.02669887102035,0.25997976797318706,0.09916323183323232,0.4679710024144524,5,6
736,"mul(neg(cs_rank(market_cap)), add(cs_rank(cs_bm), cs_rank(cs_roa)))",debate,-0.01249451471033079,-0.09547942553085036,-5.024250393588344,0.0005252118739521277,0.004508585284848974,0.4373650702775956,3,3
1060,"add(cs_rank(dollar_volume), neg(cs_rank(ts_std_5(returns))))",debate,0.015973365395541717,0.09485489106921287,4.988681959703855,0.5053794569560731,0.08646429120558317,0.467566500106893,2,4
1256,"add(cs_rank(ts_std_5(returns)), cs_rank(neg(dollar_volume)))",debate,-0.01597286365513263,-0.09485190959038682,-4.988525155458285,-0.5052922418854057,0.08646418372477592,0.467566500106893,2,3
1295,"sub(cs_rank(ts_returns_20(close)), cs_rank(dollar_volume))",debate,-0.012377266028198065,-0.09511822765345825,-4.986227775920157,-1.1911280113004084,0.06878834121731303,0.4610503773865213,2,3
316,"mul(cs_rank(dollar_volume), cs_rank(add(cs_roa, neg(cs_debt_at))))",debate,0.008539337468697762,0.09416156041221664,4.95490263301921,0.24611775273346145,0.047598884841056704,0.43792562423680237,3,4
575,"add(add(cs_rank(bid), neg(cs_rank(ask))), add(neg(cs_rank(dollar_volume)), neg(cs_rank(price))))",debate,-0.012987171382592689,-0.09398678985536486,-4.945705981131454,-0.25789073865467593,0.04020367977232134,0.4679710024144524,4,4
78,"sub(cs_rank(dollar_volume), cs_rank(abs_val(ts_returns_5(close))))",debate,0.012416863602798235,0.09380096150474339,4.9305768534492245,0.4184755285842807,0.14882173184401873,0.4659977703455964,2,4
1037,"add(cs_rank(dollar_volume), neg(cs_rank(abs_val(ts_returns_5(close)))))",debate,0.012416863602798235,0.09380096150474339,4.9305768534492245,0.4184755285842807,0.14882173184401873,0.4659977703455964,2,5
971,"add(add(mul(cs_rank(dollar_volume), cs_rank(ts_returns_20(close))), neg(cs_rank(abs_val(sub(ask, bid))))), neg(cs_rank(market_cap)))",debate,-0.008826249360067998,-0.09395018429840257,-4.924997343392793,-0.5493526341701594,0.18504633626788441,0.46104965268844866,5,6
313,"add(add(neg(cs_rank(ts_std_20(returns))), add(cs_rank(cs_roa), neg(cs_rank(cs_accruals)))), neg(cs_rank(cs_leverage)))",debate,0.011568246622083627,0.09336393802730593,4.91026860158298,0.2552762068433801,0.016975234270291767,0.3736069793255718,4,5
333,"sub(add(cs_rank(dollar_volume), cs_rank(market_cap)), cs_rank(cs_accruals))",debate,0.011876174666566297,0.09320182866101234,4.9044003116874855,0.4865853043260132,0.03239601876846781,0.37388163989511203,3,3
28,"add(add(cs_rank(cs_ep), cs_rank(neg(pe_op_dil))), add(cs_rank(cs_roa), cs_rank(neg(cs_debt_at))))",debate,0.007600211152937114,0.09283741648985296,4.88522447370777,0.5870020708399613,0.004309445907440849,0.43326050117703047,4,4
542,"add(cs_rank(neg(dollar_volume)), cs_rank(neg(ts_returns_5(returns))))",debate,-0.009098668107306395,-0.09264706691300903,-4.869923253805281,-1.1727836339177493,0.2377145924620005,0.4658667207774561,2,4
1232,"sub(add(add(cs_rank(neg(ts_std_20(returns))), cs_rank(curr_ratio)), cs_rank(cs_roa)), add(cs_rank(debt_at), cs_rank(cs_accruals)))",debate,0.00936685524081979,0.09259658556013203,4.869911405801359,0.3524556711194325,0.014609509107631338,0.37335031542483615,5,6
559,"add(add(cs_rank(neg(ts_std_20(returns))), cs_rank(dollar_volume)), add(cs_rank(roe), cs_rank(neg(debt_at))))",debate,0.013832231590615442,0.0921401516404242,4.845906279282559,0.08897166103636328,0.033669938696857915,0.43436264616254255,4,5
1444,"add(add(cs_rank(neg(ts_std_20(returns))), cs_rank(neg(abs_val(ts_returns_20(close))))), add(cs_rank(dollar_volume), cs_rank(cs_roa)))",debate,0.01646429479708185,0.09240783953025584,4.84414551811492,0.1208258336104395,0.0581175207347005,0.43151144237865235,4,6
197,"add(add(cs_rank(cs_bm), cs_rank(cs_ep)), sub(cs_rank(cs_roa), add(cs_rank(cs_accruals), cs_rank(debt_at))))",debate,0.007033471430868232,0.09195509842728056,4.838795760416893,0.555089298471605,0.0050962601615900565,0.37345177315500927,5,4
203,"add(cs_rank(cs_roa), neg(cs_rank(debt_at)))",debate,0.007455572642322749,0.09183347756314347,4.832395913841446,0.15097030028062028,0.0028009761877670317,0.43745396657450925,2,3
315,"mul(cs_rank(neg(ts_returns_5(close))), cs_rank(dollar_volume))",debate,0.012068743873461471,0.09167837794846019,4.819004848384088,0.8516150017068286,0.1123749791945342,0.4659977703455964,2,4
1021,"add(add(add(cs_rank(cs_bm), cs_rank(cs_roa)), neg(cs_rank(ts_returns_20(close)))), add(neg(cs_rank(cs_debt_at)), cs_rank(dollar_volume)))",debate,0.00849528945122018,0.0918362659534621,4.814182848341737,0.9266147109505014,0.04713311228892886,0.43121371225379895,5,5
891,"add(sub(cs_rank(dollar_volume), cs_rank(cs_debt_at)), neg(cs_rank(cs_accruals)))",debate,0.007439134803722478,0.09139934026821396,4.809551050010376,0.6859923617758034,0.040760901643307396,0.37388163989511203,3,3
51,"sub(cs_rank(ts_mean_5(dollar_volume)), cs_rank(ts_std_5(returns)))",debate,0.015432755815610814,0.09135201631987373,4.804456055565928,0.4852949097226456,0.07084559274094736,0.46835654178911046,2,3
1012,"add(add(cs_rank(neg(ts_std_20(returns))), cs_rank(neg(ts_std_20(high)))), add(cs_rank(dollar_volume), cs_rank(cs_roa)))",debate,0.01541214179765872,0.09134669406503247,4.8041761434136685,0.2590478215053265,0.03798137375966441,0.4376053076886842,4,5
1136,"add(add(neg(cs_rank(dollar_volume)), neg(cs_rank(bid))), neg(cs_rank(market_cap)))",debate,-0.013298166997895381,-0.09125341848730369,-4.801872457883378,-0.188243852042479,0.02658262800266179,0.4679710024144524,3,4
687,"sub(cs_rank(ts_returns_5(close)), add(cs_rank(ts_returns_5(volume)), cs_rank(log_abs(dollar_volume))))",debate,-0.009903035580744105,-0.0909570700064301,-4.781089839986196,-1.0338504807690883,0.1847597555975412,0.4659977703455964,3,4
318,"add(add(neg(cs_rank(ts_std_20(returns))), neg(cs_rank(ts_std_5(returns)))), add(cs_rank(cs_roa), neg(cs_rank(cs_accruals))))",debate,0.01653052044815741,0.09082601545348622,4.7767922102611955,0.34149182695767377,0.050681197929198896,0.3735700197238659,4,5
74,"mul(neg(cs_rank(market_cap)), neg(cs_rank(dollar_volume)))",debate,0.012249340148635077,0.09072059622528088,4.773834663931468,0.2640256186097408,0.03334169203340214,0.4679717271125251,2,3
495,"mul(neg(cs_rank(market_cap)), cs_rank(dollar_volume))",debate,-0.012249340148635077,-0.09072059622528088,-4.773834663931468,-0.2640256186097408,0.03334171825382394,0.4679717271125251,2,3
737,"mul(cs_rank(dollar_volume), neg(cs_rank(market_cap)))",debate,-0.012249340148635077,-0.09072059622528088,-4.773834663931468,-0.2640256186097408,0.03334171825382394,0.4679717271125251,2,3
1267,"mul(neg(cs_rank(market_cap)), add(cs_rank(dollar_volume), cs_rank(dollar_volume)))",debate,-0.012249340148635077,-0.09072059622528088,-4.773834663931468,-0.2640256186097408,0.03334171825382394,0.4679717271125251,3,3
586,"add(cs_rank(dollar_volume), neg(cs_rank(add(abs_val(sub(ask, bid)), cs_accruals))))",debate,0.008262441302952613,0.09037963490164276,4.75589283976398,1.0412600718583946,0.08136127845089064,0.3738812775460757,4,6
572,"add(add(cs_rank(bid), neg(cs_rank(ask))), neg(cs_rank(dollar_volume)))",debate,-0.010973183517604602,-0.09026407972454421,-4.749812177455943,-0.644761584453004,0.065343630016858,0.4679710024144524,3,4
257,"add(cs_rank(neg(cs_asset_growth)), cs_rank(cs_gp_at))",debate,0.006494539426204255,0.09025875599492471,4.74953203594391,1.0289052975155726,0.002769591294009417,0.408501795439475,2,3
245,cs_rank(dollar_volume),debate,0.010970854749403968,0.09024744799818474,4.748936994585465,0.6443509904072272,0.06532822206158999,0.4679717271125251,1,1
359,neg(cs_rank(dollar_volume)),debate,-0.010970854749403968,-0.09024744799818474,-4.748936994585465,-0.6443509904072272,0.06532823330965387,0.4679717271125251,1,2
661,cs_rank(neg(dollar_volume)),debate,-0.010970854749403968,-0.09024744799818474,-4.748936994585465,-0.6443509904072272,0.06532823330965387,0.4679717271125251,1,2
744,neg(cs_rank(log_abs(dollar_volume))),debate,-0.010970854749403968,-0.09024744799818474,-4.748936994585465,-0.6443509904072272,0.06532823330965387,0.4679717271125251,1,3
894,"sub(add(cs_rank(ask), neg(cs_rank(bid))), cs_rank(dollar_volume))",debate,-0.010969829512018928,-0.09023934744261362,-4.748510732914009,-0.6441137100888129,0.06532188566783051,0.4679710024144524,3,4
351,"sub(cs_rank(cs_roa), add(cs_rank(cs_asset_growth), cs_rank(cs_leverage)))",debate,0.0076007895773576055,0.09023722935359124,4.748399276340562,0.6912580492219341,0.002957165521942302,0.435883425068031,3,3
1325,"sub(add(cs_rank(cs_roa), neg(cs_rank(cs_leverage))), cs_rank(cs_asset_growth))",debate,0.0076007790892112445,0.09023688465974328,4.748381138106155,0.6912894274887733,0.002956674513093992,0.435883425068031,3,4
902,"cs_rank(add(neg(dollar_volume), neg(ts_mean_5(abs_val(returns)))))",debate,-0.010961427960986356,-0.09017104265983038,-4.744916447235449,-0.6422264539587709,0.06532577563296675,0.46796592952794375,2,5
1386,"add(add(add(cs_rank(roe), cs_rank(roa)), add(cs_rank(gpm), cs_rank(npm))), add(add(neg(cs_rank(accrual)), neg(cs_rank(debt_at))), neg(cs_rank(cs_asset_growth))))",debate,0.007397507815219448,0.0900933855600727,4.740830030587535,0.038231845399832126,0.0019639601473576455,0.43187801882040894,7,5
1203,"add(add(cs_rank(neg(cs_debt_at)), cs_rank(curr_ratio)), add(cs_rank(cs_roa), cs_rank(cs_roe)))",debate,0.0078892532039074,0.09006361882032272,4.73926366638841,0.5199501852678068,0.0032573377807918634,0.3753711360004638,4,4
859,"mul(cs_rank(dollar_volume), cs_rank(add(add(cs_rank(ts_returns_20(close)), cs_rank(ts_max_20(close))), add(cs_rank(ts_rank_20(volume)), cs_rank(ts_returns_5(volume))))))",debate,0.010490213840320896,0.0904069515837368,4.739256231365532,0.29184244896668193,0.1572827897437779,0.46084432156786015,5,6
473,"add(add(neg(cs_rank(ts_returns_5(close))), neg(cs_rank(abs_val(ts_returns_1(close))))), neg(cs_rank(cs_leverage)))",debate,0.009964495366576573,0.09011743305662204,4.736954956466746,1.0181707711260557,0.19643535040227275,0.43609612395235836,3,6
1269,"add(add(neg(cs_rank(pe_op_dil)), cs_rank(bm)), add(neg(cs_rank(cs_roa)), neg(cs_rank(debt_at))))",debate,-0.011665010343852263,-0.08995673103767288,-4.733639093543919,-0.6875062237323775,0.0027414197809351067,0.4314026168847404,4,4
679,"cs_rank(add(dollar_volume, market_cap))",debate,0.011194983303573698,0.08991758523988923,4.731579191226449,0.6009136807800407,0.05988211207832943,0.4679717271125251,2,2
62,"add(add(cs_rank(cs_roa), neg(cs_rank(cs_asset_growth))), neg(cs_rank(ts_returns_5(returns))))",debate,0.006537105899037682,0.09000704360369977,4.731152418062958,-0.00571176988969324,0.20061176947836346,0.4341645620226806,3,4
309,"mul(cs_rank(neg(ts_returns_5(close))), cs_rank(ts_rank_20(dollar_volume)))",debate,0.008711127584667244,0.0898839190247279,4.724680467355516,1.029574751573482,0.21152092719624366,0.4659977703455964,2,4
887,"add(add(neg(cs_rank(dollar_volume)), neg(cs_rank(volume))), add(neg(cs_rank(sub(ask, bid))), neg(cs_rank(market_cap))))",debate,-0.010915242249132812,-0.08964190288381979,-4.717072430442266,-0.5837426044530214,0.09753654896801504,0.4679710024144524,5,5
457,"add(neg(cs_rank(market_cap)), add(cs_rank(dollar_volume), cs_rank(price)))",debate,0.00914442465667415,0.08951460794197683,4.710374006587069,0.4785969364330119,0.06119723026665363,0.4679717271125251,3,3
121,"sub(cs_rank(cs_roa), cs_rank(cs_debt_at))",debate,0.007341586686511912,0.08948718127152637,4.708930779849587,0.15855264510365252,0.0027566630298371366,0.43792562423680237,2,2
1320,"add(cs_rank(cs_roa), neg(cs_rank(cs_debt_at)))",debate,0.007341586686511912,0.08948718127152637,4.708930779849587,0.15855264510365252,0.0027566630298371366,0.43792562423680237,2,3
482,"sub(add(add(cs_rank(cs_bm), cs_rank(cs_ep)), add(cs_rank(cs_roa), cs_rank(cs_cash_at))), add(cs_rank(cs_accruals), add(cs_rank(cs_debt_at), cs_rank(cs_asset_growth))))",debate,0.006177023173983842,0.08915781246911557,4.69159896908567,0.7634587957290802,0.004616038351856087,0.3723005902665802,7,4
569,"add(add(cs_rank(cs_bm), cs_rank(cs_ep)), add(add(cs_rank(cs_roa), neg(cs_rank(cs_accruals))), cs_rank(curr_ratio)))",debate,0.006829276855318244,0.08906874881981117,4.686912325103639,0.8945034830761304,0.00533905538198956,0.3734440430422342,5,5
1103,"add(add(neg(cs_rank(ts_std_20(returns))), add(cs_rank(roe), neg(cs_rank(debt_at)))), neg(cs_rank(cs_accruals)))",debate,0.011873034301733473,0.08897543828170784,4.679465221132566,0.16235282450640845,0.017169991560382958,0.37054392213843906,4,5
1235,"add(add(cs_rank(neg(ts_std_20(returns))), cs_rank(neg(cs_accruals))), add(cs_rank(roe), cs_rank(neg(debt_at))))",debate,0.011873034301733473,0.08897543828170784,4.679465221132566,0.16235282450640845,0.017169991560382958,0.37054392213843906,4,5
261,"add(neg(cs_rank(ts_std_20(returns))), cs_rank(cs_roa))",debate,0.015762750218884094,0.08897144445958041,4.679255174943353,0.23707961057289628,0.02049446658616506,0.4376053076886842,2,4
1016,"add(add(cs_rank(neg(ts_std_20(returns))), cs_rank(neg(ts_std_20(low)))), add(cs_rank(roe), add(cs_rank(neg(debt_at)), add(cs_rank(neg(cs_accruals)), cs_rank(dollar_volume)))))",debate,0.012840890181640089,0.08866549849621959,4.663164627678387,0.2380193006793197,0.03426182145375026,0.37054392213843906,6,6
823,"add(neg(cs_rank(ts_delta_5(cs_rank(dollar_volume)))), add(neg(cs_rank(ts_delta_5(cs_rank(abs_val(sub(ask, bid)))))), neg(cs_rank(market_cap))))",debate,-0.008282925204012973,-0.08871012579357322,-4.662980910725982,-0.21338851362254962,0.2360456159142725,0.4659963209494511,4,8
71,"sub(neg(cs_rank(market_cap)), cs_rank(dollar_volume))",debate,-0.012028098903625887,-0.08860308301962437,-4.6624083907024705,-0.3084436520305787,0.034862323612050695,0.4679717271125251,2,3
72,"add(neg(cs_rank(market_cap)), neg(cs_rank(dollar_volume)))",debate,-0.012028098903625887,-0.08860308301962437,-4.6624083907024705,-0.3084436520305787,0.034862323612050695,0.4679717271125251,2,3
104,"add(cs_rank(dollar_volume), cs_rank(market_cap))",debate,0.012028098903625887,0.08860308301962437,4.6624083907024705,0.3084436520305787,0.03486230075090906,0.4679717271125251,2,2
489,"sub(cs_rank(dollar_volume), neg(cs_rank(market_cap)))",debate,0.012028098903625887,0.08860308301962437,4.6624083907024705,0.3084436520305787,0.03486230075090906,0.4679717271125251,2,3
548,"add(cs_rank(market_cap), cs_rank(dollar_volume))",debate,0.012028098903625887,0.08860308301962437,4.6624083907024705,0.3084436520305787,0.03486230075090906,0.4679717271125251,2,2
252,"add(cs_rank(neg(log_abs(market_cap))), cs_rank(neg(dollar_volume)))",debate,-0.012028004739723337,-0.08860188582555217,-4.662345392807846,-0.30838350245039264,0.03486222248800527,0.4679717271125251,2,4
748,"add(cs_rank(neg(dollar_volume)), cs_rank(neg(market_cap)))",debate,-0.012028004739723337,-0.08860188582555217,-4.662345392807846,-0.30838350245039264,0.03486222248800527,0.4679717271125251,2,3
415,"sub(cs_rank(neg(log_abs(market_cap))), cs_rank(log_abs(dollar_volume)))",debate,-0.012027687829888988,-0.08860010592904989,-4.662251732360557,-0.30841239428655404,0.03486257144390816,0.4679717271125251,2,4
438,"add(cs_rank(neg(market_cap)), neg(cs_rank(dollar_volume)))",debate,-0.012027687829888988,-0.08860010592904989,-4.662251732360557,-0.30841239428655404,0.03486257144390816,0.4679717271125251,2,3
493,"sub(cs_rank(neg(log_abs(market_cap))), cs_rank(dollar_volume))",debate,-0.012027687829888988,-0.08860010592904989,-4.662251732360557,-0.30841239428655404,0.03486257144390816,0.4679717271125251,2,4
1229,"sub(cs_rank(log_abs(dollar_volume)), cs_rank(neg(log_abs(market_cap))))",debate,0.012027687829888988,0.08860010592904989,4.662251732360557,0.30841239428655404,0.03486254829455578,0.4679717271125251,2,4
153,"mul(sub(cs_rank(ts_returns_5(close)), cs_rank(ts_returns_5(volume))), sub(cs_rank(dollar_volume), cs_rank(abs_val(ts_returns_5(close)))))",debate,-0.003856162098368269,-0.08860015740099221,-4.657200505041724,-0.5969245121265322,0.2408838483537356,0.4659977703455964,4,5
680,"neg(add(cs_rank(dollar_volume), cs_rank(ts_delta_10(dollar_volume))))",debate,-0.008222873013105607,-0.08860594342276523,-4.652444886242514,-0.308530984178619,0.1806387237777416,0.4643193696093032,2,4
319,"add(add(neg(cs_rank(ts_std_10(returns))), neg(cs_rank(ts_std_10(sub(high, low))))), add(cs_rank(cs_roa), cs_rank(cs_current_ratio)))",debate,0.009649584697888732,0.08844126607798684,4.651371622520622,0.4340377850992146,0.04048839923129788,0.37390700432765533,5,6
1382,"add(add(add(cs_rank(roe), cs_rank(roa)), add(cs_rank(gpm), cs_rank(npm))), add(neg(cs_rank(accrual)), neg(cs_rank(debt_at))))",debate,0.007798352395699023,0.08813731856762201,4.637899265115658,0.05651679052813606,0.0010853070520637366,0.43323054699002694,6,4
310,"add(add(neg(cs_rank(ts_std_20(returns))), cs_rank(cs_roa)), add(neg(cs_rank(cs_accruals)), neg(cs_rank(cs_asset_growth))))",debate,0.012901371024193111,0.08805927602842584,4.631281705727181,0.32022258663287273,0.017203338832595918,0.37207520916598125,4,5
199,"sub(add(cs_rank(cs_roa), cs_rank(cs_roe)), add(cs_rank(cs_accruals), add(cs_rank(cs_debt_at), cs_rank(dollar_volume))))",debate,0.007032686431421093,0.08796601925765388,4.628885274711508,0.5897423357124376,0.027885319892031375,0.37388163989511203,5,4
905,"mul(cs_rank(sub(cs_bm, cs_asset_growth)), neg(cs_rank(ts_rank_5(returns))))",debate,0.010551991505826515,0.08784137579538928,4.622326375128071,0.7067561044253196,0.21486760430137608,0.4358304013257143,3,4
494,"add(sub(cs_rank(neg(log_abs(market_cap))), cs_rank(dollar_volume)), cs_rank(cs_bm))",debate,-0.013593515616295383,-0.08781452753776474,-4.620913585218755,-0.42292531032348585,0.02814091668796073,0.4373650702775956,3,5
1102,"add(cs_rank(neg(ts_returns_5(close))), mul(cs_rank(neg(ts_std_5(returns))), cs_rank(dollar_volume)))",debate,0.01181354796141769,0.08765297725196575,4.607412694299503,0.8184940166522305,0.12514499127079126,0.4659849673463127,3,5
637,"mul(cs_rank(neg(market_cap)), cs_rank(ts_returns_20(close)))",debate,-0.01083143427591624,-0.08748759132252323,-4.5862193678590515,-1.0753544311360845,0.04590571647568476,0.4610503773865213,2,3
881,"add(add(cs_rank(cs_roa), cs_rank(cs_roe)), add(cs_rank(curr_ratio), neg(cs_rank(debt_at))))",debate,0.007617244842856526,0.08713922609795079,4.585378353351658,0.4840274254857427,0.003237448590564772,0.3753711360004638,4,4
1169,"add(add(cs_rank(neg(ts_std_20(returns))), cs_rank(neg(ts_std_60(returns)))), add(cs_rank(cs_roa), add(cs_rank(neg(cs_accruals)), cs_rank(dollar_volume))))",debate,0.017009459314690435,0.08710363118726262,4.58102169145426,0.22759427697021437,0.027764087674250162,0.3736069793255718,5,5
1234,"sub(add(add(cs_rank(neg(ts_std_20(returns))), cs_rank(cs_roa)), cs_rank(curr_ratio)), add(cs_rank(debt_at), cs_rank(ts_std_5(returns))))",debate,0.011805438571016942,0.08688679674808135,4.569617766545456,0.19701897742428054,0.04537924887935016,0.37506603811187167,5,6
308,"mul(cs_rank(neg(ts_returns_5(close))), cs_rank(ts_rank_20(volume)))",debate,0.008908168550482138,0.08686136709044194,4.56580230271341,1.0361262829998756,0.2060529685345426,0.4659977703455964,2,4
583,"mul(cs_rank(dollar_volume), cs_rank(neg(abs_val(accrual))))",debate,0.00872015175921942,0.0867470378133868,4.564740900495967,0.11817114910594363,0.0474148209129547,0.4374637499984902,2,4
546,"add(add(cs_rank(neg(dollar_volume)), cs_rank(neg(market_cap))), add(cs_rank(bm), cs_rank(neg(debt_at))))",debate,-0.012854160236457192,-0.08648469204811679,-4.550935928303417,-0.5471393726580781,0.025125143862524974,0.4354418423757535,4,4
908,"mul(neg(cs_rank(ts_returns_5(close))), sub(cs_rank(dollar_volume), cs_rank(ts_std_5(returns))))",debate,-0.013415012572124064,-0.08652675466640342,-4.548213652806473,-0.4228230398368268,0.0975998108967953,0.4659849673463127,3,4
1101,"mul(neg(cs_rank(ts_returns_5(close))), add(cs_rank(dollar_volume), neg(cs_rank(ts_std_5(returns)))))",debate,-0.013415012572124064,-0.08652675466640342,-4.548213652806473,-0.4228230398368268,0.0975998108967953,0.4659849673463127,3,5
878,"sub(add(cs_rank(cs_roa), cs_rank(cs_cash_at)), add(cs_rank(cs_bm), cs_rank(ts_returns_20(returns))))",debate,0.011359667416054948,0.08670888243156823,4.545398381206714,0.8471644141156148,0.1325718125772701,0.4311173274101344,4,4
896,"sub(cs_zscore(dollar_volume), cs_zscore(ask))",debate,0.010041864706049444,0.08592005701573456,4.521224105385468,0.649805777841802,0.06593610033634652,0.4679710024144524,2,2
544,"add(mul(cs_rank(ts_returns_20(close)), cs_rank(ts_delta_5(dollar_volume))), cs_rank(cs_roa))",debate,0.00899245466516796,0.08612144258582569,4.514603979883392,-0.01576524817175792,0.0994386658965362,0.4313611883115864,3,4
79,"sub(cs_rank(ts_returns_20(close)), cs_rank(ts_mean_20(dollar_volume)))",debate,-0.01138812452689338,-0.08601693434811111,-4.509125514918681,-1.0980849691425765,0.04807024211575042,0.4610503773865213,2,3
155,"add(add(cs_rank(cs_roe), cs_rank(cs_roa)), add(neg(cs_rank(cs_debt_at)), cs_rank(cs_bm)))",debate,0.006790292027952206,0.08541469214376063,4.494631154675889,0.23539074227262047,0.0035815222039711054,0.4373650702775956,4,4
1207,"add(add(cs_rank(neg(cs_debt_at)), cs_rank(cs_bm)), add(cs_rank(cs_roa), cs_rank(cs_roe)))",debate,0.006790279001730482,0.08541359557410175,4.494573451767544,0.23543962836675106,0.0035771431040818964,0.4373650702775956,4,4
663,"sub(add(cs_rank(neg(dollar_volume)), cs_rank(neg(volume))), cs_rank(market_cap))",debate,-0.010329317248048675,-0.0853543573311369,-4.4914562590961715,-0.553712532313194,0.04904202918052117,0.4679717271125251,3,4
1106,"add(add(add(neg(cs_rank(ts_std_20(returns))), neg(cs_rank(ts_std_20(sub(high, low))))), cs_rank(cs_roa)), add(cs_rank(gpm), add(neg(cs_rank(cs_debt_at)), cs_rank(dollar_volume))))",debate,0.011377832524449311,0.08528362414020407,4.4853024700219155,0.19627267499983592,0.03184028594647645,0.43565768161839574,7,7
753,"add(add(cs_rank(abs_val(sub(ask, bid))), cs_rank(neg(dollar_volume))), cs_rank(neg(market_cap)))",debate,-0.009920419781223634,-0.08473922598700177,-4.459087255190918,-0.28998349762029657,0.1022639933985144,0.4679710024144524,4,5
624,"sub(add(cs_rank(abs_val(sub(ask, bid))), cs_rank(neg(dollar_volume))), cs_rank(market_cap))",debate,-0.009920227328320513,-0.08473753947228635,-4.458998508613573,-0.28993841089842604,0.10226398681077829,0.4679710024144524,4,5
972,"add(add(cs_rank(abs_val(sub(ask, bid))), cs_rank(neg(dollar_volume))), neg(cs_rank(market_cap)))",debate,-0.009920227328320513,-0.08473753947228635,-4.458998508613573,-0.28993841089842604,0.10226398681077829,0.4679710024144524,4,5
1155,"add(cs_rank(neg(cs_accruals)), cs_rank(neg(cs_roa)))",debate,-0.006239546486503845,-0.08463952857365502,-4.453841048843716,0.017705241641121444,0.006048476113379089,0.37388163989511203,2,3
1111,"sub(cs_rank(neg(cs_accruals)), cs_rank(cs_roa))",debate,-0.0062395101928966025,-0.08463902209022467,-4.453814397033024,0.01770781402212121,0.006048514146350048,0.37388163989511203,2,3
1425,"add(neg(cs_rank(cs_roa)), neg(cs_rank(cs_accruals)))",debate,-0.0062394892173858576,-0.08463869595985878,-4.453797235632962,0.017713608268421263,0.0060484789805708905,0.37388163989511203,2,3
903,"mul(cs_rank(neg(dollar_volume)), cs_rank(abs_val(ts_returns_5(close))))",debate,-0.010533452940093046,-0.08463663987503842,-4.448861193181686,-0.42057961263829297,0.15868594883382098,0.4659977703455964,2,4
503,"add(add(neg(cs_rank(ts_returns_5(close))), cs_rank(neg(ts_std_20(returns)))), cs_rank(dollar_volume))",debate,0.013733922083001497,0.08460340081050148,4.447114006803134,0.4702380480842409,0.09098466115975458,0.4659977703455964,3,5
158,"add(add(cs_rank(cs_bm), cs_rank(cs_roe)), add(neg(cs_rank(cs_accruals)), add(neg(cs_rank(cs_debt_at)), neg(cs_rank(ts_returns_20(close))))))",debate,0.007387857821393439,0.08479294421919965,4.444962275876153,1.286698652238118,0.03613669936632944,0.3682309274565151,5,6
1189,"add(sub(add(cs_rank(cs_bm), cs_rank(cs_roe)), add(cs_rank(cs_accruals), cs_rank(cs_debt_at))), neg(cs_rank(ts_returns_20(close))))",debate,0.007387853352782832,0.08479288921330325,4.4449593923917226,1.2866982599061823,0.03613669936632944,0.3682309274565151,5,4
95,"neg(cs_rank(safe_div(ask, bid)))",debate,0.008363193230203014,0.08443323619911906,4.4429856782945745,-0.2573412031500744,0.13773576152913572,0.4679710024144524,2,3
1415,"add(neg(cs_rank(cs_asset_growth)), mul(cs_rank(cs_roa), neg(cs_rank(cs_debt_at))))",debate,-0.006997507072776748,-0.0842759369478107,-4.434708389015725,-0.5654172590941576,0.003201905570424522,0.435883425068031,3,4
1131,"add(add(cs_rank(dollar_volume), cs_rank(market_cap)), cs_rank(neg(sub(ask, bid))))",debate,0.009853628498662967,0.08413240055627429,4.427155319151076,0.27698141215709443,0.10229280911406473,0.4679710024144524,4,4
965,"add(add(cs_rank(sub(ask, bid)), neg(cs_rank(dollar_volume))), neg(cs_rank(market_cap)))",debate,-0.00985259059382378,-0.08412392006116584,-4.426709064571626,-0.27691979958565716,0.10229276579753999,0.4679710024144524,4,4
550,cs_rank(ts_returns_1(close)),debate,-0.011860510519990689,-0.08392950122299075,-4.41408538788543,-0.7404330475202703,0.3274853881465143,0.46743472584067997,1,2
1014,"add(add(add(cs_rank(neg(ts_std_20(returns))), cs_rank(neg(ts_std_20(high)))), cs_rank(neg(ts_std_20(low)))), add(cs_rank(dollar_volume), add(cs_rank(cs_roa), add(cs_rank(curr_ratio), add(cs_rank(neg(cs_debt_at)), cs_rank(neg(cs_accruals)))))))",debate,0.008997404428356698,0.08367337827047394,4.400615171028036,0.31756639000420256,0.032085524656218466,0.37335031542483615,8,7
366,"add(add(neg(cs_rank(cs_asset_growth)), neg(cs_rank(cs_accruals))), cs_rank(dollar_volume))",debate,0.0074613662989275785,0.08356329030967402,4.3972080046948046,0.8677602779000844,0.040272897295177926,0.37232474686900235,3,4
1064,"add(cs_rank(dollar_volume), add(neg(cs_rank(cs_asset_growth)), neg(cs_rank(cs_accruals))))",debate,0.0074613662989275785,0.08356329030967402,4.3972080046948046,0.8677602779000844,0.040272897295177926,0.37232474686900235,3,4
1407,"mul(neg(cs_rank(ts_returns_5(close))), sub(cs_rank(ts_rank_20(volume)), cs_rank(ts_returns_20(close))))",debate,-0.008104069048955598,-0.08381590523286614,-4.393744553973658,-1.2559508500776622,0.18917836120839274,0.46084432156786015,3,4
1409,"mul(sub(cs_rank(ts_rank_20(volume)), cs_rank(ts_returns_20(close))), neg(cs_rank(ts_returns_5(close))))",debate,-0.008104069048955598,-0.08381590523286614,-4.393744553973658,-1.2559508500776622,0.18917836120839274,0.46084432156786015,3,4
188,"mul(add(cs_rank(abs_val(sub(ask, bid))), neg(cs_rank(dollar_volume))), cs_rank(neg(ts_returns_5(close))))",debate,-0.007166287559364719,-0.08326303471096619,-4.376658672875854,-0.5876183895786837,0.16102331087409402,0.46599704564752376,4,5
368,neg(cs_rank(returns)),debate,0.011775634543159335,0.08316726718486661,4.376368757604437,0.7192553986897624,0.32742620680909496,0.46796592952794375,1,2
1132,"add(add(neg(cs_rank(ask)), cs_rank(bid)), neg(cs_rank(returns)))",debate,0.01177547003364353,0.08316664876540848,4.376336215575737,0.7190562124307234,0.32742665053549463,0.4679652048298711,3,4
453,"add(neg(cs_rank(market_cap)), neg(cs_rank(ts_mean_20(dollar_volume))))",debate,-0.011249475116401886,-0.08295772789627232,-4.365342530254002,-0.2790289256877955,0.004053033733870844,0.4679717271125251,2,4
1244,"add(add(cs_rank(ask), neg(cs_rank(dollar_volume))), add(neg(cs_rank(market_cap)), cs_rank(cs_bm)))",debate,-0.010764335096219617,-0.08282214033035927,-4.35820773783546,-0.7122117526090451,0.03196774412184316,0.43736458714554716,4,4
1092,"add(add(neg(cs_rank(ts_returns_5(close))), cs_rank(cs_roa)), neg(cs_rank(debt_at)))",debate,0.008240612576688108,0.08276413032953221,4.35043414003822,0.7805274348489034,0.07976233505675438,0.4357458532172367,3,5
1009,"add(add(cs_rank(neg(ts_std_20(returns))), cs_rank(neg(ts_std_20(high)))), add(cs_rank(cs_roa), add(cs_rank(curr_ratio), add(cs_rank(neg(cs_debt_at)), cs_rank(neg(cs_accruals))))))",debate,0.008293965161063505,0.08263154818586578,4.3458224356237105,0.3033534449185534,0.018802135439969284,0.37335031542483615,6,6
184,cs_rank(ts_mean_5(dollar_volume)),debate,0.010155525198096095,0.08258050775251566,4.345492720253559,0.6011929595967805,0.018643578946846876,0.469097666351423,1,2
1437,"add(cs_rank(dollar_volume), neg(cs_rank(ts_std_5(ts_returns_5(close)))))",debate,0.013244922455622,0.08258907495557041,4.341232486226981,0.3086493882039031,0.09992041711630728,0.4657008857018278,2,5
1071,"add(cs_rank(dollar_volume), cs_rank(neg(ts_std_5(ts_returns_5(close)))))",debate,0.013244899907159397,0.08258875873124379,4.341215864133558,0.3086326638980286,0.0999203903686917,0.4657008857018278,2,5
496,"add(neg(cs_rank(market_cap)), cs_rank(cs_bm))",debate,-0.013439051109596388,-0.08246323657908436,-4.339321760007486,-0.3268689613154592,0.0030004931218987284,0.4373650702775956,2,3
1010,"sub(add(cs_rank(cs_bm), cs_rank(cs_roa)), add(cs_rank(cs_debt_at), add(cs_rank(cs_accruals), cs_rank(ts_returns_20(close)))))",debate,0.006999721532506507,0.08262018938320695,4.331063491376485,1.1753750233758726,0.03413511816238998,0.3682309274565151,5,5
1017,"sub(add(cs_rank(cs_bm), cs_rank(cs_roa)), add(cs_rank(ts_returns_20(close)), add(cs_rank(cs_debt_at), cs_rank(cs_accruals))))",debate,0.006999721532506507,0.08262018938320695,4.331063491376485,1.1753750233758726,0.03413511848413244,0.3682309274565151,5,4
380,"mul(cs_rank(ts_rank_5(volume)), cs_rank(neg(ts_returns_5(close))))",debate,0.008572729329701342,0.0822980865215514,4.325936898480548,1.0088617184367779,0.22669383758740366,0.4659977703455964,2,4
675,"mul(cs_rank(neg(ts_returns_5(close))), cs_rank(ts_rank_5(volume)))",debate,0.008572729329701342,0.0822980865215514,4.325936898480548,1.0088617184367779,0.22669383758740366,0.4659977703455964,2,4
20,neg(cs_rank(market_cap)),debate,-0.011939088932406923,-0.08212025092603818,-4.321273413018264,-0.04189380198717813,0.0035394554792486633,0.4679717271125251,1,2
21,cs_rank(neg(log_abs(market_cap))),debate,-0.011939088932406923,-0.08212025092603818,-4.321273413018264,-0.04189380198717813,0.0035394554792486633,0.4679717271125251,1,3
434,cs_rank(neg(market_cap)),debate,-0.011939088932406923,-0.08212025092603818,-4.321273413018264,-0.04189380198717813,0.0035394554792486633,0.4679717271125251,1,2
1206,cs_rank(market_cap),debate,0.011939088932406923,0.08212025092603818,4.321273413018264,0.04189380198717813,0.0035393193098767657,0.4679717271125251,1,1
761,"add(cs_rank(neg(ts_returns_5(close))), cs_rank(neg(ts_std_5(returns))))",debate,0.011479152970662139,0.08207229754608235,4.3140684711387305,0.8337492133018508,0.1258462707355062,0.4659849673463127,2,4
86,"neg(add(cs_rank(ts_returns_5(close)), cs_rank(ts_std_5(returns))))",debate,0.011479111242918862,0.08207212565720719,4.3140594359295426,0.8337478156658809,0.12584635261328986,0.4659849673463127,2,4
92,"add(neg(cs_rank(ts_returns_5(close))), neg(cs_rank(ts_std_5(returns))))",debate,0.011479111242918862,0.08207212565720719,4.3140594359295426,0.8337478156658809,0.12584635261328986,0.4659849673463127,2,4
735,"add(neg(cs_rank(market_cap)), cs_rank(bm))",debate,-0.013132617553509252,-0.08194720191371126,-4.312167351021559,-0.3090529789187413,0.00294021539654614,0.43546297940287293,2,3
781,"add(add(cs_rank(neg(market_cap)), cs_rank(ts_returns_5(returns))), neg(cs_rank(dollar_volume)))",debate,-0.01009214948564036,-0.0817476322541782,-4.297002684736317,-0.043805552511670995,0.150195167789083,0.4658667207774561,3,4
1003,"sub(add(cs_rank(neg(cs_asset_growth)), cs_rank(cs_roa)), cs_rank(cs_debt_at))",debate,0.005481990633827018,0.08164534894776228,4.296283459025529,0.08592328295334593,0.0031670534315532514,0.435883425068031,3,4
644,"add(add(cs_rank(neg(cs_asset_growth)), cs_rank(cs_roa)), cs_rank(neg(cs_debt_at)))",debate,0.005481768038290375,0.08164193535615978,4.296103831437104,0.08587264766834114,0.0031647916352819665,0.435883425068031,3,4
527,"sub(sub(cs_rank(cs_roa), cs_rank(cs_asset_growth)), cs_rank(cs_debt_at))",debate,0.005481131942617975,0.0816329549484604,4.295631270812997,0.08579681254042536,0.0031665814874508374,0.435883425068031,3,3
707,"add(add(neg(cs_rank(cs_asset_growth)), cs_rank(cs_roa)), neg(cs_rank(cs_debt_at)))",debate,0.005481131942617975,0.0816329549484604,4.295631270812997,0.08579681254042536,0.0031665814874508374,0.435883425068031,3,4
1316,"add(cs_rank(cs_roa), add(neg(cs_rank(cs_asset_growth)), neg(cs_rank(cs_debt_at))))",debate,0.005481136446479623,0.08163276879082064,4.295621474958135,0.08576564736355946,0.003167280606808249,0.435883425068031,3,4
1186,"mul(add(cs_rank(neg(debt_at)), cs_rank(curr_ratio)), cs_rank(neg(returns)))",debate,0.00952275020893977,0.08160954173003798,4.294399237092434,0.8267409567000654,0.25205303532202916,0.3754479539961664,3,4
1166,"add(add(neg(cs_rank(ts_std_20(returns))), neg(cs_rank(abs_val(ts_returns_5(close))))), add(cs_rank(cs_roa), neg(cs_rank(cs_debt_at))))",debate,0.012406224136380598,0.08164024773927869,4.291358098635186,0.12038497479033843,0.0911985385206865,0.4361551868452806,4,6
869,"add(cs_rank(neg(ts_std_20(returns))), add(cs_rank(cs_roa), cs_rank(neg(debt_at))))",debate,0.011360567563198514,0.08125933260099617,4.273653809884966,0.049307999523548585,0.01705489923773605,0.4371477816388081,3,4
804,"add(cs_rank(dollar_volume), neg(cs_rank(ts_std_10(returns))))",debate,0.014802831737166683,0.08110219970383876,4.265389754753078,0.26842502611840857,0.059601967088490984,0.46760744554799855,2,4
224,"add(add(cs_rank(cs_bm), neg(cs_rank(pe_op_dil))), add(add(cs_rank(cs_roa), cs_rank(cs_roe)), add(neg(cs_rank(cs_accruals)), cs_rank(curr_ratio))))",debate,0.0059105950291311405,0.0806919756976184,4.2461157302123285,1.146231153091338,0.005552565156139878,0.3695975872385501,6,5
951,"add(cs_rank(neg(sub(high, ts_max_20(high)))), cs_rank(ts_mean_10(dollar_volume)))",debate,0.00942716926796478,0.08031558869722462,4.226309761289118,1.0667259886174476,0.061105463844049294,0.4679717271125251,3,5
1164,"add(add(cs_rank(cs_roa), neg(cs_rank(ts_std_20(returns)))), neg(cs_rank(cs_debt_at)))",debate,0.011319848804796811,0.08018215569875255,4.21700208724779,0.058678921810145945,0.01699316958574083,0.43760252967940566,3,5
112,"add(add(cs_rank(neg(ts_std_20(returns))), cs_rank(cs_roa)), cs_rank(neg(cs_debt_at)))",debate,0.011319852690568977,0.08018214245136157,4.2170013905307355,0.058675960782803294,0.016993155511962194,0.43760252967940566,3,5
1036,"add(add(cs_rank(bm), cs_rank(roe)), add(cs_rank(roa), neg(add(cs_rank(accrual), cs_rank(debt_at)))))",debate,0.006155336160172253,0.07988971795486954,4.203899894105701,0.08138238246567145,0.0014661624754659483,0.4344973192210462,5,5
81,"sub(sub(sub(neg(cs_rank(cs_asset_growth)), cs_rank(cs_roa)), cs_rank(cs_accruals)), neg(cs_rank(curr_ratio)))",debate,-0.006909585663910266,-0.07980940074824555,-4.199673499207021,-0.04087556058303958,0.005331916376184067,0.3722705152965646,4,5
1059,"add(sub(neg(cs_rank(ts_returns_5(close))), cs_rank(ts_std_20(returns))), cs_rank(ts_mean_20(dollar_volume)))",debate,0.012885505071451555,0.07987362027978703,4.198496657550737,0.4366862831303077,0.0817547428102178,0.4659977703455964,3,5
836,"sub(add(cs_rank(neg(cs_accruals)), cs_rank(neg(cs_roa))), cs_rank(neg(curr_ratio)))",debate,-0.0076574766717100555,-0.07978379295604351,-4.198325984186537,-0.0034152444101047514,0.005757353972398619,0.37361700431557704,3,4
576,"mul(cs_rank(dollar_volume), cs_rank(neg(accrual)))",debate,0.009204362451180724,0.07957080132476095,4.1871180901156135,0.8680909564406241,0.04560021481594057,0.4374637499984902,2,3
1239,"sub(add(cs_rank(cs_roa), cs_rank(bm)), cs_rank(cs_accruals))",debate,0.006575691886427468,0.07955064323363459,4.1860573453874945,0.5958439599467958,0.00647190431668743,0.37155523829884374,3,3
872,"add(add(cs_rank(neg(ts_std_20(returns))), cs_rank(neg(cs_debt_at))), add(cs_rank(cs_roa), cs_rank(curr_ratio)))",debate,0.008625400968120011,0.07907305414560412,4.158671358623224,0.15060154712047236,0.014165395141128226,0.3751029977135776,4,5
1133,"add(add(cs_rank(neg(sub(ask, bid))), cs_rank(dollar_volume)), add(cs_rank(market_cap), cs_rank(neg(ts_delta_5(sub(ask, bid))))))",debate,0.008015666862376286,0.07907990451170133,4.156775586342494,0.15809793098999966,0.18119989808891507,0.4659963209494511,6,6
1390,"add(cs_rank(dollar_volume), neg(cs_rank(ts_std_20(ts_returns_5(close)))))",debate,0.013937241538409455,0.07905567961657523,4.155502222985979,0.14601972305867403,0.0510753017109935,0.4658995737567503,2,5
521,"add(add(add(cs_rank(cs_roa), cs_rank(cs_roe)), add(cs_rank(cs_cash_at), cs_rank(cs_current_ratio))), add(neg(cs_rank(cs_debt_at)), neg(cs_rank(cs_accruals))))",debate,0.007738673437009367,0.0788939842541122,4.151503103801147,0.7841577877081275,0.0036649790639031706,0.37388163989511203,6,4
784,"add(mul(cs_rank(ts_mean_5(returns)), neg(cs_rank(market_cap))), neg(cs_rank(dollar_volume)))",debate,-0.010127990864957153,-0.0788883202037237,-4.151205054171759,-0.17009198600729689,0.06568341653362571,0.46796592952794375,3,4
1293,"sub(add(cs_rank(ts_returns_20(close)), cs_rank(ts_returns_5(close))), cs_rank(dollar_volume))",debate,-0.010897674038228392,-0.0789495741836426,-4.138644815016538,-1.008924692748002,0.10086272189561878,0.46084432156786015,3,4
25,"add(add(cs_rank(cs_bm), cs_rank(cs_roa)), neg(cs_rank(cs_accruals)))",debate,0.006142710578744565,0.0784706707924622,4.129227804023405,0.5826404443744131,0.006144904996430953,0.37357086520495064,3,3
932,"sub(add(cs_rank(cs_roa), cs_rank(cs_bm)), cs_rank(cs_accruals))",debate,0.006142710578744565,0.0784706707924622,4.129227804023405,0.5826404443744131,0.006144904996430953,0.37357086520495064,3,3
1067,"add(add(cs_rank(cs_roa), cs_rank(cs_bm)), neg(cs_rank(cs_accruals)))",debate,0.006142710578744565,0.0784706707924622,4.129227804023405,0.5826404443744131,0.006144904996430953,0.37357086520495064,3,3
1068,"add(add(neg(cs_rank(cs_roa)), neg(cs_rank(cs_bm))), cs_rank(cs_accruals))",debate,-0.006142710578744565,-0.0784706707924622,-4.129227804023405,-0.5826404443744131,0.006145022124651448,0.37357086520495064,3,4
1161,"add(neg(cs_rank(cs_accruals)), add(cs_rank(cs_roa), cs_rank(cs_bm)))",debate,0.006142710578744565,0.0784706707924622,4.129227804023405,0.5826404443744131,0.006144904996430953,0.37357086520495064,3,3
630,"add(sub(cs_rank(cs_roa), cs_rank(cs_accruals)), cs_rank(cs_bm))",debate,0.006142651566177587,0.07846992595088241,4.1291886094997725,0.5826337595253728,0.006144905454645707,0.37357086520495064,3,3
978,"add(add(neg(cs_rank(cs_accruals)), cs_rank(cs_roa)), cs_rank(cs_bm))",debate,0.006142651566177587,0.07846992595088241,4.1291886094997725,0.5826337595253728,0.006144905454645707,0.37357086520495064,3,4
481,"add(add(cs_rank(cs_bm), cs_rank(cs_ep)), add(cs_rank(cs_roa), add(neg(cs_rank(cs_accruals)), add(neg(cs_rank(cs_debt_at)), neg(cs_rank(cs_asset_growth))))))",debate,0.006685970195969022,0.07846877372879145,4.1291279780887455,0.5185001123975536,0.004842708824610113,0.3723005902665802,6,6
50,cs_rank(ts_mean_20(dollar_volume)),debate,0.009638536591438323,0.07786331020872987,4.097267707542922,0.5890420325064827,0.005875663131720194,0.4718689117812958,1,2
875,"add(cs_rank(neg(ts_std_20(returns))), cs_rank(neg(ts_returns_20(close))))",debate,0.011735931310729718,0.07808414353151952,4.093277754861987,0.802010188220184,0.054592320027825686,0.46104916955640024,2,4
105,"add(add(cs_rank(neg(ts_mean_20(dollar_volume))), cs_rank(ts_mean_20(abs_val(ts_returns_1(close))))), neg(cs_rank(market_cap)))",debate,-0.013676849792776514,-0.07742051007130382,-4.071759479666324,-0.10561798994733747,0.013433318180337524,0.46761722897197955,3,6
662,"add(cs_rank(neg(dollar_volume)), cs_rank(neg(volume)))",debate,-0.008312003528878988,-0.0770538277256729,-4.054671696292437,-0.8826870010282005,0.06935718195922977,0.4679717271125251,2,3
892,"add(cs_rank(dollar_volume), cs_rank(volume))",debate,0.008311497339328082,0.07704873731585654,4.054403832369072,0.8825983514780741,0.06935689089092678,0.4679717271125251,2,2
1240,"neg(cs_rank(add(cs_rank(dollar_volume), cs_rank(volume))))",debate,-0.008311497339328082,-0.07704873731585654,-4.054403832369072,-0.8825983514780741,0.06935690077357479,0.4679717271125251,2,4
1314,"add(cs_rank(volume), cs_rank(dollar_volume))",debate,0.008311497339328082,0.07704873731585654,4.054403832369072,0.8825983514780741,0.06935689089092678,0.4679717271125251,2,2
893,"add(add(cs_rank(dollar_volume), cs_rank(volume)), add(cs_rank(bid), neg(cs_rank(ask))))",debate,0.008311324028187432,0.07704692299020438,4.054308360215555,0.8821425992217472,0.06935046874415368,0.4679710024144524,4,4
895,"add(add(cs_rank(ask), neg(cs_rank(bid))), add(neg(cs_rank(dollar_volume)), neg(cs_rank(volume))))",debate,-0.008311324028187432,-0.07704692299020438,-4.054308360215555,-0.8821425992217472,0.06935047845814428,0.4679710024144524,4,4
1171,"sub(cs_rank(dollar_volume), cs_rank(ts_std_20(ts_returns_1(close))))",debate,0.014434643239672099,0.07681560362197358,4.039945770778288,0.16735655302498795,0.049479340757276294,0.46726526727468837,2,4
260,"add(add(neg(cs_zscore(ts_std_20(returns))), cs_zscore(cs_roa)), cs_zscore(dollar_volume))",debate,0.013914507002510717,0.07681393589687296,4.039858060487027,0.09448436061583232,0.0320340330433604,0.4376053076886842,3,5
944,"mul(cs_rank(ts_returns_5(close)), sub(cs_rank(ts_mean_10(dollar_volume)), cs_rank(ts_std_10(returns))))",debate,0.012855155502781358,0.07673234476807349,4.033377877530786,0.2937818417194805,0.06311090502224437,0.4659977703455964,3,4
945,"mul(neg(cs_rank(ts_returns_5(close))), add(cs_rank(ts_std_10(returns)), neg(cs_rank(ts_mean_10(dollar_volume)))))",debate,0.012855155502781358,0.07673234476807349,4.033377877530786,0.2937818417194805,0.06311090502224437,0.4659977703455964,3,5
948,"mul(neg(cs_rank(ts_returns_5(close))), sub(cs_rank(ts_mean_10(dollar_volume)), cs_rank(ts_std_10(returns))))",debate,-0.012855155502781358,-0.07673234476807349,-4.033377877530786,-0.2937818417194805,0.06311097781390317,0.4659977703455964,3,4
947,"cs_rank(add(cs_rank(ts_std_10(returns)), neg(cs_rank(ts_mean_20(dollar_volume)))))",debate,-0.013792524707931934,-0.07658058942362661,-4.027585721883051,-0.24315648005624352,0.036873417553334474,0.4694306651158128,2,5
506,"add(add(neg(cs_rank(ts_std_20(returns))), cs_rank(cs_roa)), add(cs_rank(cs_bm), neg(cs_rank(cs_accruals))))",debate,0.010709232238420045,0.0763389368422278,4.014876542000482,0.20102630398849114,0.019000393157277987,0.3733049010122824,4,5
1236,"add(add(cs_rank(neg(ts_std_20(returns))), cs_rank(cs_roa)), add(cs_rank(cs_bm), neg(cs_rank(cs_accruals))))",debate,0.010709230152741403,0.07633892195641766,4.014875759114417,0.20102620754374018,0.01900039317835049,0.3733049010122824,4,5
486,"sub(add(add(cs_rank(cs_roa), cs_rank(cs_cash_at)), add(cs_rank(cs_bm), cs_rank(cs_gp_at))), add(add(cs_rank(cs_debt_at), cs_rank(cs_accruals)), cs_rank(cs_asset_growth)))",debate,0.006000111730873868,0.07624496883831328,4.01210849945103,0.7952722354681296,0.003953432357542226,0.3723005902665802,7,4
1044,"add(cs_rank(dollar_volume), cs_rank(neg(ts_std_20(returns))))",debate,0.014315815010468486,0.07583146842639851,3.988187369701293,0.1556343748040072,0.04933564346088105,0.4676264084809,2,4
98,"add(cs_rank(dollar_volume), neg(cs_rank(ts_std_20(returns))))",debate,0.014315787034874614,0.07583131960644561,3.9881795428469693,0.15563281881523183,0.049335655553073385,0.4676264084809,2,4
100,"add(cs_rank(ts_std_20(returns)), neg(cs_rank(dollar_volume)))",debate,-0.014315787034874614,-0.07583131960644561,-3.9881795428469693,-0.15563281881523183,0.04933572650097486,0.4676264084809,2,3
388,"cs_rank(add(cs_rank(dollar_volume), neg(cs_rank(ts_std_20(returns)))))",debate,0.014315787034874614,0.07583131960644561,3.9881795428469693,0.15563281881523183,0.049335655553073385,0.4676264084809,2,5
515,"sub(cs_rank(dollar_volume), cs_rank(ts_std_20(returns)))",debate,0.014315787034874614,0.07583131960644561,3.9881795428469693,0.15563281881523183,0.049335655553073385,0.4676264084809,2,3
516,"add(neg(cs_rank(ts_std_20(returns))), cs_rank(dollar_volume))",debate,0.014315787034874614,0.07583131960644561,3.9881795428469693,0.15563281881523183,0.049335655553073385,0.4676264084809,2,4
15,"add(add(cs_rank(bm), cs_rank(cs_roa)), neg(add(cs_rank(cs_debt_at), cs_rank(cs_accruals))))",debate,0.004707133333797061,0.07578246130027567,3.987770756873472,0.421363480372432,0.005317768473734719,0.37155523829884374,4,4
96,"add(neg(cs_rank(ts_returns_5(close))), cs_rank(dollar_volume))",debate,0.010122643358560243,0.07582447711076608,3.9856564982900333,0.8109105918605218,0.11136233727215458,0.4659977703455964,2,4
1238,"add(add(add(cs_rank(cs_roa), cs_rank(cs_cash_at)), add(cs_rank(neg(cs_accruals)), cs_rank(neg(cs_debt_at)))), add(cs_rank(neg(ts_std_20(returns))), cs_rank(curr_ratio)))",debate,0.00799747284380433,0.07566542723131163,3.9794548024592604,0.4588033850297613,0.011946130612935391,0.37335031542483615,6,5
592,"add(add(neg(cs_rank(ptb)), cs_rank(cs_roe)), add(neg(cs_rank(cs_leverage)), cs_rank(cs_gpmargin)))",debate,0.004673625936660562,0.07551278346511084,3.9735799617159206,0.7744379001679371,0.003387198722257955,0.4069606042049398,4,4
511,"add(add(add(cs_rank(cs_roa), cs_rank(cs_bm)), add(neg(cs_rank(cs_debt_at)), neg(cs_rank(cs_accruals)))), neg(cs_rank(ts_returns_5(close))))",debate,0.006145936425593214,0.07551455120221587,3.9693654764660766,0.9596355269723086,0.06714141162129345,0.3720927227027373,5,5
502,"add(add(cs_rank(neg(ts_std_20(returns))), cs_rank(roe)), add(cs_rank(dollar_volume), cs_rank(bm)))",debate,0.012405452862346796,0.07532510318016014,3.9615562161523723,-0.022560215647713593,0.03843184093555942,0.43421517010475513,4,5
1263,"add(cs_rank(neg(log_abs(market_cap))), cs_rank(neg(debt_at)))",debate,-0.010260648749778788,-0.07498455709192908,-3.945784009356481,-0.3748693663275533,0.0028154308725217214,0.43753295866442976,2,4
1019,"add(cs_rank(dollar_volume), add(neg(cs_rank(cs_accruals)), neg(cs_rank(cs_leverage))))",debate,0.006159889005989617,0.07493381220799855,3.943113748180913,0.6245289328026189,0.04336118968010749,0.37388163989511203,3,4
469,"cs_rank(safe_div(ts_returns_1(close), add(ts_mean_10(dollar_volume), dollar_volume)))",debate,-0.009508182725649192,-0.07489790309625802,-3.9390885781874365,-0.6666937416744445,0.3150898285499969,0.46743472584067997,3,4
107,"add(cs_rank(dollar_volume), cs_rank(neg(cs_asset_growth)))",debate,0.007581261347706268,0.07483982512819616,3.9381680269423955,0.5636615334255446,0.04586819043579114,0.435883425068031,2,3
1215,"sub(cs_rank(dollar_volume), cs_rank(cs_asset_growth))",debate,0.007581266215232382,0.07483981953377679,3.93816773255684,0.5636740332769894,0.0458681884497921,0.435883425068031,2,2
777,"add(add(add(add(cs_rank(cs_bm), neg(cs_rank(pe_op_dil))), add(cs_rank(cs_roe), cs_rank(cs_roa))), add(neg(cs_rank(cs_debt_at)), cs_rank(curr_ratio))), add(neg(cs_rank(cs_accruals)), neg(cs_rank(ts_returns_5(close)))))",debate,0.0062767385722430746,0.07474882403835734,3.9291156051469294,1.2582805694062473,0.048805660809963534,0.36814939892334025,8,6
1108,"add(neg(cs_rank(ts_std_20(returns))), add(cs_rank(roa), neg(cs_rank(debt_at))))",debate,0.010635358729920844,0.07460968943136,3.923930621708758,-0.05434068433269653,0.017682133231675095,0.43714415814844476,3,4
1188,"add(add(cs_rank(cs_bm), cs_rank(cs_roa)), add(neg(cs_rank(cs_debt_at)), neg(cs_rank(returns))))",debate,0.007465059036017419,0.07450695691804167,3.920652072834132,0.49124466924019816,0.1705354378562928,0.43736337931542607,4,4
505,"add(add(add(neg(cs_rank(ts_std_20(returns))), cs_rank(cs_roa)), cs_rank(cs_bm)), add(cs_rank(dollar_volume), neg(cs_rank(curr_ratio))))",debate,0.012831430400905664,0.0744250036521882,3.914217484047824,0.10810762253393258,0.0322071457121495,0.3748951301497347,5,6
800,"add(add(cs_rank(cs_bm), cs_rank(neg(ptb))), add(cs_rank(neg(accrual)), add(cs_rank(neg(debt_at)), cs_rank(curr_ratio))))",debate,-0.008314007648111871,-0.07416634733178157,-3.902728757540678,-0.3480698721651875,0.001890637870607125,0.37308278105301046,5,5
1032,"add(neg(cs_rank(ts_returns_20(close))), add(cs_rank(cs_roe), add(cs_rank(cs_cash_at), neg(cs_rank(cs_leverage)))))",debate,0.00891382745162948,0.07443252988161457,3.9018551657613867,1.2106430196872002,0.03174292646941588,0.4315113215956402,4,5
1085,"add(add(cs_rank(neg(cs_debt_at)), cs_rank(cs_cash_at)), add(cs_rank(cs_roa), neg(cs_rank(cs_accruals))))",debate,0.007210606465779687,0.0741112952835055,3.899831847827606,0.6915208520097825,0.004151000643511661,0.37388163989511203,4,4
918,"add(add(cs_rank(cs_roa), cs_rank(cs_cash_at)), add(neg(cs_rank(cs_debt_at)), neg(cs_rank(cs_accruals))))",debate,0.007210611592233897,0.07411129129551465,3.8998316379743887,0.6915212189257277,0.004151020704251486,0.37388163989511203,4,4
956,"add(add(cs_rank(cs_roa), cs_rank(cs_cash_at)), add(neg(cs_rank(cs_accruals)), neg(cs_rank(cs_debt_at))))",debate,0.007210611592233897,0.07411129129551465,3.8998316379743887,0.6915212189257277,0.004151020704251486,0.37388163989511203,4,4
1081,"sub(add(cs_rank(cs_roa), cs_rank(cs_cash_at)), add(cs_rank(cs_accruals), cs_rank(cs_debt_at)))",debate,0.007210611592233897,0.07411129129551465,3.8998316379743887,0.6915212189257277,0.004151020704251486,0.37388163989511203,4,3
1087,"add(add(cs_rank(neg(cs_debt_at)), cs_rank(cs_cash_at)), add(cs_rank(cs_roa), cs_rank(neg(cs_accruals))))",debate,0.007210583813408218,0.07411105529130015,3.899819219128538,0.6915218723323469,0.004150992583957259,0.37388163989511203,4,4
890,"add(sub(cs_rank(cs_roa), cs_rank(cs_accruals)), sub(cs_rank(cs_cash_at), cs_rank(cs_debt_at)))",debate,0.00721056972591396,0.07411088516677633,3.899810266956895,0.6915181392561536,0.0041510150400037955,0.37388163989511203,4,3
952,"add(add(neg(cs_rank(cs_accruals)), cs_rank(cs_roa)), add(cs_rank(cs_cash_at), neg(cs_rank(cs_debt_at))))",debate,0.00721056972591396,0.07411088516677633,3.899810266956895,0.6915181392561536,0.0041510150400037955,0.37388163989511203,4,4
787,"sub(cs_rank(safe_div(volume, ts_mean_20(volume))), cs_rank(ts_std_20(returns)))",debate,0.011916536853740877,0.07414499131082669,3.8994908579339915,0.2691373854611691,0.15947423540233235,0.4676264084809,3,4
983,"add(cs_rank(dollar_volume), neg(cs_rank(abs_val(cs_accruals))))",debate,0.0070079915933010835,0.0740359061051087,3.8958647721238453,0.7074240015442215,0.04819739870550393,0.37388163989511203,2,4
343,"add(cs_rank(neg(ts_returns_5(close))), cs_rank(neg(returns)))",debate,0.010154742616873068,0.07400058414556696,3.889784939053139,0.8518950545644306,0.24984615086966047,0.4659977703455964,2,4
1135,"add(neg(cs_rank(ts_delta_5(ask))), cs_rank(dollar_volume))",debate,0.008532557056105396,0.07399148636561699,3.889306721106121,0.8462412845190727,0.11251714178829036,0.4659963209494511,2,4
1326,"sub(neg(cs_rank(cs_asset_growth)), add(cs_rank(cs_roa), cs_rank(cs_cash_at)))",debate,-0.00857219804585558,-0.0739018228761858,-3.888809139856014,-0.6378896990242275,0.0028770442523355934,0.435883425068031,3,3
818,"add(cs_rank(neg(ts_returns_5(close))), cs_rank(neg(ts_returns_1(close))))",debate,0.010100412161757244,0.07369422302260448,3.8736812974971926,0.850768746974038,0.24979175105052642,0.46589172286096303,2,4
536,"add(neg(cs_rank(ts_returns_5(close))), neg(cs_rank(ts_returns_1(close))))",debate,0.010100019628837663,0.07369133045470236,3.8735292518452455,0.850722720262811,0.2497916970389627,0.46589172286096303,2,4
779,"add(cs_rank(ts_returns_5(close)), cs_rank(ts_returns_1(close)))",debate,-0.010100019628837663,-0.07369133045470236,-3.8735292518452455,-0.850722720262811,0.2497916971855105,0.46589172286096303,2,3
1290,"add(neg(cs_rank(price)), neg(cs_rank(debt_at)))",debate,-0.009472649898932782,-0.07342420770846625,-3.8636764143388986,-0.2149125289185392,0.003898474073019566,0.43753295866442976,2,3
400,"add(add(cs_rank(neg(ptb)), cs_rank(cs_gp_at)), add(cs_rank(cs_opmargin), cs_rank(neg(cs_asset_growth))))",debate,0.006027917405113192,0.0733890910016631,3.861828527980175,0.6448034851002014,0.0038373902872124513,0.405465672864043,4,4
134,neg(cs_rank(ts_std_5(ts_returns_1(close)))),debate,0.012898898044462051,0.07342353311957239,3.8615473694873628,0.34075240255154554,0.1021508329080558,0.46778922398122547,1,4
102,"add(cs_rank(ts_std_20(ts_returns_1(close))), neg(cs_rank(ts_mean_20(dollar_volume))))",debate,-0.013686719231015176,-0.07307885768903988,-3.843419932063013,-0.14546215079971178,0.019835498072206893,0.4707200237700968,2,4
1004,"add(add(cs_rank(neg(cs_asset_growth)), cs_rank(cs_gp_at)), add(cs_rank(neg(cs_debt_at)), cs_rank(neg(cs_accruals))))",debate,0.005242086625932452,0.07297152579874144,3.839855708983164,0.745645459835159,0.004638158620575941,0.37232474686900235,4,4
271,"add(add(cs_rank(cs_bm), cs_rank(neg(cs_ep))), add(cs_rank(cs_roa), cs_rank(neg(debt_at))))",debate,-0.0053374291084827595,-0.07290904026956523,-3.8365676399273263,-1.0550623540297863,0.0024882660781675764,0.43721952674800196,4,4
1070,"add(cs_rank(dollar_volume), cs_rank(neg(cs_debt_at)))",debate,0.006459912312402073,0.07273445491533377,3.8273807336400787,0.18685938907385627,0.047533062437650986,0.43792562423680237,2,3
172,"add(neg(cs_rank(cs_debt_at)), cs_rank(dollar_volume))",debate,0.0064598988881643,0.07273430177271954,3.8273726750783985,0.18685337156039875,0.04753304417004693,0.43792562423680237,2,3
790,"add(cs_rank(dollar_volume), neg(cs_rank(cs_debt_at)))",debate,0.0064598988881643,0.07273430177271954,3.8273726750783985,0.18685337156039875,0.04753304417004693,0.43792562423680237,2,3
101,"mul(cs_rank(ts_returns_20(close)), sub(cs_rank(ts_mean_20(dollar_volume)), cs_rank(ts_std_20(ts_returns_1(close)))))",debate,0.012534129315056309,0.0729683884474412,3.825102866364591,0.31295127062961414,0.031304849834321476,0.46104252649073413,3,5
1138,"add(add(cs_rank(dollar_volume), cs_rank(market_cap)), add(neg(cs_rank(price)), neg(cs_rank(ts_std_20(returns)))))",debate,0.011130105844920517,0.07265966758838105,3.821373561345901,0.18314833724251015,0.03473376122244344,0.4676264084809,4,5
747,"add(cs_rank(abs_val(sub(ask, bid))), cs_rank(neg(dollar_volume)))",debate,-0.006499918907087513,-0.07240343080770958,-3.809961818583026,-0.5282055381610852,0.15917975394151135,0.4679710024144524,3,4
185,"add(cs_rank(abs_val(sub(ask, bid))), neg(cs_rank(dollar_volume)))",debate,-0.006498973299854716,-0.0723924564101326,-3.809384331642369,-0.5280259659640468,0.1591796012162819,0.4679710024144524,3,4
186,"add(cs_rank(dollar_volume), neg(cs_rank(abs_val(sub(ask, bid)))))",debate,0.006498973299854716,0.0723924564101326,3.809384331642369,0.5280259659640468,0.1591795865399506,0.4679710024144524,3,5
683,"cs_rank(add(cs_rank(dollar_volume), neg(cs_rank(abs_val(sub(ask, bid))))))",debate,0.006498973299854716,0.0723924564101326,3.809384331642369,0.5280259659640468,0.1591795865399506,0.4679710024144524,3,6
760,"sub(cs_rank(dollar_volume), cs_rank(abs_val(sub(ask, bid))))",debate,0.006498973299854716,0.0723924564101326,3.809384331642369,0.5280259659640468,0.1591795865399506,0.4679710024144524,3,4
110,"sub(neg(mul(cs_rank(ts_returns_5(close)), cs_rank(ts_returns_5(volume)))), cs_rank(dollar_volume))",debate,-0.00772387274497044,-0.07225601950601365,-3.7980832134722924,-0.16834099361017685,0.14361602119127445,0.4659977703455964,3,5
970,"sub(cs_rank(sub(ask, bid)), cs_rank(market_cap))",debate,-0.007358733183470327,-0.07217327081365323,-3.7978505031420644,0.10329244434739998,0.14543095837083744,0.4679710024144524,3,3
560,"add(add(cs_rank(neg(ts_std_20(returns))), cs_rank(neg(debt_at))), cs_rank(dollar_volume))",debate,0.010986970942654536,0.07218522624783592,3.796421374591628,-0.0084226748504866,0.04257903550974579,0.43722629059668017,3,5
690,"sub(add(cs_rank(cs_ep), cs_rank(cs_opmargin)), cs_rank(cs_asset_growth))",debate,0.007621779717082901,0.07214443012217599,3.7963328687962328,0.28143707329997375,0.0038514739583331123,0.4348416715885744,3,3
1299,"mul(cs_rank(ts_returns_20(close)), neg(cs_rank(ts_std_20(returns))))",debate,0.010194474723338879,0.0724044393199075,3.7955398806647387,1.042230884306546,0.05566390382706675,0.46104916955640024,2,4
208,"sub(cs_rank(ts_mean_20(dollar_volume)), cs_rank(ts_std_20(returns)))",debate,0.013565135765088351,0.0721051607685928,3.7922105088429787,0.13355339765901325,0.01969788641187394,0.4712279163360232,2,3
210,"add(cs_rank(ts_mean_20(dollar_volume)), neg(cs_rank(ts_std_20(returns))))",debate,0.013565135765088351,0.0721051607685928,3.7922105088429787,0.13355339765901325,0.01969788641187394,0.4712279163360232,2,4
692,"sub(add(cs_rank(cs_roa), cs_rank(cs_current_ratio)), cs_rank(cs_asset_growth))",debate,0.005001341939141764,0.07202758250059019,3.790184196394003,0.5545291051823762,0.0033296252910162832,0.37239745824229314,3,3
1176,"sub(cs_rank(cs_asset_growth), add(cs_rank(cs_roa), cs_rank(cs_current_ratio)))",debate,-0.005001341939141764,-0.07202758250059019,-3.790184196394003,-0.5545291051823762,0.003329743185653661,0.37239745824229314,3,3
1253,"mul(cs_rank(ts_returns_5(close)), mul(cs_rank(dollar_volume), neg(cs_rank(ask))))",debate,-0.009602982717558084,-0.07202609419258536,-3.7859973626427754,0.20618584523256536,0.08301922950175479,0.46599704564752376,3,4
1255,"mul(neg(cs_rank(ts_returns_5(close))), mul(cs_rank(dollar_volume), neg(cs_rank(ask))))",debate,0.009602982717558084,0.07202609419258536,3.7859973626427754,-0.20618584523256536,0.08301918241367906,0.46599704564752376,3,4
187,"sub(mul(cs_rank(ts_returns_5(close)), cs_rank(ts_mean_5(dollar_volume))), cs_rank(abs_val(ts_returns_5(close))))",debate,0.009242802216368699,0.07201431014665319,3.785377943148763,0.1958912632835881,0.16956291769959853,0.4659977703455964,3,4
358,"sub(cs_rank(ts_mean_5(ts_returns_5(close))), cs_rank(ts_rank_5(dollar_volume)))",debate,-0.007599890214040576,-0.07194752034372452,-3.781867187490359,-1.3242621303493316,0.21477516718328835,0.4661470581485655,2,4
1041,"add(add(cs_rank(ts_returns_20(close)), cs_rank(ts_rank_20(volume))), cs_rank(cs_roa))",debate,0.00807695358757053,0.07199649212751935,3.7741547300792453,0.036354470988267606,0.14989159392325804,0.43151252942576135,3,4
912,"mul(neg(cs_rank(ts_returns_5(close))), sub(cs_rank(dollar_volume), cs_rank(ts_std_20(returns))))",debate,-0.012389903624979793,-0.07179681589656645,-3.7739455217957927,-0.1592206238017659,0.0715050062876272,0.4659977703455964,3,4
852,"add(cs_rank(ts_rank_20(returns)), cs_rank(ts_rank_20(sub(close, ts_min_20(low)))))",debate,-0.008012570020403691,-0.071624954203987,-3.766955112955883,-0.6493603986686028,0.26325721753850934,0.46796592952794375,3,5
1440,"add(cs_rank(dollar_volume), cs_rank(neg(debt_at)))",debate,0.006328831164917407,0.07156562412682954,3.7658753515482783,0.15459218262701702,0.04773464546911211,0.43753295866442976,2,3
448,"add(cs_rank(dollar_volume), cs_rank(neg(accrual)))",debate,0.008597636039871698,0.07140240819291274,3.757286718807119,0.8096503997389135,0.04458274503497764,0.4374637499984902,2,3
617,"add(neg(cs_rank(ts_returns_5(close))), neg(cs_rank(ts_rank_5(returns))))",debate,0.008754439868578275,0.07142687469529922,3.7544998413374624,0.6731222047926205,0.2822926530797204,0.4659977703455964,2,4
1088,"add(add(cs_rank(neg(debt_at)), cs_rank(cs_cash_at)), add(cs_rank(cs_roa), cs_rank(neg(cs_accruals))))",debate,0.006988765035616788,0.07125092604921453,3.7493155332258707,0.6535907367779553,0.004234642049056845,0.37362473442835215,4,4
430,"add(cs_rank(neg(dollar_volume)), cs_rank(sub(ask, bid)))",debate,-0.006392131653808864,-0.07115586586267893,-3.7443133437283884,-0.49605154527925227,0.1592247960985935,0.4679710024144524,3,3
435,"add(cs_rank(sub(ask, bid)), cs_rank(neg(dollar_volume)))",debate,-0.006392131653808864,-0.07115586586267893,-3.7443133437283884,-0.49605154527925227,0.1592247960985935,0.4679710024144524,3,3
370,"add(neg(cs_rank(ts_returns_5(close))), add(cs_rank(abs_val(ts_returns_5(close))), neg(cs_rank(dollar_volume))))",debate,-0.009398551044297855,-0.07122950488210691,-3.7441252458441485,-0.12510551489509836,0.13265621146518494,0.4659977703455964,3,5
189,"sub(cs_rank(dollar_volume), cs_rank(sub(ask, bid)))",debate,0.006390923558814426,0.07114209426787416,3.7435886646655065,0.49578065805350086,0.15922474281766713,0.4679710024144524,3,3
433,"sub(cs_rank(sub(ask, bid)), cs_rank(dollar_volume))",debate,-0.006390923558814426,-0.07114209426787416,-3.7435886646655065,-0.49578065805350086,0.15922475781811807,0.4679710024144524,3,3
682,"add(cs_rank(sub(ask, bid)), neg(cs_rank(dollar_volume)))",debate,-0.006390923558814426,-0.07114209426787416,-3.7435886646655065,-0.49578065805350086,0.15922475781811807,0.4679710024144524,3,3
898,"cs_rank(sub(cs_rank(dollar_volume), cs_rank(sub(ask, bid))))",debate,0.006390923558814426,0.07114209426787416,3.7435886646655065,0.49578065805350086,0.15922474281766713,0.4679710024144524,3,4
969,"sub(cs_rank(sub(ask, bid)), cs_rank(log_abs(dollar_volume)))",debate,-0.006390923558814426,-0.07114209426787416,-3.7435886646655065,-0.49578065805350086,0.15922475781811807,0.4679710024144524,3,3
1144,"add(add(cs_rank(cs_bm), cs_rank(roe)), add(cs_rank(roa), add(neg(cs_rank(debt_at)), neg(cs_rank(accrual)))))",debate,0.005482365895312927,0.07070668246958052,3.7206767348252607,0.023499271093406274,0.0019999217767197857,0.43440938918822947,5,5
764,"mul(neg(cs_rank(ts_returns_5(close))), cs_rank(ts_std_5(ts_returns_1(close))))",debate,0.009256084841460854,0.0706721496093986,3.7148282859550488,0.8331670028139198,0.13391013155535192,0.46593508396231087,2,4
517,"add(add(neg(cs_rank(ts_std_20(returns))), neg(cs_rank(abs_val(cs_accruals)))), cs_rank(dollar_volume))",debate,0.01154602780249955,0.07051880592744948,3.7087797053441265,0.2061315922649147,0.04119836418447944,0.3736069793255718,3,5
77,"neg(sub(cs_rank(ts_returns_5(close)), cs_rank(ts_mean_5(dollar_volume))))",debate,0.009481119721923541,0.07053467937608897,3.7076022667381725,0.7649718556356234,0.09982400236760662,0.4659977703455964,2,4
561,"add(add(cs_rank(neg(ts_std_20(returns))), cs_rank(roe)), add(cs_rank(curr_ratio), cs_rank(neg(debt_at))))",debate,0.007886164450915974,0.07043712440603968,3.7044838474531407,0.003254315519786569,0.014280047810040969,0.3723516814807031,4,5
1342,"add(cs_rank(neg(ts_std_20(returns))), add(cs_rank(curr_ratio), add(cs_rank(roe), cs_rank(neg(debt_at)))))",debate,0.007886164450915974,0.07043712440603968,3.7044838474531407,0.003254315519786569,0.014280047810040969,0.3723516814807031,4,5
150,"add(add(cs_rank(cs_roe), cs_rank(cs_bm)), add(neg(cs_rank(cs_debt_at)), neg(cs_rank(cs_accruals))))",debate,0.004320187798254053,0.07036101908884855,3.702487482355046,0.5799318866524128,0.00535775586527301,0.37357086520495064,4,4
589,"add(add(cs_rank(cs_bm), cs_rank(cs_roe)), neg(add(cs_rank(cs_accruals), cs_rank(cs_debt_at))))",debate,0.004320187798254053,0.07036101908884855,3.702487482355046,0.5799318866524128,0.00535775586527301,0.37357086520495064,4,4
755,"add(add(cs_rank(cs_bm), cs_rank(cs_roe)), add(neg(cs_rank(cs_debt_at)), neg(cs_rank(cs_accruals))))",debate,0.004320187798254053,0.07036101908884855,3.702487482355046,0.5799318866524128,0.00535775586527301,0.37357086520495064,4,4
1410,"mul(cs_rank(dollar_volume), mul(neg(cs_rank(returns)), cs_rank(cs_roa)))",debate,-0.008659353260653795,-0.0703255116308916,-3.700619034167139,-0.12402081426748471,0.17561622823124937,0.43792320857656014,3,4
1327,"sub(neg(cs_rank(cs_asset_growth)), add(cs_rank(cs_roa), neg(cs_rank(cs_debt_at))))",debate,-0.006195812001251411,-0.0703054276307121,-3.699562188200108,-0.1837746389691977,0.002862647330914905,0.435883425068031,3,4
578,"add(cs_rank(ask), add(cs_rank(neg(dollar_volume)), cs_rank(neg(market_cap))))",debate,-0.00760305761129717,-0.07029597188644321,-3.6990646147532584,-0.5663976459716618,0.03796939855516941,0.4679710024144524,3,4
665,"sub(add(cs_rank(ask), cs_rank(neg(dollar_volume))), cs_rank(market_cap))",debate,-0.00760232998884179,-0.070288323723244,-3.698662158551305,-0.5662687721229823,0.037970260451289324,0.4679710024144524,3,4
140,"mul(neg(cs_rank(ts_returns_5(close))), cs_rank(ts_std_5(returns)))",debate,0.009216714344392852,0.07025010445124989,3.692643800268587,0.8274380624230889,0.13377762826928857,0.4659849673463127,2,4
1097,"mul(neg(cs_rank(ts_returns_5(close))), neg(cs_rank(ts_std_5(returns))))",debate,-0.009216714344392852,-0.07025010445124989,-3.692643800268587,-0.8274380624230889,0.13377762084695874,0.4659849673463127,2,4
1445,"add(add(cs_rank(neg(ts_std_20(returns))), cs_rank(neg(ts_std_5(returns)))), add(add(cs_rank(cs_roa), cs_rank(cs_bm)), add(cs_rank(neg(debt_at)), cs_rank(neg(accrual)))))",debate,0.010377590270998242,0.07018243866694872,3.6910892176383236,0.09968866907948827,0.05109422521477025,0.43681913106285425,6,5
1419,"add(add(cs_rank(cs_bm), cs_rank(neg(pe_op_dil))), sub(add(cs_rank(cs_roa), cs_rank(cs_gp_at)), cs_rank(cs_debt_at)))",debate,0.005424175242147073,0.0700954927593559,3.6885151447750464,0.6543639805004686,0.0034541842564087487,0.40586075409665784,5,4
603,"add(sub(cs_rank(ts_returns_5(close)), cs_rank(ts_returns_5(volume))), cs_rank(ts_corr_10(ts_returns_5(close), ts_returns_5(volume))))",debate,-0.006839632289175799,-0.07009534151154265,-3.6825079834904137,-0.9138333976853437,0.1716873015419158,0.4652702942636524,4,4
216,"mul(neg(cs_rank(ts_returns_5(close))), add(cs_rank(ts_mean_20(dollar_volume)), neg(cs_rank(ts_std_20(returns)))))",debate,-0.012042313940098798,-0.07004560324264397,-3.681894348349549,-0.16822365753582705,0.05239903673071496,0.4659977703455964,3,5
265,"add(add(neg(cs_zscore(ts_std_20(returns))), cs_zscore(cs_roa)), add(cs_zscore(cs_cash_at), neg(cs_zscore(cs_leverage))))",debate,0.009493735110456064,0.0699260562916788,3.677605357018403,0.30694072781053044,0.013829273941562761,0.4376053076886842,4,5
49,"add(cs_rank(ts_returns_20(close)), add(cs_rank(dollar_volume), cs_rank(roa)))",debate,0.009362600400096755,0.06986794965249211,3.6625736180985413,-0.07457957692363662,0.05406913267423359,0.4312742245428665,3,3
1300,"add(cs_rank(ts_std_5(ts_returns_5(close))), cs_rank(neg(ts_returns_5(volume))))",debate,-0.008701697352546956,-0.06929313607048651,-3.6423414785014896,-0.32914069842210336,0.20506588209517349,0.4656100568767204,2,4
1313,cs_rank(ts_rank_20(dollar_volume)),debate,0.004250625430857776,0.06918573572911667,3.638669844118423,0.24717754324578073,0.24686172713528332,0.4679717271125251,1,2
1356,"add(neg(cs_rank(log_abs(market_cap))), neg(cs_rank(de_ratio)))",debate,-0.008244735039497778,-0.0690010689720755,-3.630925154958661,0.06945419919091174,0.002819660911724871,0.43752824812695745,2,4
526,"add(add(add(cs_rank(cs_roa), cs_rank(cs_cash_at)), add(cs_rank(neg(cs_debt_at)), cs_rank(neg(cs_accruals)))), add(cs_rank(cs_bm), cs_rank(neg(ts_returns_20(close)))))",debate,0.006116214894960347,0.06893319220379504,3.6135723523114764,1.237760154058366,0.029143833924267514,0.3682309274565151,6,5
1339,"add(add(neg(cs_rank(cs_asset_growth)), cs_rank(cs_roa)), add(cs_rank(cs_cash_at), neg(cs_rank(cs_debt_at))))",debate,0.005274682135383645,0.06853893461699312,3.6066070497490403,0.454670597968926,0.0026659658043536446,0.435883425068031,4,4
1257,"add(neg(cs_rank(ts_returns_5(close))), add(cs_rank(ts_std_5(returns)), cs_rank(neg(dollar_volume))))",debate,-0.010969545250061996,-0.0686006684238452,-3.605942438496772,-0.0795875854279616,0.10683488836508792,0.4659849673463127,3,4
861,"add(add(neg(cs_rank(ts_returns_5(close))), cs_rank(ts_std_5(returns))), neg(cs_rank(dollar_volume)))",debate,-0.010969336012184276,-0.06859928588137292,-3.605869766193595,-0.07957550812377973,0.1068348776651,0.4659849673463127,3,5
1163,"add(add(neg(cs_rank(ts_std_20(returns))), cs_rank(roe)), neg(cs_rank(debt_at)))",debate,0.009948239397877002,0.06846181933356688,3.6005970718859612,-0.13663890820133803,0.01702449548560432,0.43436264616254255,3,5
164,"add(add(cs_rank(cs_bm), cs_rank(cs_roe)), add(cs_rank(neg(cs_accruals)), add(cs_rank(neg(cs_debt_at)), cs_rank(neg(ts_rank_20(ts_returns_20(close)))))))",debate,0.004855645345610353,0.06830523214130897,3.580653825726391,0.7636626205512133,0.06440761630520982,0.3682309274565151,5,7
320,"add(add(neg(cs_rank(ts_std_10(returns))), neg(cs_rank(ts_std_10(sub(high, low))))), add(cs_rank(cs_roa), neg(cs_rank(cs_debt_at))))",debate,0.008619026829462337,0.06786532051671187,3.569225543722401,0.07425794986354763,0.03941403570398447,0.43758719023686754,5,6
452,"add(add(cs_rank(neg(returns)), cs_rank(neg(accrual))), add(cs_rank(cash_ratio), cs_rank(dollar_volume)))",debate,0.007991398321760282,0.0678083798633492,3.5681643173161004,0.8082396717305189,0.16332690175035103,0.3753864754430019,4,4
723,"neg(cs_rank(add(cs_bm, neg(cs_roa))))",debate,0.009947751564979242,0.06777288203034271,3.5662963756054875,0.550378251049706,0.0013768442157938404,0.4373650702775956,2,4
585,"add(cs_rank(dollar_volume), add(cs_rank(ts_returns_5(close)), sub(cs_rank(gprof), cs_rank(debt_at))))",debate,0.007869511923534562,0.06782758518809152,3.5653059008019645,0.03862052443147022,0.07842231122840794,0.4357822089038821,4,4
631,"add(add(sub(cs_rank(cs_roa), cs_rank(cs_accruals)), cs_rank(cs_bm)), neg(cs_rank(cs_debt_at)))",debate,0.004196617531823742,0.0674453057337482,3.54905888880721,0.38680104410804966,0.004927791717414615,0.37357086520495064,4,4
1148,"add(add(cs_rank(cs_bm), add(cs_rank(cs_roa), neg(cs_rank(cs_debt_at)))), neg(cs_rank(cs_accruals)))",debate,0.00419660262390714,0.06744504438052563,3.5490451360638935,0.3868025900304316,0.00492777823055761,0.37357086520495064,4,5
154,"add(add(cs_rank(cs_roa), cs_rank(cs_bm)), add(neg(cs_rank(cs_debt_at)), neg(cs_rank(cs_accruals))))",debate,0.004196595820472331,0.06744498323357628,3.549041918432633,0.38679831653230046,0.004927777089412684,0.37357086520495064,4,4
165,"add(add(cs_rank(cs_roa), cs_rank(cs_bm)), add(neg(cs_rank(cs_accruals)), neg(cs_rank(cs_debt_at))))",debate,0.004196595820472331,0.06744498323357628,3.549041918432633,0.38679831653230046,0.004927777089412684,0.37357086520495064,4,4
378,"sub(add(cs_rank(cs_bm), cs_rank(cs_roa)), add(cs_rank(cs_accruals), cs_rank(cs_debt_at)))",debate,0.004196595820472331,0.06744498323357628,3.549041918432633,0.38679831653230046,0.004927777089412684,0.37357086520495064,4,3
475,"add(add(cs_rank(cs_bm), cs_rank(cs_roa)), add(neg(cs_rank(cs_debt_at)), neg(cs_rank(cs_accruals))))",debate,0.004196595820472331,0.06744498323357628,3.549041918432633,0.38679831653230046,0.004927777089412684,0.37357086520495064,4,4
562,"add(add(cs_rank(cs_bm), cs_rank(cs_roa)), add(neg(cs_rank(cs_accruals)), neg(cs_rank(cs_debt_at))))",debate,0.004196595820472331,0.06744498323357628,3.549041918432633,0.38679831653230046,0.004927777089412684,0.37357086520495064,4,4
1366,"add(add(cs_rank(cs_bm), cs_rank(cs_roa)), neg(add(cs_rank(cs_debt_at), cs_rank(cs_accruals))))",debate,0.004196595820472331,0.06744498323357628,3.549041918432633,0.38679831653230046,0.004927777089412684,0.37357086520495064,4,4
282,"add(add(cs_rank(cs_bm), neg(cs_rank(cs_debt_at))), add(cs_rank(cs_roa), neg(cs_rank(cs_accruals))))",debate,0.0041965743337517075,0.06744462349192887,3.5490229883636304,0.38679587395078535,0.004927792091443822,0.37357086520495064,4,4
45,"add(cs_rank(curr_ratio), add(cs_rank(neg(debt_at)), cs_rank(bm)))",debate,-0.006750854948500361,-0.0673034763030065,-3.5415956414189425,-0.46499694069388925,0.001000592441731701,0.3733575624055628,3,4
610,"add(cs_rank(debt_at), add(cs_rank(neg(curr_ratio)), cs_rank(neg(bm))))",debate,0.006750846488835968,0.06730339356079841,3.5415912874173423,0.46499589079792564,0.0010005882712340825,0.3733575624055628,3,4
468,"sub(cs_rank(ts_mean_20(dollar_volume)), cs_rank(ts_returns_5(close)))",debate,0.009094899107290479,0.06736080921766578,3.54077017367713,0.7362491873823933,0.09865640687290902,0.4659977703455964,2,3
1406,"mul(sub(cs_rank(ts_returns_5(close)), cs_rank(ts_rank_5(volume))), neg(cs_rank(ts_returns_20(close))))",debate,0.006312328715522672,0.06732431302139243,3.5292327019068996,0.8952851728648717,0.22229388025921903,0.46084432156786015,3,4
596,"add(sub(cs_rank(cs_roe), cs_rank(cs_accruals)), cs_rank(cs_bm))",debate,0.005555472734009771,0.06705742237121753,3.5286479664956656,0.6686597483530867,0.006195960668259029,0.37357086520495064,3,3
1086,"add(add(add(cs_rank(neg(cs_debt_at)), cs_rank(cs_current_ratio)), cs_rank(cs_cash_at)), add(cs_rank(cs_roa), cs_rank(cs_roe)))",debate,0.006792050484192201,0.06703303366907754,3.5273646015650044,0.557194336651823,0.0027661447018023314,0.3741992992169637,5,5
1362,"sub(add(add(cs_rank(cs_current_ratio), cs_rank(cs_cash_at)), add(cs_rank(cs_roa), cs_rank(cs_roe))), cs_rank(cs_debt_at))",debate,0.0067920440113294804,0.06703298725035126,3.5273621589518185,0.557194601876227,0.002766165381963473,0.3741992992169637,5,4
1291,"add(add(cs_rank(safe_div(add(ask, neg(bid)), add(ask, bid))), cs_rank(ts_delta_5(dollar_volume))), cs_rank(neg(ts_returns_5(returns))))",debate,-0.005082660040288834,-0.0669445723526653,-3.518890996542897,-0.40874881766584387,0.2640901601787471,0.46586599607938345,6,6
289,"sub(add(cs_rank(cs_roa), cs_rank(cs_current_ratio)), add(cs_rank(cs_debt_at), cs_rank(cs_accruals)))",debate,0.005950534041017391,0.0667514711068664,3.51254841675719,0.664999312363672,0.004122027131405263,0.37388163989511203,4,3
1338,"add(add(cs_rank(cs_roa), cs_rank(cs_current_ratio)), add(neg(cs_rank(cs_accruals)), neg(cs_rank(cs_debt_at))))",debate,0.005950534041017391,0.0667514711068664,3.51254841675719,0.664999312363672,0.004122027131405263,0.37388163989511203,4,4
69,"add(add(cs_rank(neg(cs_debt_at)), cs_rank(cs_current_ratio)), add(cs_rank(cs_roa), cs_rank(neg(cs_accruals))))",debate,0.005950527279417598,0.06675136560979879,3.5125428653655626,0.6649939912154494,0.004121999397704824,0.37388163989511203,4,4
837,"add(add(cs_rank(neg(cs_accruals)), cs_rank(cs_roa)), sub(cs_rank(cs_current_ratio), cs_rank(cs_debt_at)))",debate,0.005950509793972079,0.06675116624754536,3.5125323746669155,0.6649891568270817,0.004122014073940328,0.37388163989511203,4,4
160,"add(add(cs_rank(cs_current_ratio), neg(cs_rank(cs_debt_at))), add(neg(cs_rank(cs_accruals)), cs_rank(cs_roa)))",debate,0.005950476837757508,0.06675084056641141,3.512515236906017,0.6649881247881032,0.0041220269059665275,0.37388163989511203,4,4
530,"sub(cs_rank(cs_asset_growth), add(cs_rank(cs_debt_at), cs_rank(neg(add(cs_roa, cs_roe)))))",debate,0.005651876420595504,0.06667243647787024,3.508389512745846,0.2114330582891979,0.002993135317863452,0.4358798015776677,4,5
226,"add(add(neg(cs_rank(debt_at)), neg(cs_rank(accrual))), add(cs_rank(curr_ratio), cs_rank(bm)))",debate,-0.007087637871301743,-0.06655512826862049,-3.5022166036272866,-0.3007087680328285,0.0014297552923546117,0.37330308926710076,4,4
647,"add(add(cs_rank(neg(debt_at)), cs_rank(curr_ratio)), add(cs_rank(bm), cs_rank(neg(accrual))))",debate,-0.007087637871301743,-0.06655512826862049,-3.5022166036272866,-0.3007087680328285,0.0014297552793693575,0.37330308926710076,4,4
652,"add(add(cs_rank(neg(debt_at)), cs_rank(curr_ratio)), add(cs_rank(neg(accrual)), cs_rank(bm)))",debate,-0.007087637871301743,-0.06655512826862049,-3.5022166036272866,-0.3007087680328285,0.0014297552793693575,0.37330308926710076,4,4
638,"mul(cs_rank(neg(market_cap)), neg(cs_rank(ts_returns_5(close))))",debate,0.00856993949517144,0.06647980783495586,3.4944609999142724,0.5679770021535665,0.09526117836947338,0.4659977703455964,2,4
36,"add(add(cs_rank(neg(ts_std_20(returns))), cs_rank(neg(ts_std_5(returns)))), add(cs_rank(cs_current_ratio), cs_rank(neg(cs_debt_at))))",debate,0.009285356817454482,0.06640578944588156,3.492464754261733,0.08757156567419473,0.05523577054384276,0.3738803112819788,4,5
1371,"add(add(cs_rank(cs_bm), cs_rank(cs_roa)), neg(cs_rank(add(ts_mean_5(ts_returns_5(close)), ts_delta_5(ts_mean_5(ts_returns_5(close)))))))",debate,0.007371629075392035,0.06636989648157764,3.4848936037266602,1.09770092180193,0.07062092736745988,0.4341786936350976,4,7
720,"add(add(cs_rank(neg(cs_debt_at)), cs_rank(cs_cash_at)), cs_rank(cs_roa))",debate,0.0065610306138966035,0.06619634246007988,3.483336832097957,0.4442579447240961,0.002310119547042532,0.43792562423680237,3,4
1013,"add(add(cs_rank(neg(ts_std_20(returns))), cs_rank(neg(ts_std_20(high)))), add(cs_rank(dollar_volume), add(cs_rank(cs_roa), add(cs_rank(neg(cs_accruals)), add(cs_rank(neg(cs_asset_growth)), cs_rank(cs_bm))))))",debate,0.00962678926662623,0.06610666895299257,3.4767331774307166,0.17938793148016313,0.030544937908532244,0.37205141491259536,7,7
721,"sub(add(cs_rank(curr_ratio), cs_rank(bm)), cs_rank(cs_debt_at))",debate,-0.0064810855838664545,-0.06602809092227739,-3.47448321939212,-0.41375890836364265,0.0014235217469094313,0.3732800197117876,3,3
1348,"add(add(cs_rank(neg(ts_std_20(returns))), cs_rank(neg(ts_std_5(returns)))), add(cs_rank(cs_roa), cs_rank(cs_bm)))",debate,0.01186835206219144,0.06593296146288194,3.467597418458119,0.09119349712625532,0.055773510533211015,0.4370166112876556,4,5
314,"add(add(neg(cs_rank(ts_std_20(returns))), neg(cs_rank(ts_std_5(returns)))), add(cs_rank(cs_roa), cs_rank(cs_bm)))",debate,0.01186835009805463,0.06593295144036115,3.4675968913459365,0.09119341822760553,0.05577351054690217,0.4370166112876556,4,5
827,"add(neg(cs_rank(ts_returns_5(close))), add(cs_rank(dollar_volume), neg(cs_rank(abs_val(sub(ask, bid))))))",debate,0.007300340364595952,0.06540580663492947,3.438006936198102,0.7450982232858679,0.16235614581742155,0.46599704564752376,4,6
767,"mul(cs_rank(dollar_volume), neg(cs_rank(ts_std_5(volume))))",debate,-0.006831216175411831,-0.06506842242230752,-3.4221289110721766,-0.7106986945887096,0.056811107280166355,0.4675722976914743,2,4
170,"add(add(add(cs_rank(cs_bm), cs_rank(neg(ptb))), add(cs_rank(cs_roa), cs_rank(cs_roe))), add(cs_rank(neg(cs_accruals)), cs_rank(neg(cs_debt_at))))",debate,0.005274031054000798,0.06466036720390723,3.40251183506366,0.46380583427198846,0.0050221295717518665,0.3714316772774543,6,5
547,"add(add(cs_rank(neg(dollar_volume)), cs_rank(neg(market_cap))), add(cs_rank(bm), cs_rank(roa)))",debate,-0.009175720123917194,-0.06440881232260041,-3.389274693088958,-0.24952785143075268,0.02977242396594016,0.4353664737761963,4,4
832,"sub(add(cs_rank(cs_roa), cs_rank(cs_cash_at)), add(cs_rank(cs_leverage), cs_rank(cs_accruals)))",debate,0.006129006992283338,0.06440235891170804,3.3889351062927897,0.6648729542068689,0.004236178111536348,0.37388163989511203,4,3
1120,"sub(add(cs_rank(cs_roa), cs_rank(cs_cash_at)), add(cs_rank(cs_accruals), cs_rank(cs_leverage)))",debate,0.006129006992283338,0.06440235891170804,3.3889351062927897,0.6648729542068689,0.004236178111536348,0.37388163989511203,4,3
1141,"sub(add(cs_rank(market_cap), cs_rank(price)), add(cs_rank(ts_std_20(dollar_volume)), cs_rank(ts_std_20(returns))))",debate,0.012161996254579458,0.0644109304774482,3.3875495850406177,-0.14021043343974524,0.019505125962462618,0.4676264084809,4,4
1142,"sub(add(cs_rank(market_cap), cs_rank(price)), add(cs_rank(ts_std_20(returns)), cs_rank(ts_std_20(dollar_volume))))",debate,0.012161996254579458,0.0644109304774482,3.3875495850406177,-0.14021043343974524,0.019505125962462618,0.4676264084809,4,4
949,"add(mul(cs_rank(neg(ts_returns_5(close))), cs_rank(neg(dollar_volume))), mul(cs_rank(cs_roa), neg(cs_rank(ts_std_5(returns)))))",debate,-0.005983498677184659,-0.06436973474614835,-3.383546598144155,0.011444588772382002,0.09877137233590384,0.43615047630780823,4,5
523,"sub(add(add(cs_rank(cs_roa), cs_rank(cs_gp_at)), add(cs_rank(cs_bm), cs_rank(cs_current_ratio))), add(cs_rank(cs_debt_at), cs_rank(cs_accruals)))",debate,0.005649708649033305,0.06413525810473422,3.3748799176790674,0.7750952143462578,0.0037222819277477758,0.37357086520495064,6,4
1375,"add(add(add(cs_rank(cs_bm), cs_rank(cs_roa)), add(neg(cs_rank(pe_op_dil)), neg(cs_rank(accrual)))), neg(ts_rank_5(returns)))",debate,0.005779184202130924,0.06405752454969271,3.3707894778556087,0.6138573357588069,0.15185935634521344,0.4332162945945979,5,5
950,"add(add(cs_rank(ts_returns_5(close)), cs_rank(neg(sub(high, ts_max_20(high))))), cs_rank(ts_mean_10(dollar_volume)))",debate,0.0069786859323541115,0.0636432895862612,3.3453615557609946,0.39250896757173964,0.09631968509118367,0.4659977703455964,4,6
241,"add(sub(cs_rank(ts_returns_20(close)), add(cs_rank(ts_returns_5(close)), cs_rank(ts_std_20(ts_returns_20(close))))), cs_rank(dollar_volume))",debate,0.010173779941928803,0.06341112270877441,3.3240979058683804,-0.05325104088029543,0.0867197175722839,0.4605214685764877,4,6
1344,"add(add(cs_rank(neg(ts_std_20(returns))), cs_rank(neg(ts_std_5(returns)))), cs_rank(neg(abs_val(ts_returns_5(close)))))",debate,0.012474080762306931,0.06286791986547773,3.304604830703682,0.12532207512395716,0.09305318638701564,0.4659849673463127,3,5
1202,"add(add(cs_rank(neg(cs_debt_at)), cs_rank(cs_cash_at)), cs_rank(cs_roe))",debate,0.00593992635678857,0.0627934380458895,3.304271617290864,0.49494372799993724,0.0024810504699699395,0.437922000746439,3,4
423,"mul(cs_rank(dollar_volume), mul(cs_rank(abs_val(ts_returns_5(close))), neg(cs_rank(ts_rank_5(volume)))))",debate,-0.005354023116085647,-0.06264729409941663,-3.2930078035734187,-0.5753976654136096,0.2280395346717838,0.4659977703455964,3,5
35,"add(add(cs_rank(neg(ts_std_20(returns))), cs_rank(neg(ts_std_20(close)))), add(cs_rank(cs_roa), cs_rank(neg(debt_at))))",debate,0.008558345387358387,0.06222053932993195,3.272350835886648,-0.0819932913443873,0.021348509802883584,0.4371477816388081,4,5
602,"sub(cs_rank(ts_returns_5(close)), cs_rank(ts_rank_5(volume)))",debate,-0.0065355406495090996,-0.062249422558839765,-3.2720939858774742,-0.9484005237091757,0.23225757152128815,0.4659977703455964,2,3
815,"sub(cs_rank(ts_rank_5(volume)), cs_rank(ts_returns_5(close)))",debate,0.0065355406495090996,0.062249422558839765,3.2720939858774742,0.9484005237091757,0.23225757349736187,0.4659977703455964,2,3
857,"add(neg(cs_rank(ts_returns_5(close))), cs_rank(ts_rank_5(volume)))",debate,0.0065355406495090996,0.062249422558839765,3.2720939858774742,0.9484005237091757,0.23225757349736187,0.4659977703455964,2,4
1332,"sub(cs_rank(ts_returns_5(price)), cs_rank(ts_rank_5(volume)))",debate,-0.0065355406495090996,-0.062249422558839765,-3.2720939858774742,-0.9484005237091757,0.23225757152128815,0.4659977703455964,2,3
454,"add(add(neg(cs_rank(market_cap)), neg(cs_rank(ts_mean_20(dollar_volume)))), neg(cs_rank(bm)))",debate,-0.007580489442737301,-0.062164549254643986,-3.2711786787926362,-0.03423203174519295,0.004124384571317113,0.43546297940287293,3,5
1134,"add(add(cs_rank(neg(ask)), cs_rank(dollar_volume)), neg(cs_rank(market_cap)))",debate,-0.008765083478763416,-0.06210160070577139,-3.267866245043789,0.28729616954917797,0.04816478722438588,0.4679710024144524,3,4
492,"sub(neg(cs_rank(market_cap)), add(cs_rank(cs_leverage), cs_rank(cs_accruals)))",debate,-0.0069943239625155605,-0.062082210393473274,-3.2668459018268714,0.10253935987905438,0.0059030217412692374,0.37388163989511203,3,3
933,"add(add(cs_rank(cs_debt_at), neg(cs_rank(curr_ratio))), add(neg(cs_rank(cs_roa)), cs_rank(cs_accruals)))",debate,-0.005490845438327218,-0.06200621098557248,-3.2628467150603497,-0.6077604328104097,0.004417494417365562,0.37361700431557704,4,4
656,"add(add(cs_rank(neg(cs_debt_at)), cs_rank(curr_ratio)), add(cs_rank(cs_roa), cs_rank(neg(cs_accruals))))",debate,0.00549084538066066,0.06200621038912979,3.262846683674767,0.6077604271247093,0.004417448510184456,0.37361700431557704,4,4
1025,"sub(add(cs_rank(cs_debt_at), cs_rank(cs_accruals)), add(cs_rank(cs_roa), cs_rank(curr_ratio)))",debate,-0.00549084538066066,-0.06200621038912979,-3.262846683674767,-0.6077604271247093,0.0044174957704408244,0.37361700431557704,4,3
456,"add(add(neg(cs_rank(market_cap)), cs_rank(dollar_volume)), neg(cs_rank(abs_val(price))))",debate,-0.008744959592206877,-0.06195617117116239,-3.2602135555514065,0.28907552605062536,0.04816513937230223,0.4679717271125251,3,4
1261,"add(add(sub(neg(cs_rank(pe_op_dil)), neg(cs_rank(ptb))), add(cs_rank(roe), cs_rank(roa))), sub(cs_rank(curr_ratio), add(cs_rank(debt_at), cs_rank(accrual))))",debate,0.0061647299683502835,0.06189877270633641,3.257193174376196,0.3975741101304599,0.0014390562201653592,0.36859484667200526,7,5
10,"add(add(add(cs_rank(cs_roa), cs_rank(cs_gp_at)), add(cs_rank(cs_cash_at), neg(cs_rank(cs_accruals)))), add(neg(cs_rank(cs_debt_at)), cs_rank(cs_current_ratio)))",debate,0.007149166227835625,0.06164560093709656,3.2438709496751503,0.7151826711700286,0.0030939687955959857,0.37388163989511203,6,5
917,"mul(neg(cs_rank(ts_returns_20(close))), mul(cs_rank(ts_std_20(returns)), cs_rank(neg(ts_returns_20(dollar_volume)))))",debate,0.008068364401496669,0.06164681424890634,3.231610439849397,0.937447368318393,0.13992157440952788,0.46104916955640024,3,5
1443,"add(add(add(cs_rank(neg(ts_std_20(returns))), cs_rank(neg(ts_std_5(returns)))), cs_rank(cs_roa)), add(cs_rank(cs_bm), cs_rank(neg(debt_at))))",debate,0.009524936741280115,0.06143068592075635,3.230810253121235,-0.03719400666974941,0.049457411032172376,0.4368744496824011,5,6
337,"sub(add(add(cs_rank(cs_roe), cs_rank(cs_roa)), add(cs_rank(cs_bm), cs_rank(cs_accruals))), add(cs_rank(cs_asset_growth), cs_rank(cs_debt_at)))",debate,0.0045958084490697985,0.06128980723008604,3.2251486263835605,0.0389621590289962,0.004706330002304516,0.3723005902665802,6,4
809,"sub(cs_rank(ts_returns_5(close)), cs_rank(ts_rank_10(volume)))",debate,-0.006395436864117503,-0.061243741928769975,-3.2192311414349515,-0.9446634014714872,0.21733437549881746,0.4659977703455964,2,3
1170,"sub(add(cs_rank(cs_roa), cs_rank(cs_bm)), add(cs_rank(ts_std_20(returns)), add(cs_rank(ts_std_5(returns)), cs_rank(cs_debt_at))))",debate,0.009550614920862207,0.061036272333319555,3.2100669479934867,-0.02519889056558715,0.049120089132306165,0.4370166112876556,5,5
1049,"add(add(cs_rank(cs_bm), cs_rank(cs_roe)), neg(add(cs_rank(cs_accruals), cs_rank(debt_at))))",debate,0.0038311453590558395,0.06069710369374694,3.1939598026220395,0.48204383653478183,0.005515250869393434,0.37345177315500927,4,4
99,"add(cs_rank(abs_val(sub(ask, bid))), neg(cs_rank(ts_mean_20(dollar_volume))))",debate,-0.005511826668973266,-0.060632905380531885,-3.190581604663211,-0.44454364422684933,0.14353836316974702,0.4679710024144524,3,4
1090,"add(add(cs_rank(ts_returns_20(close)), cs_rank(ts_returns_5(volume))), add(cs_rank(dollar_volume), neg(cs_rank(safe_div(abs_val(sub(ask, bid)), add(ask, bid))))))",debate,0.007303798139871494,0.06084325509109797,3.189486768171486,-0.21955000577473496,0.15381013450118117,0.46084359686978743,7,7
759,"add(add(cs_rank(cs_roe), cs_rank(curr_ratio)), add(neg(cs_rank(cs_debt_at)), add(neg(cs_rank(cs_accruals)), neg(cs_rank(cs_asset_growth)))))",debate,0.004226930705012823,0.06048765383802898,3.182938281344789,0.7662806312297634,0.004771941408106079,0.3722705152965646,5,5
1347,"add(add(cs_rank(neg(ts_std_20(returns))), cs_rank(neg(ts_std_5(returns)))), add(cs_rank(dollar_volume), cs_rank(cs_bm)))",debate,0.010815965101005394,0.06030207898651749,3.171453682374389,0.04893676229592078,0.060875518844050784,0.4370166112876556,4,5
749,"add(cs_rank(roe), neg(cs_rank(debt_at)))",debate,0.0053748427836128945,0.06000248409136637,3.1574080241498583,-0.28360924168047397,0.0010646764052256175,0.43466206724956546,2,3
1321,"add(add(add(cs_rank(cs_bm), cs_rank(cs_roa)), neg(cs_rank(pe_op_dil))), add(neg(cs_rank(cs_accruals)), neg(cs_rank(ts_returns_5(close)))))",debate,0.0060143575870407065,0.05995871100413898,3.1516844592761375,1.0296138720361276,0.07100903586678732,0.36814939892334025,5,5
258,"add(neg(cs_rank(cs_asset_growth)), mul(cs_rank(cs_roa), neg(cs_rank(cs_asset_growth))))",debate,-0.004871922125380492,-0.059764394805674394,-3.1448794591663947,-0.3371029074364671,0.003051827072082682,0.435883425068031,3,4
263,"add(neg(cs_zscore(ts_std_20(returns))), cs_zscore(dollar_volume))",debate,0.012022678160469046,0.059416862303016675,3.1248976803629893,-0.02158005868948453,0.037187016172678694,0.4676264084809,2,4
472,"add(neg(cs_rank(ts_returns_5(close))), neg(cs_rank(cs_accruals)))",debate,0.005952873468958986,0.05927935727493923,3.1159747424591373,0.974043065958721,0.10140284591795998,0.3723671417062533,2,4
538,"add(add(neg(cs_rank(ts_returns_5(close))), neg(cs_rank(ts_returns_1(close)))), neg(cs_rank(abs_val(sub(ask, bid)))))",debate,0.007298953253863113,0.05927134729424361,3.1155537038601633,0.6602345674202202,0.2510636441674981,0.46589099816289037,4,5
103,"add(add(cs_rank(neg(ts_std_20(returns))), cs_rank(cs_bm)), cs_rank(cs_roa))",debate,0.009266551348182073,0.059091394419627186,3.1077804211470843,-0.046577612568798804,0.021508175910655385,0.43705912690791865,3,5
109,"add(add(cs_rank(neg(ts_std_20(returns))), cs_rank(cs_roa)), cs_rank(cs_bm))",debate,0.009266539232046506,0.059091297877727246,3.107775343740647,-0.04658030310348888,0.021508172378615565,0.43705912690791865,3,5
1038,"sub(mul(cs_rank(ts_mean_20(volume)), neg(cs_rank(abs_val(ts_returns_5(close))))), cs_rank(dollar_volume))",debate,-0.00646033835100082,-0.05904934701469738,-3.1038844264643815,-0.633363296522125,0.08454379738751389,0.4659977703455964,3,6
773,"add(add(add(cs_rank(cs_roe), cs_rank(cs_roa)), add(cs_rank(bm), cs_rank(curr_ratio))), add(neg(cs_rank(accrual)), neg(cs_rank(debt_at))))",debate,0.004389711011179383,0.05894590397477638,3.1018094170455495,0.48102143638932715,0.003933801583711686,0.373228203799592,6,4
229,"add(add(cs_rank(cs_roe), cs_rank(cs_roa)), add(add(cs_rank(bm), cs_rank(curr_ratio)), add(neg(cs_rank(debt_at)), neg(cs_rank(accrual)))))",debate,0.0043897075570674595,0.05894585520443165,3.1018068506871708,0.48102103388561107,0.003933801452261307,0.373228203799592,6,5
83,"mul(mul(cs_rank(ts_returns_20(close)), cs_rank(close)), cs_rank(dollar_volume))",debate,0.008508442560127935,0.05872009131968928,3.0781876152016134,-0.2956012992027217,0.05277841097338426,0.4610503773865213,3,4
916,"add(cs_rank(ts_returns_20(close)), mul(add(cs_rank(cs_bm), cs_rank(cs_roe)), cs_rank(ts_std_20(returns))))",debate,-0.008197026995002422,-0.05852750928425874,-3.068092201126979,-0.6144670359321089,0.05136765864783002,0.4312126252066899,4,4
432,"mul(add(cs_rank(neg(dollar_volume)), cs_rank(sub(ask, bid))), cs_rank(ts_returns_20(close)))",debate,-0.007344824918989614,-0.058526866487829475,-3.0680585048577265,-0.9609148897040006,0.11733715784703375,0.46104965268844866,4,4
367,"add(add(cs_rank(cs_bm), cs_rank(cs_roa)), add(neg(cs_rank(cs_accruals)), neg(cs_rank(debt_at))))",debate,0.0037056431678930846,0.058044529884934436,3.054377951046674,0.29457699988694275,0.005039636142340619,0.37345177315500927,4,4
1370,"add(add(cs_rank(cs_bm), cs_rank(cs_roa)), add(neg(cs_rank(debt_at)), neg(cs_rank(cs_accruals))))",debate,0.0037056431678930846,0.058044529884934436,3.054377951046674,0.29457699988694275,0.005039636142340619,0.37345177315500927,4,4
980,"add(add(neg(cs_rank(cs_accruals)), cs_rank(cs_roa)), add(cs_rank(cs_bm), neg(cs_rank(debt_at))))",debate,0.0037056373503863713,0.058044417630321865,3.054372044064324,0.29458017293333444,0.005039647738618705,0.37345177315500927,4,4
1008,"add(sub(cs_rank(cs_roa), cs_rank(cs_accruals)), add(cs_rank(curr_ratio), neg(cs_rank(debt_at))))",debate,0.005131993668160478,0.05740668404785314,3.0208136812557025,0.5460765454424462,0.004371721233407326,0.37361700431557704,4,4
1345,"sub(add(cs_rank(curr_ratio), cs_rank(cs_roa)), add(cs_rank(debt_at), cs_rank(cs_accruals)))",debate,0.005131993668160478,0.05740668404785314,3.0208136812557025,0.5460765454424462,0.004371720928773479,0.37361700431557704,4,3
66,"add(add(cs_rank(cs_bm), cs_rank(cs_roa)), add(add(neg(cs_rank(returns)), neg(cs_rank(cs_debt_at))), cs_rank(cs_current_ratio)))",debate,0.005366968253330123,0.05729099696222443,3.014726077750848,0.6435061598095654,0.1378734623118764,0.37370602139550274,5,5
685,"sub(cs_rank(ts_returns_5(close)), sub(cs_rank(ts_rank_5(volume)), cs_rank(sub(cs_rank(dollar_volume), cs_rank(market_cap)))))",debate,-0.006146944189765808,-0.05719862575794339,-3.0066026582996037,-0.39574604272101743,0.1704773376944818,0.4659977703455964,4,5
1063,"mul(add(cs_rank(dollar_volume), cs_rank(ts_returns_5(close))), add(cs_rank(cs_bm), cs_rank(add(cs_roe, cs_roa))))",debate,0.00619838543669578,0.056954719617023544,2.9937819158088916,-0.19184613934619102,0.0852125007394073,0.43566227137285596,5,4
75,"sub(cs_rank(ts_returns_20(close)), cs_rank(ts_returns_20(volume)))",debate,-0.006144504802424213,-0.05695658095360485,-2.9857419863519086,-1.0094983670384383,0.16717689914049783,0.4610503773865213,2,3
606,"add(add(cs_rank(cs_debt_at), neg(cs_rank(cs_accruals))), add(neg(cs_rank(returns)), add(cs_rank(ts_returns_20(close)), neg(cs_rank(ts_std_20(returns))))))",debate,0.008396372132891468,0.056882212574617536,2.9818434940638934,-0.10284491885752578,0.1391044775210552,0.3683979703622645,5,6
1438,"add(add(cs_rank(ts_returns_20(close)), neg(cs_rank(ts_std_5(returns)))), cs_rank(dollar_volume))",debate,0.00965545546331301,0.05661640233608013,2.9679093572825823,-0.06649742710401461,0.08227708846482779,0.4610119683886701,3,5
840,"add(add(cs_rank(neg(cs_accruals)), cs_rank(cs_roa)), add(cs_rank(cs_cash_at), cs_rank(curr_ratio)))",debate,0.005786560669905465,0.056392506977412396,2.967446377074722,0.8131900599763453,0.004265859063849611,0.37361700431557704,4,4
831,"add(add(neg(cs_rank(cs_asset_growth)), cs_rank(cs_gp_at)), add(cs_rank(cs_current_ratio), neg(cs_rank(cs_accruals))))",debate,0.004542912287127068,0.05630672334519733,2.962932331818127,1.1902011204428204,0.004581313615384735,0.37232474686900235,4,4
332,neg(cs_rank(abs_val(ts_returns_5(close)))),debate,0.006626706897693917,0.055976352369758016,2.942354778750213,0.15043711932288747,0.20087658926296775,0.4659977703455964,1,4
522,"sub(add(add(cs_rank(cs_gp_at), cs_rank(cs_opmargin)), add(cs_rank(cs_cash_at), cs_rank(cs_current_ratio))), add(cs_rank(cs_debt_at), cs_rank(cs_accruals)))",debate,0.006398957284310726,0.055905828094408076,2.941836707181018,0.6556956361307757,0.0032126867068925885,0.3728683912065136,6,4
609,"add(add(cs_rank(debt_at), cs_rank(neg(curr_ratio))), cs_rank(neg(ts_returns_20(close))))",debate,0.006342951227063281,0.055818865064307034,2.926101361118747,0.7321712670156207,0.03480180002759843,0.37004110245902133,3,4
1174,"sub(add(cs_rank(ts_returns_20(close)), cs_rank(ts_returns_5(close))), cs_rank(add(ts_std_20(returns), ts_returns_20(dollar_volume))))",debate,-0.006888813742379453,-0.05573221766235319,-2.9215591856283916,-0.9376768724886195,0.1545058169729914,0.46084432156786015,4,4
620,"add(add(neg(cs_rank(ts_returns_5(close))), cs_rank(ts_std_5(returns))), cs_rank(cs_bm))",debate,-0.009097421538979437,-0.05555518680059323,-2.9202165279958363,-0.020344904432132587,0.09797824005999287,0.4356551451751414,3,5
342,"add(neg(cs_rank(add(abs_val(ts_returns_5(close)), abs_val(ts_returns_5(open))))), neg(cs_rank(abs_val(sub(ask, bid)))))",debate,0.0051859112011647295,0.05555132291069505,2.920013425535151,0.1688979119248698,0.20760484637219787,0.46599704564752376,4,6
658,"sub(add(cs_rank(cs_current_ratio), cs_rank(cash_ratio)), add(add(cs_rank(cs_debt_at), cs_rank(debt_at)), cs_rank(cs_roa)))",debate,-0.006645980934880373,-0.05540252321642929,-2.9153521560097,-0.24878902478580547,0.0018893408105984026,0.37374539665745093,5,4
1099,"add(mul(neg(cs_rank(returns)), cs_rank(dollar_volume)), neg(cs_rank(ts_std_20(returns))))",debate,0.009321001712595473,0.05532919838400773,2.909916090903224,0.06281842648093579,0.13801803510727223,0.4676264084809,3,4
1379,"add(add(neg(cs_rank(accrual)), neg(cs_rank(debt_at))), add(cs_rank(bm), neg(cs_rank(pe_op_dil))))",debate,-0.005889278173463852,-0.055184353128841374,-2.903871764895715,-0.2428075449353423,0.0019296821991131342,0.43137966811243933,4,4
962,"add(add(cs_rank(cs_roe), neg(cs_rank(ptb))), neg(cs_rank(ts_returns_5(close))))",debate,0.006670245435742839,0.05514155028685491,2.898474036366084,0.8251211686338554,0.09814643185909706,0.43369085104918165,3,4
111,"add(add(cs_rank(neg(ts_std_20(returns))), cs_rank(neg(abs_val(ts_returns_20(close))))), add(cs_rank(cs_bm), cs_rank(cs_roa)))",debate,0.00885462889831153,0.05524023484786298,2.895768772629698,-0.23057368310109155,0.059490308161484574,0.4312126252066899,4,6
267,"add(neg(cs_rank(ts_std_20(returns))), mul(cs_rank(neg(ts_returns_5(close))), cs_rank(neg(ts_std_20(returns)))))",debate,0.011006076677226896,0.05503896760869042,2.8930818551942834,0.012051714379593558,0.04998705000637296,0.4659977703455964,3,5
1024,"add(add(cs_rank(dollar_volume), cs_rank(cs_current_ratio)), add(neg(cs_rank(cs_accruals)), neg(cs_rank(cs_debt_at))))",debate,0.005041861514709076,0.05496964441706045,2.892573515836564,0.6401780387582185,0.034964997711883196,0.37388163989511203,4,4
130,"sub(add(cs_rank(cs_bm), cs_rank(cs_roa)), cs_rank(ts_returns_20(close)))",debate,0.006679160201808322,0.05508023620085651,2.88738142440534,0.8263957041882449,0.04869405248999868,0.43121371225379895,3,3
819,"add(sub(cs_rank(dollar_volume), cs_rank(abs_val(sub(ask, bid)))), neg(cs_rank(ts_delta_5(volume))))",debate,0.0044820582887349775,0.0549015795002548,2.885860152809521,0.24024588573727707,0.1925950687285602,0.46599704564752376,4,5
296,"add(sub(cs_rank(ts_returns_5(close)), cs_rank(ts_returns_5(volume))), sub(cs_rank(ts_mean_20(volume)), cs_rank(ts_mean_60(volume))))",debate,-0.005723526797899006,-0.054886778629570594,-2.8850821561958857,-0.851829254371372,0.20635241837489177,0.4659977703455964,4,4
566,"sub(add(cs_rank(neg(ptb)), cs_rank(neg(ps))), add(cs_rank(cs_roe), cs_rank(cs_accruals)))",debate,-0.0068840298619173654,-0.05476116774233798,-2.881603204597208,-0.09719916409740662,0.004627129307198287,0.37030126906710825,4,4
1104,"add(add(cs_rank(neg(ts_std_20(returns))), cs_rank(roe)), add(cs_rank(neg(debt_at)), cs_rank(neg(abs_val(accrual)))))",debate,0.0075468060433810285,0.05472913137473276,2.87835690159796,-0.2897329960618567,0.013894788667333265,0.4343502055122951,4,5
1280,"mul(cs_rank(dollar_volume), add(cs_rank(returns), cs_rank(volume)))",debate,0.006178509465446812,0.05464536154463967,2.8755093332617787,0.44559829075865875,0.1198506073690438,0.46796592952794375,3,3
716,"add(add(cs_rank(neg(debt_at)), cs_rank(curr_ratio)), add(cs_rank(neg(cs_accruals)), cs_rank(returns)))",debate,-0.005613208546641033,-0.054543544723961876,-2.8701516009700296,-0.28972088352885633,0.151368289366689,0.3736162796175044,4,4
806,"mul(mul(neg(cs_rank(market_cap)), cs_rank(abs_val(returns))), cs_rank(dollar_volume))",debate,-0.00582475085388564,-0.05445745101217472,-2.865621238926823,-0.04263836701570288,0.1573277491914056,0.46796592952794375,3,4
141,"mul(mul(neg(cs_rank(ts_returns_5(close))), cs_rank(ts_returns_5(dollar_volume))), cs_rank(ts_mean_20(dollar_volume)))",debate,-0.005843273211455368,-0.054414390494399695,-2.860251429860528,0.18760169429985057,0.16266467087823505,0.4659977703455964,3,5
623,"add(neg(cs_rank(ts_returns_5(close))), add(neg(cs_rank(ts_std_5(ts_returns_1(close)))), mul(cs_rank(dollar_volume), neg(cs_rank(abs_val(sub(ask, bid)))))))",debate,0.006510054717030718,0.054400797698382485,2.859536934781363,0.6631612511241239,0.15132590030570048,0.4659343592642382,5,7
128,"add(add(cs_rank(cs_bm), cs_rank(cs_roa)), neg(cs_rank(ts_returns_5(close))))",debate,0.006108725594239317,0.05409160895489528,2.8432846614834184,0.7228296384111041,0.09870667648403873,0.43566227137285596,3,4
1376,"add(add(add(cs_rank(cs_bm), cs_rank(cs_roe)), add(neg(cs_rank(pe_exi)), add(neg(cs_rank(cs_debt_at)), neg(cs_rank(cs_accruals))))), neg(ts_rank_5(returns)))",debate,0.003919644381491165,0.05393198528395222,2.8379705552621415,0.7541482566284464,0.1226432198361975,0.3695968625404774,6,6
212,"add(neg(cs_rank(pe_op_dil)), cs_rank(cs_bm))",debate,-0.007510056156080863,-0.053781954601297643,-2.83007574743117,-0.3263252612527213,0.002412468572831109,0.43325687768666715,2,3
750,"add(add(neg(cs_rank(dollar_volume)), neg(cs_rank(volume))), neg(cs_rank(ts_returns_5(close))))",debate,-0.005884786660696775,-0.05375952580095265,-2.8258289607530247,-0.1582185473763015,0.09204781191370223,0.4659977703455964,3,4
361,"mul(neg(cs_rank(market_cap)), cs_rank(abs_val(ts_returns_5(close))))",debate,-0.005082060837084082,-0.05375860393175733,-2.8257805033934904,0.22959830109330528,0.152897150139167,0.4659977703455964,2,4
126,"add(add(cs_rank(cs_bm), cs_rank(cs_roa)), neg(cs_rank(ts_mean_5(returns))))",debate,0.006032992823315624,0.05361408735573757,2.821242356678277,0.6867273678976787,0.09857924417729869,0.43736337931542607,3,4
76,"sub(neg(cs_rank(market_cap)), add(cs_rank(dollar_volume), neg(cs_rank(roe))))",debate,-0.006839995351909238,-0.05356110285029437,-2.8184542437330324,-0.21295829914135547,0.03366050946110075,0.43466206724956546,3,4
954,"add(cs_rank(sub(close, ts_min_20(close))), cs_rank(safe_div(dollar_volume, ts_mean_20(dollar_volume))))",debate,0.0048672437981502874,0.05343914562281542,2.8105129709758754,-0.11243106705663176,0.17783647862574314,0.4679717271125251,4,4
765,"cs_rank(add(cs_bm, cs_roa))",debate,-0.007788297340332794,-0.053081588662496224,-2.793221589332555,-0.4940702941765637,0.0014993850471934544,0.4373650702775956,2,2
339,"add(cs_rank(neg(ts_returns_5(close))), cs_rank(ts_returns_5(volume)))",debate,0.005588427935969457,0.05310902358746172,2.791635802116867,0.841330543755274,0.2094607857294065,0.4659977703455964,2,4
16,"sub(cs_rank(ts_returns_5(volume)), cs_rank(ts_returns_5(close)))",debate,0.005587941962546872,0.053103911148854835,2.79136707063421,0.8413264453791436,0.20946087088447518,0.4659977703455964,2,3
146,"sub(cs_rank(ts_returns_5(close)), cs_rank(ts_returns_5(volume)))",debate,-0.005587941962546872,-0.053103911148854835,-2.79136707063421,-0.8413264453791436,0.2094608690257028,0.4659977703455964,2,3
335,"add(neg(cs_rank(ts_returns_5(close))), cs_rank(ts_returns_5(volume)))",debate,0.005587941962546872,0.053103911148854835,2.79136707063421,0.8413264453791436,0.20946087088447518,0.4659977703455964,2,4
354,"neg(sub(cs_rank(ts_returns_5(close)), cs_rank(ts_returns_5(volume))))",debate,0.005587941962546872,0.053103911148854835,2.79136707063421,0.8413264453791436,0.20946087088447518,0.4659977703455964,2,4
1329,"sub(cs_rank(ts_returns_5(price)), cs_rank(ts_returns_5(volume)))",debate,-0.005587941962546872,-0.053103911148854835,-2.79136707063421,-0.8413264453791436,0.2094608690257028,0.4659977703455964,2,3
1196,"sub(cs_rank(add(roa, bm)), cs_rank(debt_at))",debate,-0.005951599719160227,-0.0525420178981983,-2.764828680495701,-0.7481189557995473,0.001007893387868528,0.4353664737761963,3,3
885,"mul(add(cs_rank(sub(ask, bid)), neg(cs_rank(dollar_volume))), neg(cs_rank(returns)))",debate,0.004445357526925036,0.05252096014473141,2.763720594376039,0.2739694721204419,0.19532518335879895,0.4679652048298711,4,4
376,"mul(sub(cs_rank(ts_returns_1(close)), cs_rank(ts_corr_20(ts_returns_5(close), ts_returns_5(volume)))), cs_rank(dollar_volume))",debate,-0.005280645809554616,-0.05193077838206395,-2.7282199053032787,-0.4771894120505724,0.2220717658493088,0.46538177698383076,4,5
801,"add(add(cs_rank(capei), cs_rank(roe)), neg(cs_rank(debt_at)))",debate,0.005136659903521898,0.05165153313352822,2.717970224817913,-0.4666401390979957,0.0013895907382864216,0.43126782304322464,3,3
324,"sub(neg(cs_rank(ts_returns_5(close))), mul(cs_rank(dollar_volume), cs_rank(cs_roa)))",debate,-0.006526905641945329,-0.051407292274113385,-2.7021855780489528,0.21758783501103043,0.11472298869523502,0.4361576025055228,3,4
381,"sub(cs_rank(ts_returns_1(close)), cs_rank(ts_corr_10(ts_returns_1(close), ts_returns_1(volume))))",debate,-0.005512993021934592,-0.05120172354790918,-2.6928407348316847,-0.6079087071873057,0.24431113334215399,0.4666977079007792,3,4
795,"mul(cs_rank(neg(ts_returns_5(close))), cs_rank(ts_mean_5(volume)))",debate,0.006360253738176946,0.05122937896960937,2.6928336992724886,0.7273272108971598,0.09616595160587077,0.4659977703455964,2,4
1231,"add(cs_rank(dollar_volume), cs_rank(curr_ratio))",debate,0.005090669774844555,0.05112625770154335,2.690329554786446,0.537383657292936,0.05246291116094176,0.37544867869423904,2,2
822,"add(add(cs_rank(dollar_volume), neg(cs_rank(abs_val(sub(ask, bid))))), neg(cs_rank(ts_delta_5(cs_rank(dollar_volume)))))",debate,0.00418801859979296,0.05114311312018419,2.68829919990707,0.34473420950299455,0.1909222451837975,0.46599704564752376,4,6
276,"add(add(cs_rank(ts_returns_1(close)), cs_rank(sub(close, ts_min_10(close)))), cs_rank(ts_mean_10(volume)))",debate,-0.00603666572886554,-0.050908982084832244,-2.6774446488813712,-0.6375972846329357,0.22276238609350033,0.46743472584067997,4,5
1315,"add(cs_rank(ts_returns_20(close)), add(cs_rank(ts_returns_5(close)), cs_rank(ts_corr_20(ts_returns_5(close), ts_mean_5(volume)))))",debate,-0.00644567427802484,-0.05095803677939698,-2.671290084604012,-0.8547878230466255,0.08765115961707959,0.46083767850219404,4,5
29,"add(add(cs_rank(cs_ep), cs_rank(neg(ptb))), add(cs_rank(cs_roa), cs_rank(neg(cs_debt_at))))",debate,0.005085289843080112,0.05069280724046509,2.667520833037593,0.14400331780042747,0.004048023849442632,0.4352100597755127,4,4
169,"add(add(add(cs_rank(cs_roe), cs_rank(cs_roa)), add(cs_rank(neg(cs_accruals)), cs_rank(neg(cs_asset_growth)))), add(cs_rank(cs_bm), cs_rank(neg(ptb))))",debate,0.005552372804768406,0.050679362828673774,2.6668133707664436,0.4903979273894276,0.005142681095025481,0.3702984910578297,6,5
174,"add(add(add(cs_rank(cs_bm), cs_rank(neg(ptb))), add(cs_rank(cs_roa), cs_rank(cs_roe))), add(cs_rank(neg(cs_accruals)), cs_rank(neg(cs_asset_growth))))",debate,0.005552372804768406,0.050679362828673774,2.6668133707664436,0.4903979273894276,0.005142681682251544,0.3702984910578297,6,5
1040,"add(cs_rank(ts_returns_20(close)), neg(cs_rank(ts_corr_20(ts_returns_20(close), ts_mean_20(volume)))))",debate,-0.005434460398865381,-0.05056260120619374,-2.6491136024757274,-1.1151772556688733,0.06714849985329836,0.4603858292538871,3,5
1043,"sub(cs_rank(ts_returns_20(close)), cs_rank(ts_corr_20(ts_returns_20(close), ts_mean_20(volume))))",debate,-0.005434460398865381,-0.05056260120619374,-2.6491136024757274,-1.1151772556688733,0.06714849985329836,0.4603858292538871,3,4
93,"add(cs_rank(ts_std_5(returns)), cs_rank(ts_returns_5(volume)))",debate,-0.006111537819134007,-0.05030856630630387,-2.6444318755467537,-0.09407143279290629,0.20102924049837725,0.4659849673463127,2,3
1105,"add(add(cs_rank(neg(ts_std_20(returns))), cs_rank(neg(ts_std_20(close)))), add(cs_rank(roe), cs_rank(neg(debt_at))))",debate,0.007256087840210636,0.050115834820927664,2.6357308331547564,-0.23598955443056518,0.0211539798137614,0.43436264616254255,4,5
171,"add(add(cs_rank(neg(cs_asset_growth)), cs_rank(neg(cs_accruals))), add(cs_rank(cs_roa), cs_rank(cs_bm)))",debate,0.004814370031105889,0.049955524474976414,2.6287240639525558,0.441597232994229,0.005336850510893454,0.3723005902665802,4,4
407,"sub(add(cs_rank(cs_roa), cs_rank(cs_bm)), add(cs_rank(cs_asset_growth), cs_rank(cs_accruals)))",debate,0.00481436603061973,0.049955483289489594,2.6287218967191732,0.441594298630644,0.00533684831665497,0.3723005902665802,4,3
717,"add(add(cs_rank(cs_roa), cs_rank(cs_bm)), add(neg(cs_rank(cs_accruals)), neg(cs_rank(cs_asset_growth))))",debate,0.00481436603061973,0.049955483289489594,2.6287218967191732,0.441594298630644,0.00533684831665497,0.3723005902665802,4,4
1082,"sub(add(cs_rank(cs_roa), cs_rank(cs_bm)), add(cs_rank(cs_accruals), cs_rank(cs_asset_growth)))",debate,0.00481436603061973,0.049955483289489594,2.6287218967191732,0.441594298630644,0.00533684831665497,0.3723005902665802,4,3
1330,"sub(add(cs_rank(cs_bm), cs_rank(cs_roa)), add(cs_rank(cs_asset_growth), cs_rank(cs_accruals)))",debate,0.00481436603061973,0.049955483289489594,2.6287218967191732,0.441594298630644,0.00533684831665497,0.3723005902665802,4,3
1426,"add(add(cs_rank(neg(cs_asset_growth)), cs_rank(cs_bm)), add(cs_rank(cs_roa), neg(cs_rank(cs_accruals))))",debate,0.004814363757899509,0.04995544979129872,2.628720134001208,0.4415940354443876,0.005336853275035472,0.3723005902665802,4,4
868,"add(add(neg(cs_rank(cs_asset_growth)), cs_rank(cs_roa)), add(cs_rank(cs_bm), neg(cs_rank(cs_accruals))))",debate,0.00481435879698791,0.049955405484539146,2.6287178025224316,0.44159174396261097,0.005336855721673864,0.3723005902665802,4,4
608,"mul(add(cs_rank(debt_at), cs_rank(neg(curr_ratio))), cs_rank(neg(ts_returns_20(returns))))",debate,0.003997816776523988,0.049874889672173,2.614510029669385,0.4226520492196533,0.25006506312731336,0.36996368054825823,3,4
888,"add(add(cs_rank(dollar_volume), cs_rank(ts_mean_20(dollar_volume))), add(neg(cs_rank(sub(ask, bid))), neg(cs_rank(market_cap))))",debate,0.004484818627069981,0.049554699544314934,2.6076321396511757,0.8351613106474152,0.14199954826401479,0.4679710024144524,5,5
563,"sub(cs_rank(add(cs_ep, cs_bm)), add(cs_rank(cs_leverage), cs_rank(cs_accruals)))",debate,-0.003871324168990134,-0.04954274771241469,-2.6070032188570353,-0.13497625773323427,0.004761714907707269,0.37357086520495064,4,3
651,"add(add(cs_rank(neg(cs_leverage)), cs_rank(cs_current_ratio)), add(cs_rank(cs_roa), cs_rank(neg(cs_accruals))))",debate,0.004206096347110512,0.04950168797070024,2.6048426023438704,0.5651403824165488,0.003933455077404313,0.37388163989511203,4,4
384,"add(sub(cs_rank(cs_roa), cs_rank(cs_accruals)), sub(cs_rank(cs_current_ratio), cs_rank(cs_leverage)))",debate,0.004206064000073267,0.04950132081533503,2.6048232821554853,0.5651339211946459,0.003933479200285449,0.37388163989511203,4,3
1351,"add(add(cs_rank(pe_op_dil), cs_rank(cs_gp_at)), add(neg(cs_rank(accrual)), neg(cs_rank(debt_at))))",debate,0.005120655720015531,0.049365266958974564,2.5976639529327996,0.28191666549352945,0.002411373028325376,0.4060219994178259,4,4
19,"mul(sub(cs_rank(ts_returns_20(close)), cs_rank(ts_returns_20(volume))), cs_rank(dollar_volume))",debate,-0.0052497707460572645,-0.04950005163212287,-2.59486050619867,-0.9389239413623427,0.1542357963037823,0.4610503773865213,3,4
419,"mul(cs_rank(dollar_volume), sub(cs_rank(ts_returns_20(close)), cs_rank(ts_returns_20(volume))))",debate,-0.0052497707460572645,-0.04950005163212287,-2.59486050619867,-0.9389239413623427,0.1542357963037823,0.4610503773865213,3,4
424,neg(cs_rank(ts_std_20(returns))),debate,0.010502384927976186,0.04913710117454847,2.584256514540186,-0.10533876944947423,0.0285863121782482,0.4712279163360232,1,3
848,"add(cs_rank(ts_returns_20(close)), add(mul(cs_rank(dollar_volume), cs_rank(ts_rank_20(volume))), mul(cs_rank(cs_roa), cs_rank(cs_gpmargin))))",debate,0.006053822697540079,0.04924442458650157,2.5814601863378215,-0.17473466949138833,0.11103876218597286,0.40347033750397077,5,5
1015,"add(add(cs_rank(neg(ts_std_20(returns))), cs_rank(neg(ts_std_20(high)))), add(cs_rank(roe), add(cs_rank(neg(debt_at)), add(cs_rank(bm), cs_rank(dollar_volume)))))",debate,0.007032272396913916,0.048839511266918864,2.5686054354355936,-0.3102006523214113,0.0338832284395913,0.43421517010475513,6,5
1447,"add(add(cs_rank(neg(ts_std_20(returns))), cs_rank(curr_ratio)), add(cs_rank(neg(debt_at)), cs_rank(neg(cs_accruals))))",debate,0.004500460547251759,0.048655527217246086,2.558929203676431,0.1471516897915152,0.017199631090865183,0.37335031542483615,4,5
17,"sub(cs_rank(ts_returns_20(volume)), cs_rank(abs_val(ts_returns_20(close))))",debate,0.004812803206381442,0.04879590376163616,2.5579481103646393,-0.17942084095045163,0.19181734526736213,0.4610503773865213,2,4
766,"sub(add(cs_rank(neg(ts_returns_5(close))), cs_rank(ts_rank_5(volume))), cs_rank(sub(ask, bid)))",debate,0.004513180571890174,0.04853170849278679,2.5510326836125143,0.7840661550206244,0.23991844619895755,0.46599704564752376,4,5
1139,"add(sub(cs_rank(ask), cs_rank(bid)), sub(cs_rank(returns), cs_rank(ts_mean_5(returns))))",debate,-0.006314878248440576,-0.048292846397507555,-2.54123180120916,0.027406378513889367,0.27876967420160365,0.4679652048298711,4,4
129,"sub(add(cs_rank(cs_bm), cs_rank(cs_roe)), cs_rank(ts_returns_20(close)))",debate,0.00625215166604302,0.0484699655535349,2.540861983062213,0.8095345688187592,0.04827814546508856,0.43121371225379895,3,3
994,"sub(add(cs_rank(cs_gp_at), cs_rank(cs_cash_at)), add(cs_rank(cs_debt_at), cs_rank(cs_accruals)))",debate,0.005590059430740948,0.048122317172837575,2.5322583336856295,0.676216118352077,0.00373638552926555,0.37388163989511203,4,3
768,"mul(neg(cs_rank(ts_returns_5(close))), cs_rank(add(ts_std_5(ts_returns_1(close)), ts_std_5(ts_returns_1(volume)))))",debate,0.004909415891116957,0.048107750764520105,2.5287476651191065,0.7124130311381499,0.139178973586107,0.46593508396231087,3,5
356,"mul(cs_rank(log_abs(dollar_volume)), neg(sub(cs_rank(ts_returns_5(close)), cs_rank(ts_returns_5(volume)))))",debate,0.0049146563437098695,0.04803423444164225,2.5248833350086537,0.8263076400391978,0.19304037907829963,0.4659977703455964,3,5
420,"mul(cs_rank(dollar_volume), sub(cs_rank(ts_returns_5(close)), cs_rank(ts_returns_5(volume))))",debate,-0.0049146563437098695,-0.04803423444164225,-2.5248833350086537,-0.8263076400391978,0.19304038259715461,0.4659977703455964,3,4
704,"mul(neg(sub(cs_rank(ts_returns_5(close)), cs_rank(ts_returns_5(volume)))), cs_rank(dollar_volume))",debate,0.0049146563437098695,0.04803423444164225,2.5248833350086537,0.8263076400391978,0.19304037907829963,0.4659977703455964,3,5
1448,"mul(cs_rank(dollar_volume), cs_rank(add(cash_ratio, curr_ratio)))",debate,0.005137713038038419,0.04794459739046082,2.522906489750767,0.5538141582970614,0.050678377810757715,0.37544867869423904,3,3
964,"sub(add(cs_rank(ts_returns_20(close)), cs_rank(dollar_volume)), cs_rank(ts_std_20(returns)))",debate,0.008940378043133423,0.048012829671391005,2.5168982939865496,-0.20831052195382332,0.057377477733500666,0.46104916955640024,3,4
1028,"add(neg(cs_rank(ts_returns_20(close))), add(cs_rank(ts_std_20(returns)), neg(cs_rank(dollar_volume))))",debate,-0.008940372604671258,-0.04801280534569788,-2.5168970188003974,0.20831058871096006,0.0573775443893656,0.46104916955640024,3,4
1072,"add(cs_rank(ts_returns_20(close)), add(cs_rank(dollar_volume), neg(cs_rank(ts_std_20(returns)))))",debate,0.008940372604671258,0.04801280534569788,2.5168970188003974,-0.20831058871096006,0.05737747737862229,0.46104916955640024,3,5
1389,"add(cs_rank(ts_returns_20(close)), sub(cs_rank(dollar_volume), cs_rank(ts_std_20(returns))))",debate,0.008940372604671258,0.04801280534569788,2.5168970188003974,-0.20831058871096006,0.05737747737862229,0.46104916955640024,3,4
1403,"add(add(cs_rank(cs_bm), neg(cs_rank(ptb))), add(cs_rank(cs_opmargin), add(cs_rank(cs_cash_at), neg(cs_rank(debt_at)))))",debate,-0.005461526271403544,-0.047753223086613845,-2.5128361273027315,-0.6193444645007824,0.00211558643174221,0.4341773650219644,5,5
59,"add(add(cs_rank(cs_bm), cs_rank(cs_roe)), neg(cs_rank(ts_returns_5(close))))",debate,0.005717506928075449,0.047729454965412456,2.5088628315212875,0.7042923445655646,0.09762161802151757,0.43566227137285596,3,4
1054,"add(cs_rank(ts_returns_5(close)), add(cs_rank(ts_mean_5(volume)), cs_rank(dollar_volume)))",debate,0.005262680930099512,0.047690445453805144,2.506812325941069,0.10649985870662176,0.07555411244115291,0.4659977703455964,3,4
807,"add(add(cs_rank(ts_returns_20(close)), cs_rank(ts_rank_10(returns))), cs_rank(ts_rank_10(dollar_volume)))",debate,-0.005439619597561995,-0.04765635067258757,-2.498211176604151,-0.6003127433449365,0.262275700938237,0.4610503773865213,3,4
584,"sub(add(cs_rank(dollar_volume), cs_rank(neg(abs_val(accrual)))), cs_rank(cs_debt_at))",debate,0.004118011555353132,0.04743758712865934,2.4962269565084316,-0.30584648406493686,0.03763233563036968,0.4373874151348361,3,5
476,"add(add(cs_rank(cs_bm), cs_rank(cs_roa)), add(neg(cs_rank(cs_accruals)), add(neg(cs_rank(cs_debt_at)), neg(cs_rank(cs_asset_growth)))))",debate,0.0035193740026235377,0.047268971790581836,2.4873542001633777,0.29129293398749073,0.00472662879512576,0.3723005902665802,5,5
411,"sub(add(cs_rank(cs_roa), cs_rank(cs_bm)), add(cs_rank(cs_asset_growth), add(cs_rank(cs_accruals), cs_rank(cs_debt_at))))",debate,0.003519345938792477,0.04726859274123759,2.487334254098491,0.29128691786944566,0.004726632590451258,0.3723005902665802,5,4
845,"add(add(add(cs_rank(cs_roa), cs_rank(cs_bm)), add(neg(cs_rank(cs_debt_at)), neg(cs_rank(cs_accruals)))), neg(cs_rank(cs_asset_growth)))",debate,0.0035193249578747273,0.04726831198866298,2.487319480536274,0.2912806617699937,0.004726629556325386,0.3723005902665802,5,5
312,"mul(cs_rank(neg(ts_returns_5(close))), add(cs_rank(dollar_volume), cs_rank(add(cs_bm, cs_roa))))",debate,0.006120921230105488,0.047253470983639315,2.4838430922190997,0.6594743309120185,0.12325943449093882,0.43566227137285596,4,4
694,"add(cs_rank(volume), cs_rank(abs_val(ts_returns_1(close))))",debate,-0.005274415240008104,-0.047174887535605094,-2.4810582537932624,0.05401070182118166,0.2167186515833988,0.46743472584067997,2,4
1442,"add(cs_rank(neg(ts_std_20(returns))), cs_rank(neg(abs_val(ts_returns_20(close)))))",debate,0.00873952596138982,0.047204371025148434,2.4745177844141453,-0.2506021616709518,0.07204519093965307,0.46104916955640024,2,5
591,"add(add(neg(cs_rank(ptb)), cs_rank(cs_roa)), add(neg(cs_rank(cs_leverage)), neg(cs_rank(cs_accruals))))",debate,0.0031677745522727383,0.04699617737731137,2.472999406650298,0.38656137034706095,0.005363947266608501,0.37155523829884374,4,4
259,"add(cs_rank(neg(cs_asset_growth)), cs_rank(cs_bm))",debate,-0.006190304797486041,-0.046974251062761846,-2.471845615727354,-0.34651438163255327,0.0023635766872574593,0.43583124680679913,2,3
1204,"sub(add(cs_rank(cs_current_ratio), cs_rank(cs_roa)), cs_rank(cs_debt_at))",debate,0.00454021938004628,0.04683604082932526,2.4645728151645003,0.328196642431759,0.002410390359876203,0.3741992992169637,3,3
1205,"add(add(cs_rank(neg(cs_debt_at)), cs_rank(cs_current_ratio)), cs_rank(cs_roa))",debate,0.004540191542974863,0.04683571084814664,2.464555451129711,0.32819168653474623,0.002410370457084301,0.3741992992169637,3,4
1364,"sub(add(add(cs_rank(neg(cs_debt_at)), cs_rank(curr_ratio)), cs_rank(ts_returns_20(close))), add(cs_rank(cs_accruals), cs_rank(cs_asset_growth)))",debate,-0.004274418878710387,-0.04682497438703968,-2.454629292989339,-0.5152314796696026,0.03227236036266563,0.36726454257661567,5,5
968,"add(add(cs_rank(ts_returns_20(close)), cs_rank(ts_rank_20(volume))), cs_rank(dollar_volume))",debate,0.005313374387900641,0.04675898915699505,2.4511702568512,-0.12025667795363577,0.1711807332974352,0.4610503773865213,3,4
1172,"add(cs_rank(ts_returns_20(close)), add(cs_rank(dollar_volume), cs_rank(ts_rank_20(volume))))",debate,0.005313315110384871,0.0467585284884859,2.451146107976978,-0.12026079804264118,0.1711807478708641,0.4610503773865213,3,4
131,"add(neg(cs_rank(ts_returns_5(close))), cs_rank(safe_div(sub(high, low), close)))",debate,-0.007622068406845109,-0.04658144984513485,-2.448518807506185,0.19742222120868014,0.1864572416680419,0.4659977703455964,4,4
1343,"add(cs_rank(neg(dollar_volume)), add(cs_rank(neg(cs_asset_growth)), cs_rank(neg(cs_accruals))))",debate,-0.004221784054653288,-0.046454372963937667,-2.4444889603210918,-0.029133272426111002,0.04019115979548438,0.37232474686900235,3,4
288,"add(add(cs_rank(cs_bm), cs_rank(cs_roa)), add(cs_rank(cs_current_ratio), neg(cs_rank(cs_accruals))))",debate,0.0033620617901823527,0.04618450544625442,2.4302881838250223,0.7630973647841746,0.0050460098612388265,0.37357086520495064,4,4
232,"add(cs_rank(ts_returns_20(close)), cs_rank(ts_returns_5(close)))",debate,-0.0066187677734587435,-0.04633799828666662,-2.4291013388023037,-0.8529908888582858,0.10871418039924081,0.46084432156786015,2,3
474,"add(neg(cs_rank(ts_returns_5(close))), neg(cs_rank(ts_returns_20(close))))",debate,0.0066187677734587435,0.04633799828666662,2.4291013388023037,0.8529908888582858,0.10871418190021596,0.46084432156786015,2,4
778,"add(cs_rank(ts_returns_5(close)), cs_rank(ts_returns_20(close)))",debate,-0.0066187677734587435,-0.04633799828666662,-2.4291013388023037,-0.8529908888582858,0.10871418039924081,0.46084432156786015,2,3
277,"add(add(cs_rank(ts_returns_5(close)), cs_rank(sub(ts_max_20(high), close))), cs_rank(ts_returns_5(volume)))",debate,0.0037960589414224753,0.046028169592266244,2.4194360479640395,0.34608291652959644,0.2058797197594691,0.4659977703455964,4,5
177,"add(add(cs_rank(cs_bm), cs_rank(cs_roe)), add(neg(cs_rank(pe_op_dil)), neg(cs_rank(ts_rank_10(returns)))))",debate,0.005294254982093639,0.04591575588901903,2.4161462358481742,0.3711084913599139,0.17194601021786649,0.43325615298859443,4,5
1193,"add(add(cs_rank(cs_bm), cs_rank(cs_roa)), add(neg(ts_rank_5(returns)), neg(cs_rank(cs_debt_at))))",debate,0.00417829696580334,0.045897184702214815,2.4151689960701623,-0.16179988524633412,0.14638956107973666,0.43736337931542607,4,4
1412,"add(add(cs_rank(ts_returns_5(close)), cs_rank(ts_rank_20(volume))), neg(cs_rank(ts_std_10(returns))))",debate,0.007038955824166878,0.04546257509110337,2.389705999240277,-0.07811428981836385,0.17631969861334537,0.4659977703455964,3,4
1197,"sub(cs_rank(add(curr_ratio, bm)), cs_rank(debt_at))",debate,-0.004829810770102474,-0.04510210463099888,-2.373330858287796,-0.21346626965289767,0.0008852374388241113,0.3733575624055628,3,3
467,"add(sub(cs_rank(ts_returns_5(close)), cs_rank(ts_returns_5(volume))), cs_rank(sub(ts_mean_20(dollar_volume), dollar_volume)))",debate,-0.003511853111265556,-0.045107798653992136,-2.3710574431816975,-0.8065278481615408,0.22439611737757814,0.4659977703455964,4,4
375,neg(cs_rank(ts_returns_20(close))),debate,0.0067039747973119766,0.045223443817950765,2.370674866959976,0.8768139217140595,0.06723247766925422,0.4610503773865213,1,3
776,cs_rank(ts_returns_20(close)),debate,-0.0067039747973119766,-0.045223443817950765,-2.370674866959976,-0.8768139217140595,0.06723247684250656,0.4610503773865213,1,2
607,"add(add(neg(cs_rank(cs_debt_at)), cs_rank(cs_current_ratio)), add(cs_rank(cs_cash_at), add(cs_rank(cs_roa), neg(cs_rank(cs_accruals)))))",debate,0.004865940446832967,0.04486086716144274,2.3606366318130663,0.6034126754691657,0.003440428552541992,0.37388163989511203,5,5
1084,"add(add(add(cs_rank(neg(cs_debt_at)), cs_rank(cs_current_ratio)), cs_rank(cs_cash_at)), add(cs_rank(cs_roa), neg(cs_rank(cs_accruals))))",debate,0.004865921604599265,0.04486070829303163,2.360628271952577,0.60341246076376,0.0034404162743803986,0.37388163989511203,5,5
1361,"sub(add(cs_rank(cs_current_ratio), add(cs_rank(cs_cash_at), cs_rank(cs_roa))), add(cs_rank(cs_debt_at), cs_rank(cs_accruals)))",debate,0.004865915440582646,0.04486063830208244,2.360624588938649,0.6034107559300826,0.0034404313167959817,0.37388163989511203,5,4
1363,"sub(add(add(cs_rank(cs_current_ratio), cs_rank(cs_cash_at)), cs_rank(cs_roa)), add(cs_rank(cs_debt_at), cs_rank(cs_accruals)))",debate,0.004865890284070337,0.04486041485927478,2.3606128310902115,0.6034079306363388,0.003440422419292379,0.37388163989511203,5,4
65,"add(add(add(cs_rank(cs_bm), cs_rank(cs_roa)), add(neg(cs_rank(cs_accruals)), neg(cs_rank(cs_debt_at)))), neg(cs_rank(ts_returns_5(returns))))",debate,0.0027793935977321964,0.04480288390667227,2.355029829271422,-0.15421048168360538,0.15459670818463442,0.3720006860475088,5,5
593,"add(add(cs_rank(cs_bm), cs_rank(cs_ep)), add(cs_rank(cs_roa), neg(cs_rank(cs_debt_at))))",debate,0.004471838319961777,0.044634441494836787,2.348721821494105,0.042859086627512075,0.0037164212731498427,0.4373650702775956,4,4
669,"add(add(cs_rank(cs_bm), cs_rank(cs_ep)), sub(cs_rank(cs_roa), cs_rank(cs_debt_at)))",debate,0.004471838319961777,0.044634441494836787,2.348721821494105,0.042859086627512075,0.0037164212731498427,0.4373650702775956,4,3
927,"add(add(cs_rank(cs_ep), cs_rank(cs_bm)), add(cs_rank(cs_roa), neg(cs_rank(cs_debt_at))))",debate,0.004471838319961777,0.044634441494836787,2.348721821494105,0.042859086627512075,0.0037164212731498427,0.4373650702775956,4,4
113,"add(add(cs_rank(neg(ts_std_20(returns))), cs_rank(cs_roa)), add(cs_rank(cs_bm), cs_rank(neg(cs_debt_at))))",debate,0.005512021435627613,0.044638257036534776,2.3476498162682735,-0.26837984872316273,0.01640871526049798,0.43705912690791865,4,5
719,"add(add(cs_rank(neg(debt_at)), cs_rank(curr_ratio)), add(cs_rank(roe), cs_rank(gpm)))",debate,0.0047759135522533625,0.043847828312988266,2.307329222339565,0.1855526646535617,0.0009999298858489162,0.37121064436529133,4,4
745,neg(cs_rank(ts_mean_5(ts_returns_5(close)))),debate,0.00626226386982864,0.04360459799385124,2.292042833287688,1.05939691268813,0.07576231917041641,0.46708723311483685,1,4
1281,"mul(cs_rank(dollar_volume), mul(neg(cs_rank(ts_std_20(returns))), mul(cs_rank(cs_bm), neg(cs_rank(cs_accruals)))))",debate,-0.005526124762057308,-0.04351885558602008,-2.288777387457257,-0.2942177292923803,0.0446320763325214,0.3733049010122824,4,5
1022,"add(add(cs_rank(neg(cs_debt_at)), cs_rank(cs_current_ratio)), add(cs_rank(cs_roa), neg(cs_rank(cs_asset_growth))))",debate,0.003398397055803968,0.04312045822960595,2.2690540713591356,0.27870375192908103,0.0027912852861917367,0.37239745824229314,4,4
1335,"add(add(neg(cs_rank(cs_asset_growth)), cs_rank(cs_roa)), add(cs_rank(cs_current_ratio), neg(cs_rank(cs_debt_at))))",debate,0.003398382273677758,0.04312027784090799,2.269044579073424,0.27870038002234326,0.0027912923014480574,0.37239745824229314,4,4
446,"add(add(add(cs_rank(ts_returns_20(close)), cs_rank(sub(close, ts_max_20(close)))), cs_rank(ts_mean_20(dollar_volume))), cs_rank(cs_roa))",debate,0.005933509549419719,0.04316089619173901,2.262553295346553,-0.2868635630552105,0.0665236136136494,0.43151252942576135,5,6
24,"sub(cs_rank(neg(log_abs(market_cap))), add(cs_rank(log_abs(dollar_volume)), cs_rank(neg(cs_roa))))",debate,-0.005156232634160679,-0.04284304295208088,-2.254456122015144,0.02222587290893595,0.03330629912080684,0.4379286438121051,3,4
1208,"add(add(neg(cs_rank(market_cap)), cs_rank(cs_roa)), neg(cs_rank(dollar_volume)))",debate,-0.005156223415947987,-0.04284297075707936,-2.2544523230211433,0.022224345946327127,0.03330630806663516,0.4379286438121051,3,4
782,"add(sub(neg(cs_rank(market_cap)), cs_rank(dollar_volume)), cs_rank(cs_roa))",debate,-0.005156209055832206,-0.04284285147472257,-2.2544460462298375,0.022223968973165087,0.033306304273299475,0.4379286438121051,3,4
439,"mul(mul(neg(cs_rank(market_cap)), neg(cs_rank(returns))), cs_rank(dollar_volume))",debate,0.0056514909998492385,0.04262544056969798,2.2430056042805164,-0.16160317719286918,0.15685397286474706,0.46796592952794375,3,4
698,"mul(cs_rank(neg(ts_returns_5(close))), cs_rank(add(ts_std_5(returns), ts_std_5(volume))))",debate,0.0050532661792179,0.042488857041539804,2.233394750947573,0.6660207143524078,0.10987767945049733,0.4659849673463127,3,4
321,"add(add(neg(cs_rank(ts_std_10(returns))), neg(cs_rank(ts_std_10(sub(high, low))))), add(cs_rank(cs_roa), cs_rank(cs_bm)))",debate,0.005760108142443355,0.042453883049608884,2.23276752628839,0.014087978036790617,0.041293545963488706,0.4370439082483927,5,6
1233,"sub(add(cs_rank(cs_cash_at), cs_rank(neg(debt_at))), cs_rank(ts_std_20(returns)))",debate,0.00493471473240635,0.042246549756964284,2.221863293043239,-0.04542661081647985,0.016363289130218506,0.4371477816388081,3,4
1312,"add(add(cs_rank(ts_returns_5(close)), cs_rank(ts_returns_20(close))), cs_rank(ts_corr_10(ts_returns_5(close), ts_mean_5(volume))))",debate,-0.005403104651681205,-0.042241310427307596,-2.2143473500291733,-0.7795257706028687,0.0950492079545879,0.46080385925880296,4,4
1216,"add(add(cs_rank(ts_returns_20(close)), cs_rank(sub(close, ts_min_20(low)))), add(cs_rank(ts_rank_20(volume)), cs_rank(dollar_volume)))",debate,0.005025290328389005,0.042050205155866265,2.2043293499455596,-0.21089411973011926,0.1373356209395626,0.4610503773865213,5,5
1452,"mul(add(cs_rank(ts_rank_20(returns)), cs_rank(ts_rank_20(close))), cs_rank(add(ts_rank_20(volume), dollar_volume)))",debate,0.0049463692139048035,0.04185382353638483,2.2024021217839613,0.14347608243790172,0.16861696416864594,0.46796592952794375,4,4
290,"add(add(cs_rank(cs_bm), cs_rank(cs_roa)), add(cs_rank(curr_ratio), neg(cs_rank(cs_accruals))))",debate,0.0030219111500695765,0.04177236892208296,2.1981158750277583,0.6899070020482325,0.005372204358523839,0.3734440430422342,4,4
82,"mul(cs_rank(dollar_volume), cs_rank(sub(close, ts_mean_20(close))))",debate,0.005006722667391147,0.04176253992749534,2.1975986606682154,-0.15661514066623602,0.08061336498797511,0.4679717271125251,3,4
1404,"mul(sub(cs_rank(ts_returns_5(close)), cs_rank(ts_mean_5(volume))), neg(cs_rank(ts_returns_20(close))))",debate,0.004739335038483301,0.041881619444321866,2.1954918560365213,0.6082113600066048,0.09848504026254566,0.46084432156786015,3,4
1042,"add(cs_rank(ts_corr_20(abs_val(ts_returns_5(close)), ts_mean_5(volume))), neg(cs_rank(abs_val(ts_returns_5(close)))))",debate,0.0036647584194909374,0.04166423779540705,2.188859986970236,0.44602069205531586,0.15547395330568028,0.46531184361981853,3,5
1075,"add(add(cs_rank(neg(cs_accruals)), cs_rank(cs_roa)), add(cs_rank(cs_cash_at), cs_rank(ts_returns_20(close))))",debate,0.004370382928460833,0.041443216967454385,2.172510197724374,-0.02352227613065682,0.03449043860510043,0.3683990574093735,4,4
364,"sub(add(cs_rank(cs_bm), cs_rank(cs_roa)), add(cs_rank(pe_op_dil), cs_rank(cs_accruals)))",debate,0.0037136950640844065,0.041175073416447855,2.1666854159252775,0.6541170698920834,0.0061927636439788065,0.3695975872385501,4,3
1050,"add(add(cs_rank(cs_bm), cs_rank(cs_roa)), add(neg(cs_rank(pe_op_dil)), neg(cs_rank(cs_accruals))))",debate,0.0037136950640844065,0.041175073416447855,2.1666854159252775,0.6541170698920834,0.0061927636439788065,0.3695975872385501,4,4
218,"add(add(neg(cs_rank(pe_op_dil)), cs_rank(cs_bm)), add(neg(cs_rank(cs_accruals)), cs_rank(cs_roa)))",debate,0.003713686984720403,0.041174982515942114,2.166680632623543,0.6541147791531681,0.006192763324027356,0.3695975872385501,4,4
395,"add(add(cs_rank(cs_bm), neg(cs_rank(pe_op_dil))), add(cs_rank(cs_roa), neg(cs_rank(cs_accruals))))",debate,0.003713686984720403,0.041174982515942114,2.166680632623543,0.6541147791531681,0.006192763324027356,0.3695975872385501,4,4
392,cs_rank(ts_mean_20(ts_std_5(returns))),debate,-0.008931748263889906,-0.0408957301112395,-2.1508199391214715,0.19040079614011585,0.017679445365962894,0.47187446779985287,1,3
135,"mul(neg(cs_rank(ts_returns_5(close))), cs_rank(dollar_volume))",debate,-0.005080947534045256,-0.04091442213821037,-2.1506357667422127,0.2720528361402454,0.11225709304861302,0.4659977703455964,2,4
1055,"mul(cs_rank(ts_returns_5(close)), cs_rank(dollar_volume))",debate,0.005080947534045256,0.04091442213821037,2.1506357667422127,-0.2720528361402454,0.11225706026973217,0.4659977703455964,2,3
1271,"add(add(cs_rank(cs_bm), neg(cs_rank(cs_accruals))), add(neg(cs_rank(debt_at)), add(cs_rank(cs_roa), neg(cs_rank(cs_asset_growth)))))",debate,0.0030781854274493444,0.040631259855824296,2.1380692456790626,0.23666460301784953,0.004831702701088571,0.3722615773536684,5,5
431,"mul(sub(cs_rank(sub(ask, bid)), cs_rank(market_cap)), neg(ts_returns_5(close)))",debate,0.0024264495556783634,0.04063678025984585,2.136041730635845,0.612410859678226,0.20591356392344157,0.46599704564752376,4,4
789,"add(add(add(cs_rank(ts_returns_20(close)), cs_rank(sub(close, ts_max_20(close)))), cs_rank(safe_div(volume, ts_mean_20(volume)))), cs_rank(cs_roa))",debate,0.005080170188494779,0.04069545503240499,2.1333114928882924,-0.20654301886554968,0.12715253475007873,0.43151252942576135,6,6
4,"add(cs_rank(ts_returns_20(close)), cs_rank(ts_rank_20(close)))",debate,-0.005750516725565692,-0.04065755730495904,-2.1313248421075013,-0.8161766192820868,0.09830431026041553,0.4610503773865213,2,3
1287,"add(add(cs_rank(ts_returns_5(close)), cs_rank(ts_mean_10(volume))), neg(cs_rank(ts_std_10(returns))))",debate,0.006142154714772345,0.04045710863113359,2.1265974268724404,-0.1449781382181205,0.0921813041853715,0.4659977703455964,3,4
1200,"add(cs_rank(neg(cs_leverage)), cs_rank(curr_ratio))",debate,-0.004359330824523381,-0.0401982216692341,-2.1152822183449738,-0.15877274336046643,0.0011140444296742864,0.3753711360004638,2,3
528,"add(add(add(cs_rank(cs_roe), cs_rank(cs_roa)), add(cs_rank(bm), neg(cs_rank(ptb)))), add(neg(cs_rank(accrual)), neg(cs_rank(debt_at))))",debate,0.003501297918282145,0.04015882270786457,2.1132089942334207,0.2334350101563602,0.004160653395582972,0.43529968077049896,6,5
1094,"add(add(cs_rank(ts_returns_20(close)), cs_rank(ts_rank_20(dollar_volume))), neg(cs_rank(ts_std_5(returns))))",debate,0.006391306647705561,0.04015179731037266,2.1048122104577236,-0.18140947671809837,0.1630650001407797,0.4610119683886701,3,4
34,"add(cs_rank(neg(ts_std_20(returns))), add(cs_rank(gpm), add(cs_rank(neg(debt_at)), cs_rank(curr_ratio))))",debate,0.00462836065865245,0.039952160060248335,2.1011949715732845,0.002829864481113472,0.014090906784650534,0.3737216024040651,4,5
429,"mul(neg(cs_rank(ts_returns_5(close))), sub(cs_rank(ts_rank_20(volume)), cs_rank(ts_rank_20(ts_returns_5(close)))))",debate,-0.003196996265738379,-0.03992704198827423,-2.098734873246743,-0.42846767139495406,0.22154321920253053,0.4659977703455964,3,5
746,"add(neg(cs_rank(ts_returns_5(close))), neg(cs_rank(log_abs(dollar_volume))))",debate,-0.004932721004415301,-0.039718051537895926,-2.087749447717015,0.19677530713573532,0.11154589729147649,0.4659977703455964,2,4
963,"add(neg(cs_rank(ts_returns_5(close))), neg(cs_rank(dollar_volume)))",debate,-0.004932721004415301,-0.039718051537895926,-2.087749447717015,0.19677530713573532,0.11154589729147649,0.4659977703455964,2,4
211,"mul(cs_rank(cs_roa), cs_rank(cs_bm))",debate,0.0035556258126163073,0.03954013844419944,2.0806530311246765,-0.016485665777922834,0.003576016815222922,0.4373650702775956,2,2
855,"cs_rank(add(add(ts_returns_20(close), ts_rank_20(close)), add(ts_rank_20(volume), ts_returns_5(volume))))",debate,0.0032413312843821984,0.03967184083934318,2.0796522348555833,0.15558777664122433,0.23072579728857193,0.46084432156786015,4,4
238,"add(cs_rank(ts_returns_20(close)), neg(add(cs_rank(ts_returns_5(close)), cs_rank(ts_std_10(ts_returns_1(close))))))",debate,0.0067491878651708345,0.03946859135740093,2.0689976186237287,-0.15770450718005496,0.09918351612368263,0.4608373161531577,3,6
148,"mul(sub(cs_rank(ts_returns_5(close)), cs_rank(ts_returns_5(volume))), cs_rank(abs_val(ts_returns_5(close))))",debate,-0.004030074325305452,-0.039330072545320165,-2.067355624351763,-0.7528684082223448,0.20684121457432172,0.4659977703455964,3,4
1078,"add(sub(add(cs_rank(neg(cs_accruals)), cs_rank(cs_roa)), cs_rank(cs_debt_at)), cs_rank(ts_returns_20(close)))",debate,0.003969823597453007,0.03940839431183935,2.0658420070442,-0.21944805080286392,0.034818382908808114,0.3683990574093735,4,5
421,"mul(cs_rank(dollar_volume), mul(cs_rank(abs_val(ts_returns_5(close))), neg(cs_rank(ts_mean_5(volume)))))",debate,-0.004068487605728902,-0.039211323220458415,-2.0611136555794443,-0.46761424323690626,0.11889954986520064,0.4659977703455964,3,5
403,"add(add(cs_rank(cs_bm), cs_rank(neg(pe_op_dil))), add(neg(cs_rank(cs_debt_at)), neg(cs_rank(cs_accruals))))",debate,-0.0033060052407769096,-0.03907839407467487,-2.056355447457592,0.13800460421892513,0.005168337771522315,0.3695975872385501,4,4
1400,"add(mul(cs_rank(ts_returns_5(close)), cs_rank(ts_mean_5(volume))), sub(cs_rank(ts_returns_5(close)), cs_rank(ts_mean_5(volume))))",debate,-0.00543141725643478,-0.039105329850781,-2.055542193978551,-0.6571937095981049,0.13193333845880417,0.4659977703455964,4,4
514,"sub(cs_rank(neg(ts_std_20(returns))), cs_rank(ts_std_20(volume)))",debate,0.006262746436705225,0.038983253970894395,2.050237511455806,-0.21100749621242842,0.024517455847337766,0.4712279163360232,2,4
942,"add(add(cs_rank(cs_gp_at), cs_rank(cs_cash_at)), add(neg(cs_rank(cs_accruals)), neg(cs_rank(cs_leverage))))",debate,0.004528156005718417,0.03887213708357531,2.0455019388304634,0.6466209737481747,0.0038029528662853547,0.37388163989511203,4,4
477,"sub(add(cs_rank(cs_current_ratio), cs_rank(cs_gp_at)), add(cs_rank(cs_debt_at), cs_rank(cs_accruals)))",debate,0.004356622918374662,0.03885140994583001,2.0444112501360587,0.675823587165702,0.0036990920367090756,0.37388163989511203,4,3
1431,"add(add(cs_rank(cs_bm), neg(cs_rank(ptb))), add(cs_rank(roe), neg(cs_rank(debt_at))))",debate,-0.005300027383934593,-0.03859980831519046,-2.0311716481512336,-0.5901257118064267,0.0018069370646395376,0.4342791851011739,4,4
1146,"add(add(cs_rank(cs_bm), cs_rank(neg(ptb))), add(cs_rank(roe), cs_rank(neg(debt_at))))",debate,-0.00530002460244353,-0.038599789536198775,-2.0311706599764947,-0.5901264135527946,0.0018069338726502092,0.4342791851011739,4,4
220,"add(add(cs_rank(neg(pe_exi)), cs_rank(cs_gpmargin)), add(cs_rank(neg(cs_debt_at)), cs_rank(neg(cs_accruals))))",debate,0.002964916568780429,0.03818093570834511,2.0091300318752103,0.8209320769882865,0.00548449865012558,0.3687525892858221,4,4
843,"add(cs_rank(ts_returns_20(close)), add(cs_rank(ts_returns_5(close)), cs_rank(ts_rank_20(high))))",debate,-0.005338349417569918,-0.038272876496465436,-2.0063166078568053,-0.8268430497076834,0.10220489221971592,0.46084432156786015,3,4
1219,"add(add(cs_rank(ts_returns_20(close)), cs_rank(ts_returns_5(close))), add(cs_rank(dollar_volume), neg(cs_rank(abs_val(ts_returns_1(close))))))",debate,0.0055705369187975485,0.038241690456145484,2.004681792908078,-0.30047748303858274,0.15104397370019407,0.460771247845533,4,6
810,"sub(cs_rank(ts_rank_10(ts_returns_5(close))), cs_rank(ts_rank_10(ts_returns_5(volume))))",debate,-0.0032711725799700127,-0.03809973916916817,-2.0026840776088832,-0.38866749662369926,0.22899419627671996,0.4659977703455964,2,4
