id,expression,source,is_ic,is_icir,is_tstat,is_sharpe,turnover,coverage,n_terminals,depth
353,"add(add(neg(cs_rank(market_cap)), cs_rank(dollar_volume)), add(cs_rank(cs_roa), neg(cs_rank(cs_accruals))))",debate,0.01012081008146025,0.1832093937598072,9.640714359025688,2.3783167136346655,0.048767984643446,0.37388163989511203,4,4
27,"add(neg(cs_rank(cs_accruals)), cs_rank(cs_roa))",debate,0.012138578338264677,0.1698138062249396,8.93582128315921,1.162586855686028,0.006254465314442616,0.37388163989511203,2,3
53,"sub(cs_rank(cs_roa), cs_rank(cs_accruals))",debate,0.012138578338264677,0.1698138062249396,8.93582128315921,1.162586855686028,0.006254465314442616,0.37388163989511203,2,2
381,"add(cs_rank(cs_roa), neg(cs_rank(cs_accruals)))",debate,0.012138578338264677,0.1698138062249396,8.93582128315921,1.162586855686028,0.006254465314442616,0.37388163989511203,2,3
74,"add(cs_rank(neg(cs_accruals)), cs_rank(cs_roa))",debate,0.01213853773630793,0.169813022789337,8.935780057768369,1.1625807247856301,0.0062544356754628185,0.37388163989511203,2,3
479,"add(cs_rank(cs_roa), cs_rank(neg(cs_accruals)))",debate,0.01213853773630793,0.169813022789337,8.935780057768369,1.1625807247856301,0.0062544356754628185,0.37388163989511203,2,3
110,"mul(add(sub(cs_rank(cs_bm), cs_rank(market_cap)), cs_rank(dollar_volume)), sub(cs_rank(cs_roe), cs_rank(cs_accruals)))",debate,0.010739874782043551,0.16910734414766448,8.89864633839943,1.5011726715305111,0.031475174966351806,0.37357086520495064,5,4
161,"mul(add(cs_rank(neg(returns)), cs_rank(neg(abs_val(ts_returns_5(close))))), add(cs_rank(dollar_volume), cs_rank(ts_rank_5(volume))))",debate,0.018470645384714872,0.16609536323491317,8.730677599609585,1.2652593762563684,0.25154365784253585,0.4659977703455964,4,6
585,"add(add(cs_rank(cs_roa), cs_rank(cs_roe)), add(neg(cs_rank(ts_returns_5(close))), neg(cs_rank(cs_accruals))))",debate,0.014572917660381908,0.1640204560479631,8.621611666969715,1.4969316820703427,0.06080188460616597,0.3723671417062533,4,5
1019,"add(add(add(cs_rank(cs_roe), cs_rank(cs_roa)), neg(cs_rank(cs_accruals))), neg(cs_rank(ts_returns_5(close))))",debate,0.014572917660381908,0.1640204560479631,8.621611666969715,1.4969316820703427,0.06080188435625039,0.3723671417062533,4,4
213,"add(add(add(cs_rank(cs_roe), cs_rank(cs_roa)), neg(add(cs_rank(cs_accruals), cs_rank(cs_debt_at)))), neg(cs_rank(ts_rank_20(returns))))",debate,0.013746272780452687,0.16323830729250163,8.589810057016393,1.0470080946508133,0.12208635323499416,0.3738786203198093,5,5
209,"add(add(cs_rank(cs_roa), cs_rank(cs_opmargin)), neg(cs_rank(ts_rank_20(returns))))",debate,0.015474735002280514,0.1628176296834332,8.567673459197705,0.9352486924081708,0.16754615430999825,0.43687094697504986,3,4
676,"add(add(cs_rank(neg(cs_accruals)), cs_rank(cs_roa)), mul(cs_rank(cs_roa), cs_rank(dollar_volume)))",debate,0.015061558704616326,0.16162283773923591,8.504801967643226,0.9562742933509498,0.02093665173864504,0.37388163989511203,4,4
203,"add(add(add(cs_rank(cs_roe), cs_rank(cs_roa)), add(cs_rank(cs_opmargin), cs_rank(neg(cs_accruals)))), cs_rank(neg(ts_returns_5(close))))",debate,0.015094256770582074,0.16177867235793378,8.50377399670298,1.3148426737557033,0.0495217495617293,0.37137056107332617,5,5
45,"add(add(cs_rank(neg(cs_accruals)), cs_rank(cs_roa)), cs_rank(cs_roe))",debate,0.013237167904382032,0.16133556718162267,8.489685420762784,1.0529989265022277,0.005078814376570669,0.37388163989511203,3,4
575,"add(cs_rank(neg(cs_accruals)), add(cs_rank(cs_roa), cs_rank(cs_roe)))",debate,0.013237147995692065,0.16133530458889092,8.489671602794898,1.0530005985353688,0.0050788115124665596,0.37388163989511203,3,3
46,"add(add(cs_rank(neg(cs_accruals)), cs_rank(cs_roe)), cs_rank(cs_roa))",debate,0.013237134815680857,0.16133509463572326,8.489660554788697,1.0529992444617853,0.005078818548825935,0.37388163989511203,3,4
346,"sub(add(cs_rank(cs_roa), cs_rank(cs_roe)), cs_rank(cs_accruals))",debate,0.013237088762828315,0.16133458080935348,8.489633516583071,1.0529933627610482,0.005078831613783704,0.37388163989511203,3,3
718,"add(add(cs_rank(cs_roa), cs_rank(cs_roe)), neg(cs_rank(cs_accruals)))",debate,0.013237088762828315,0.16133458080935348,8.489633516583071,1.0529933627610482,0.005078831613783704,0.37388163989511203,3,3
350,"add(sub(cs_rank(cs_roa), cs_rank(cs_accruals)), cs_rank(cs_roe))",debate,0.013237089844944105,0.161334577976953,8.489633367538508,1.0529946467534852,0.005078829704649399,0.37388163989511203,3,3
850,"add(add(neg(cs_rank(cs_accruals)), cs_rank(cs_roa)), cs_rank(cs_roe))",debate,0.013237089844944105,0.161334577976953,8.489633367538508,1.0529946467534852,0.005078829704649399,0.37388163989511203,3,4
347,"add(sub(cs_rank(cs_roe), cs_rank(cs_accruals)), cs_rank(cs_roa))",debate,0.013237079152170081,0.1613344139781213,8.489624737708677,1.0529924123058034,0.005078823837916754,0.37388163989511203,3,3
1020,"add(add(cs_rank(cs_roe), cs_rank(cs_opmargin)), add(neg(cs_rank(cs_accruals)), neg(cs_rank(ts_returns_20(close)))))",debate,0.014399934203243056,0.1591242209114031,8.341509610763298,1.5869003703683093,0.03394853728589324,0.36744813275502425,4,5
445,"sub(add(add(cs_rank(cs_roe), cs_rank(cs_roa)), cs_rank(cs_opmargin)), add(add(cs_rank(ts_rank_5(returns)), cs_rank(cs_accruals)), cs_rank(cs_leverage)))",debate,0.013182217801234552,0.15571743120952186,8.194051867124154,0.7318818693165307,0.10250541721595981,0.3728654924142229,6,5
285,"add(add(cs_rank(cs_roa), cs_rank(cs_roe)), add(cs_rank(cs_opmargin), add(cs_rank(cs_gp_at), neg(cs_rank(cs_accruals)))))",debate,0.014426364676781699,0.15264301189871543,8.032271961699568,0.9331230954241012,0.004113723109732985,0.3728683912065136,5,5
422,"add(add(add(cs_rank(cs_bm), cs_rank(cs_roe)), add(cs_rank(cs_cash_at), neg(cs_rank(cs_accruals)))), add(neg(cs_rank(returns)), cs_rank(dollar_volume)))",debate,0.01354845355825204,0.15235031617297948,8.016869935482356,1.7510578479268866,0.15182328943527879,0.3735692950257932,6,5
433,"add(add(cs_rank(cs_bm), cs_rank(cs_roa)), add(cs_rank(cs_roe), add(cs_rank(cs_gp_at), neg(cs_rank(cs_accruals)))))",debate,0.012201181619596444,0.15195075087134197,7.9958442944832075,1.1155061384573361,0.00490662130001929,0.37357086520495064,5,5
724,"add(add(add(cs_rank(cs_roa), cs_rank(cs_roe)), add(cs_rank(cs_gp_at), cs_rank(cs_bm))), neg(cs_rank(cs_accruals)))",debate,0.012201177313933583,0.1519507003464918,7.995841635800493,1.1155057717375119,0.004906621515623452,0.37357086520495064,5,4
723,"sub(add(add(cs_rank(cs_roa), cs_rank(cs_gp_at)), add(cs_rank(cs_bm), cs_rank(cs_roe))), cs_rank(cs_accruals))",debate,0.012201175796336465,0.15195068062494888,7.995840598027494,1.1155056293707029,0.004906621302736,0.37357086520495064,5,4
678,"add(add(sub(cs_rank(cs_roa), cs_rank(cs_accruals)), cs_rank(cs_opmargin)), cs_rank(cs_gp_at))",debate,0.014046903370843454,0.1489083132679564,7.835747307710504,0.9083025209196912,0.0043057724494257755,0.3728683912065136,4,4
436,"add(add(add(cs_rank(cs_bm), cs_rank(cs_gp_at)), add(cs_rank(cs_roa), neg(cs_rank(cs_accruals)))), neg(cs_rank(cs_bm)))",debate,0.01363448004466027,0.14745137101163605,7.7590811289599015,1.175259550938536,0.0047372676537732455,0.37357086520495064,5,5
1015,"add(add(cs_rank(cs_roe), cs_rank(cs_roa)), neg(cs_rank(ts_returns_5(close))))",debate,0.014652018235075108,0.14748849489693217,7.752621587488782,1.350958844804355,0.06462726853239502,0.43615458293022,3,4
95,"sub(add(cs_rank(cs_roa), cs_rank(cs_gp_at)), add(cs_rank(cs_asset_growth), cs_rank(cs_accruals)))",debate,0.011822300722640405,0.14701466173672398,7.7361009242282375,1.180461427020192,0.0047573518051673095,0.37232474686900235,4,3
755,"sub(add(cs_rank(cs_asset_growth), cs_rank(cs_accruals)), add(cs_rank(cs_roa), cs_rank(cs_gp_at)))",debate,-0.011822300722640405,-0.14701466173672398,-7.7361009242282375,-1.180461427020192,0.004757465700984957,0.37232474686900235,4,3
92,"add(add(cs_rank(neg(cs_asset_growth)), neg(cs_rank(cs_accruals))), add(cs_rank(cs_roa), cs_rank(cs_gp_at)))",debate,0.01182229651883127,0.14701461087574924,7.736098247858214,1.1804610850669508,0.004757352183340925,0.37232474686900235,4,4
97,"add(add(cs_rank(neg(cs_asset_growth)), cs_rank(cs_roa)), add(cs_rank(cs_gp_at), neg(cs_rank(cs_accruals))))",debate,0.011822292314639476,0.14701456001032387,7.736095571253992,1.180460743113386,0.004757352186909779,0.37232474686900235,4,4
273,"add(add(cs_rank(cs_roa), cs_rank(cs_roe)), add(cs_rank(cs_opmargin), cs_rank(cs_gp_at)))",debate,0.013966335197485727,0.14696061886649836,7.733257118764473,0.839017731496439,0.0032607290788414017,0.4094699920645561,4,3
576,"add(cs_rank(neg(cs_accruals)), add(cs_rank(cs_roa), add(cs_rank(cs_roe), neg(cs_rank(cs_asset_growth)))))",debate,0.012000406745295606,0.1469334428500541,7.7318270817637575,1.0242457703256072,0.005031068587261222,0.37232474686900235,4,5
720,"add(add(cs_rank(cs_roa), cs_rank(cs_gp_at)), neg(cs_rank(cs_accruals)))",debate,0.013571801120318232,0.14680275654085886,7.724950199788816,1.162158712232962,0.004738511443994341,0.37388163989511203,3,3
854,"add(neg(cs_rank(cs_accruals)), add(cs_rank(cs_roa), cs_rank(cs_gp_at)))",debate,0.013571801120318232,0.14680275654085886,7.724950199788816,1.162158712232962,0.004738511443994341,0.37388163989511203,3,3
70,"add(add(cs_rank(neg(cs_accruals)), cs_rank(cs_roa)), cs_rank(cs_gp_at))",debate,0.01357180035549544,0.14680274837268617,7.724949769969045,1.162158338995736,0.004738509786519677,0.37388163989511203,3,4
438,"add(add(cs_rank(cs_roe), cs_rank(cs_roa)), add(neg(cs_rank(cs_accruals)), add(neg(cs_rank(cs_debt_at)), neg(cs_rank(ts_returns_5(close))))))",debate,0.01265981348770073,0.1464241340340028,7.696674260827196,1.2888823946615227,0.05415488347449235,0.3723671417062533,5,6
54,"add(add(cs_rank(cs_gp_at), cs_rank(cs_opmargin)), neg(cs_rank(cs_accruals)))",debate,0.012688144708609291,0.14408822269913577,7.582107931448195,1.0843420116323874,0.005156957143522412,0.3728683912065136,3,3
208,"add(add(add(cs_rank(cs_roe), cs_rank(cs_roa)), add(cs_rank(cs_gp_at), cs_rank(cs_opmargin))), add(add(cs_rank(neg(cs_accruals)), cs_rank(neg(cs_debt_at))), cs_rank(neg(cs_asset_growth))))",debate,0.0128041374152555,0.14368231058392153,7.560748312940976,0.803016912549291,0.00400941018250918,0.3713511150083763,7,5
466,"sub(add(add(cs_rank(cs_roe), cs_rank(cs_roa)), add(cs_rank(cs_opmargin), cs_rank(cs_gp_at))), add(add(cs_rank(cs_accruals), cs_rank(cs_debt_at)), cs_rank(cs_asset_growth)))",debate,0.0128041374152555,0.14368231058392153,7.560748312940976,0.803016912549291,0.00400941018250918,0.3713511150083763,7,4
276,"add(add(cs_rank(cs_roa), cs_rank(cs_roe)), add(cs_rank(cs_opmargin), add(neg(cs_rank(cs_accruals)), neg(cs_rank(cs_debt_at)))))",debate,0.012566146458240885,0.14263846246947054,7.505819680193994,0.6748935095065597,0.004278201965619146,0.3728683912065136,5,5
851,"add(add(add(cs_rank(neg(cs_accruals)), cs_rank(cs_roa)), cs_rank(cs_roe)), neg(cs_rank(cs_debt_at)))",debate,0.01142263237586867,0.14225339070803164,7.485556707954555,0.8066316225998508,0.0046005527526672306,0.37388163989511203,4,5
57,"add(add(cs_rank(cs_roa), cs_rank(cs_roe)), add(neg(cs_rank(cs_accruals)), neg(cs_rank(cs_debt_at))))",debate,0.011422581645124113,0.14225274921528067,7.485522951779457,0.8066283963485861,0.004600552694013786,0.37388163989511203,4,4
147,"add(add(cs_rank(cs_roe), cs_rank(cs_roa)), add(neg(cs_rank(cs_accruals)), neg(cs_rank(cs_debt_at))))",debate,0.011422581645124113,0.14225274921528067,7.485522951779457,0.8066283963485861,0.004600552694013786,0.37388163989511203,4,4
463,"sub(add(cs_rank(cs_roa), cs_rank(cs_roe)), add(cs_rank(cs_debt_at), cs_rank(cs_accruals)))",debate,0.011422581645124113,0.14225274921528067,7.485522951779457,0.8066283963485861,0.004600552694013786,0.37388163989511203,4,3
606,"sub(add(cs_rank(cs_roa), cs_rank(cs_roe)), add(cs_rank(cs_accruals), cs_rank(cs_debt_at)))",debate,0.011422581645124113,0.14225274921528067,7.485522951779457,0.8066283963485861,0.004600552694013786,0.37388163989511203,4,3
953,"add(add(cs_rank(cs_roa), cs_rank(cs_roe)), neg(add(cs_rank(cs_accruals), cs_rank(cs_debt_at))))",debate,0.011422581645124113,0.14225274921528067,7.485522951779457,0.8066283963485861,0.004600552694013786,0.37388163989511203,4,4
148,"add(add(add(cs_rank(cs_roe), cs_rank(cs_roa)), neg(cs_rank(cs_accruals))), neg(cs_rank(cs_debt_at)))",debate,0.011422575521714903,0.1422526492148606,7.485517689628506,0.8066261996008964,0.004600566257058286,0.37388163989511203,4,4
928,"add(cs_rank(neg(cs_accruals)), add(cs_rank(cs_opmargin), cs_rank(cs_roa)))",debate,0.012992202133456143,0.1421264923376581,7.478879152201049,0.7315469377344808,0.004926017817134417,0.3728683912065136,3,3
677,"add(add(cs_rank(neg(cs_accruals)), cs_rank(cs_roa)), add(cs_rank(cs_roe), neg(cs_rank(debt_at))))",debate,0.011266834711932999,0.1414711876043669,7.444396172796289,0.7751824029276938,0.0047106173165849426,0.37362473442835215,4,4
1009,"add(add(cs_rank(cs_roa), cs_rank(cs_roe)), add(neg(cs_rank(cs_accruals)), neg(cs_rank(debt_at))))",debate,0.011266781142653311,0.14147050415994708,7.4443602090703225,0.7751747629363618,0.004710610324146296,0.37362473442835215,4,4
1016,"add(add(cs_rank(cs_roe), cs_rank(cs_roa)), add(neg(cs_rank(cs_accruals)), neg(cs_rank(debt_at))))",debate,0.011266781142653311,0.14147050415994708,7.4443602090703225,0.7751747629363618,0.004710610324146296,0.37362473442835215,4,4
173,"mul(neg(cs_rank(market_cap)), cs_rank(neg(returns)))",debate,-0.019337844636936084,-0.14124958692099407,-7.43273525931189,-0.7835829630155489,0.21508354428819149,0.46796592952794375,2,3
179,"add(add(add(cs_rank(cs_roa), cs_rank(cs_roe)), add(neg(cs_rank(cs_accruals)), neg(cs_rank(cs_leverage)))), neg(cs_rank(pe_op_dil)))",debate,0.00906332133318527,0.14123321022327448,7.431873496377039,1.2380731657989599,0.005371008886677326,0.36974639190947073,5,5
177,"add(add(add(cs_rank(cs_roa), cs_rank(cs_roe)), add(cs_rank(cs_gp_at), cs_rank(cs_opmargin))), add(neg(cs_rank(cs_accruals)), neg(cs_rank(cs_debt_at))))",debate,0.013299683002909337,0.14050656729150754,7.393636609051522,0.7793117259960513,0.003901208218702889,0.3728683912065136,6,4
613,"sub(add(add(cs_rank(cs_roa), cs_rank(cs_roe)), add(cs_rank(cs_opmargin), cs_rank(cs_gp_at))), add(cs_rank(cs_accruals), cs_rank(cs_debt_at)))",debate,0.013299683002909337,0.14050656729150754,7.393636609051522,0.7793117259960513,0.003901208218702889,0.3728683912065136,6,4
26,"add(add(cs_rank(cs_ep), cs_rank(cs_opmargin)), add(neg(cs_rank(cs_debt_at)), neg(cs_rank(cs_accruals))))",debate,0.010720365363315542,0.14043442751877971,7.389840521260818,0.7443916193822522,0.005260025964754671,0.3725677622893695,4,4
462,"add(add(add(cs_rank(cs_roa), cs_rank(cs_roe)), add(cs_rank(cs_gp_at), cs_rank(cs_opmargin))), add(neg(cs_rank(cs_accruals)), neg(cs_rank(debt_at))))",debate,0.01323844957069523,0.14034175242274843,7.384963838298785,0.7631752101686885,0.003970469511247112,0.37262151072975885,6,4
588,"add(add(add(cs_rank(cs_roa), cs_rank(cs_roe)), add(cs_rank(cs_opmargin), cs_rank(cs_gp_at))), add(neg(cs_rank(cs_accruals)), neg(cs_rank(debt_at))))",debate,0.01323844957069523,0.14034175242274843,7.384963838298785,0.7631752101686885,0.003970469511247112,0.37262151072975885,6,4
220,"add(add(cs_rank(neg(ts_std_20(returns))), cs_rank(neg(log_abs(safe_div(add(ask,bid),price))))), cs_rank(cs_bm))",debate,-0.01767766926801568,-0.14011712406685792,-7.369148403405799,-2.249205564034396,0.1732630285088283,0.4370586437758702,5,7
440,"add(add(add(add(cs_rank(cs_bm), cs_rank(cs_roe)), add(cs_rank(cs_roa), neg(cs_rank(cs_accruals)))), add(neg(cs_rank(cs_debt_at)), cs_rank(dollar_volume))), cs_rank(cs_cash_at))",debate,0.010647512117562517,0.139707822976039,7.351605654015324,0.9548897046219845,0.024637803388742455,0.37357086520495064,7,6
278,"add(add(add(cs_rank(cs_gp_at), cs_rank(cs_opmargin)), add(cs_rank(cs_roa), cs_rank(cs_roe))), add(neg(cs_rank(cs_accruals)), neg(cs_rank(cs_leverage))))",debate,0.012608941443727147,0.1394961261249046,7.340465892944079,0.7644642233218062,0.003913030088258023,0.3728683912065136,6,4
725,"add(add(add(cs_rank(cs_roa), cs_rank(cs_roe)), add(cs_rank(cs_gp_at), neg(cs_rank(cs_accruals)))), ts_rank_20(ts_returns_20(close)))",debate,0.013135842747083792,0.1397839226240408,7.327664684359007,1.001438160258424,0.041694390062418214,0.3683990574093735,5,5
955,"mul(add(add(cs_rank(cs_roa), cs_rank(cs_opmargin)), neg(add(cs_rank(cs_accruals), cs_rank(cs_debt_at)))), add(cs_rank(neg(returns)), cs_rank(ts_std_20(returns))))",debate,0.012104131260513247,0.13930433143059157,7.326401383027446,0.5645328453411416,0.05013648860383702,0.37259711256131245,6,5
1025,"mul(cs_rank(dollar_volume), cs_rank(cs_roe))",debate,0.015028649363939387,0.13828268377351563,7.2766129929327255,0.8452480263398192,0.04368870105959042,0.4379250203217418,2,2
468,"add(add(add(cs_rank(cs_roe), cs_rank(cs_roa)), add(cs_rank(cs_opmargin), cs_rank(cs_gpmargin))), add(neg(cs_rank(cs_accruals)), neg(cs_rank(cs_debt_at))))",debate,0.012553963984049715,0.13456817793129805,7.081150909494469,0.6745642596409633,0.003954820554402183,0.3728683912065136,6,4
73,"add(add(cs_rank(neg(cs_accruals)), cs_rank(cs_roa)), add(cs_rank(cs_bm), cs_rank(cs_roe)))",debate,0.010444381744374988,0.13456121632870086,7.080784580996005,0.8927963975109271,0.00558836702595526,0.37357086520495064,4,4
780,"add(add(neg(cs_rank(cs_accruals)), cs_rank(cs_roa)), neg(cs_rank(ts_returns_5(close))))",debate,0.012651047725693112,0.13451983387453814,7.070933693980232,1.3268048367126408,0.08581279743868046,0.3723671417062533,3,4
973,"cs_rank(add(neg(cs_rank(ts_returns_5(close))), sub(cs_rank(cs_roa), cs_rank(cs_accruals))))",debate,0.012651047725693112,0.13451983387453814,7.070933693980232,1.3268048367126408,0.08581279743868046,0.3723671417062533,3,5
465,"add(add(add(add(cs_rank(cs_roa), cs_rank(cs_roe)), add(cs_rank(cs_opmargin), neg(cs_rank(cs_accruals)))), add(neg(cs_rank(debt_at)), cs_rank(curr_ratio))), add(cs_rank(neg(ts_returns_5(close))), cs_rank(neg(ts_returns_20(close)))))",debate,0.012352216583308099,0.1337209631927486,7.0098360466059235,1.3694581463469502,0.05301738724809848,0.36717782037392005,8,6
149,"sub(add(add(cs_rank(cs_roe), cs_rank(cs_roa)), cs_rank(cs_gp_at)), add(cs_rank(cs_accruals), cs_rank(cs_debt_at)))",debate,0.012449128970288393,0.13297776532406574,6.997461348906644,0.8812797473889147,0.004020531578081899,0.37388163989511203,5,4
607,"sub(add(add(cs_rank(cs_roa), cs_rank(cs_roe)), cs_rank(cs_gp_at)), add(cs_rank(cs_accruals), cs_rank(cs_debt_at)))",debate,0.012449128970288393,0.13297776532406574,6.997461348906644,0.8812797473889147,0.004020531578081899,0.37388163989511203,5,4
441,"add(add(add(add(cs_rank(cs_bm), cs_rank(cs_roe)), add(cs_rank(cs_roa), neg(cs_rank(cs_accruals)))), add(neg(cs_rank(cs_asset_growth)), neg(cs_rank(cs_debt_at)))), cs_rank(dollar_volume))",debate,0.010857442933541208,0.13293352892283367,6.995133572476639,0.7427852529716013,0.026354521612515898,0.3723005902665802,7,6
205,"add(add(add(cs_rank(cs_roe), cs_rank(cs_roa)), add(cs_rank(cs_gp_at), cs_rank(cs_opmargin))), add(add(cs_rank(neg(cs_accruals)), cs_rank(neg(cs_debt_at))), add(cs_rank(cs_current_ratio), cs_rank(neg(cs_asset_growth)))))",debate,0.011249800057617089,0.13291287694058065,6.994046838561073,0.8418516811398596,0.0037469729346750586,0.3713511150083763,8,5
446,"add(add(add(cs_rank(cs_roa), cs_rank(cs_roe)), add(cs_rank(cs_gp_at), cs_rank(cs_opmargin))), add(add(cs_rank(cs_current_ratio), neg(cs_rank(cs_debt_at))), add(neg(cs_rank(cs_accruals)), neg(cs_rank(cs_asset_growth)))))",debate,0.011249800057617089,0.13291287694058065,6.994046838561073,0.8418516811398596,0.0037469729346750586,0.3713511150083763,8,5
75,"add(add(cs_rank(neg(cs_accruals)), cs_rank(cs_roa)), add(cs_rank(cs_bm), cs_rank(cs_gpmargin)))",debate,0.007928245676908485,0.13230628098846522,6.962126977981473,1.0403843507869528,0.005512385974277593,0.3725677622893695,4,4
590,"add(add(cs_rank(cs_roa), cs_rank(cs_opmargin)), add(neg(cs_rank(cs_accruals)), neg(cs_rank(cs_debt_at))))",debate,0.01126741229800077,0.13176989874586092,6.933901853264445,0.5383984220301015,0.004513100054027737,0.3728683912065136,4,4
275,"add(add(cs_rank(cs_roa), cs_rank(cs_opmargin)), add(neg(cs_rank(cs_accruals)), neg(cs_rank(debt_at))))",debate,0.011062595641357928,0.13149598898267995,6.919488368601982,0.5040621792478281,0.004623770614470232,0.37262151072975885,4,4
891,"add(add(cs_rank(cs_bm), cs_rank(cs_roa)), add(neg(cs_rank(abs_val(ts_returns_5(close)))), add(cs_rank(dollar_volume), cs_rank(ts_rank_5(volume)))))",debate,0.01353046558817235,0.13130224005785823,6.901803299772907,0.716377413780849,0.18764870033673742,0.43566227137285596,5,6
356,"add(neg(cs_rank(market_cap)), add(cs_rank(dollar_volume), neg(cs_rank(abs_val(returns)))))",debate,0.012305557888859094,0.13054761131831333,6.86958351394903,1.234231338177514,0.296155636995139,0.46796592952794375,3,5
1013,"add(add(add(cs_rank(cs_roa), cs_rank(cs_roe)), add(neg(cs_rank(cs_accruals)), neg(cs_rank(debt_at)))), neg(cs_rank(ts_delta_5(safe_div(close, ts_mean_20(close))))))",debate,0.011582218684025801,0.1303708122480386,6.8528434988701905,0.9743170777412627,0.05329853911834972,0.3721394657284242,6,6
201,"add(add(add(cs_rank(cs_roe), cs_rank(cs_roa)), add(cs_rank(cs_gp_at), cs_rank(cs_bm))), add(neg(cs_rank(cs_accruals)), neg(cs_rank(cs_debt_at))))",debate,0.010384324755458484,0.13022034358112897,6.8523622639444834,0.8584047923403131,0.004344996034798804,0.37357086520495064,6,4
1014,"add(add(add(cs_rank(cs_roe), cs_rank(cs_roa)), add(cs_rank(cs_gp_at), neg(cs_rank(cs_accruals)))), add(neg(cs_rank(cs_debt_at)), cs_rank(cs_bm)))",debate,0.010384322487359631,0.130220316927542,6.852360861398394,0.8584045625698064,0.004344996945159218,0.37357086520495064,6,5
610,"sub(add(add(cs_rank(cs_gp_at), cs_rank(cs_opmargin)), cs_rank(cs_roa)), add(cs_rank(cs_accruals), cs_rank(cs_debt_at)))",debate,0.012403441943231865,0.13000619791241763,6.841093642937118,0.7039530735347218,0.003955162860997651,0.3728683912065136,5,4
611,"add(neg(cs_rank(ts_returns_20(close))), sub(add(cs_rank(cs_roa), cs_rank(cs_gp_at)), add(cs_rank(cs_accruals), cs_rank(cs_debt_at))))",debate,0.012570075576331295,0.12955032831813196,6.791205654008626,1.4503044167859565,0.02841205690228899,0.3683990574093735,5,4
1017,"add(add(add(cs_rank(cs_roe), cs_rank(cs_roa)), neg(cs_rank(cs_accruals))), add(neg(cs_rank(cs_debt_at)), cs_rank(bm)))",debate,0.009120230354491103,0.12875490087533936,6.775248780590254,0.7103479967693952,0.0051734702282408606,0.37155523829884374,5,4
608,"sub(add(cs_rank(cs_roe), cs_rank(cs_opmargin)), add(cs_rank(cs_leverage), cs_rank(ts_returns_20(close))))",debate,0.011493677790508904,0.12918879740636746,6.772253708429262,1.2839851040422248,0.033631869805314026,0.43053309998055395,4,4
222,"add(neg(cs_rank(ask)), add(cs_rank(dollar_volume), cs_rank(cs_roa)))",debate,0.010764607272715065,0.1280695087418063,6.739182563418125,1.7169482490523134,0.047614309715374496,0.4379281606800567,3,3
675,"add(sub(cs_rank(dollar_volume), cs_rank(abs_val(sub(ask, bid)))), cs_rank(cs_roa))",debate,0.013138183432488423,0.12769805828374434,6.71963636171299,0.8836852229147588,0.12859768224370968,0.4379281606800567,4,5
803,"sub(cs_rank(dollar_volume), cs_rank(abs_val(ts_returns_1(close))))",debate,0.017387492782401356,0.1275202379085427,6.706643201849281,0.7251125911653743,0.20906187701592907,0.46743472584067997,2,4
495,"add(cs_rank(dollar_volume), neg(cs_rank(abs_val(returns))))",debate,0.01737083730529135,0.12735158017407272,6.701404237156219,0.719073580102931,0.2088388688414788,0.46796592952794375,2,4
518,"add(add(add(cs_rank(cs_roe), cs_rank(cs_roa)), add(cs_rank(cs_cash_at), cs_rank(cs_bm))), add(neg(cs_rank(cs_accruals)), neg(cs_rank(cs_asset_growth))))",debate,0.008548466400686757,0.12701105692513298,6.683485465043806,1.1393929717471156,0.0050423685493365565,0.3723005902665802,6,4
50,"add(add(cs_rank(neg(cs_accruals)), cs_rank(neg(cs_debt_at))), cs_rank(cs_roe))",debate,0.008458009078259393,0.1269705743739446,6.681355221039814,0.9099354141960262,0.005290412873157433,0.37388163989511203,3,4
30,"add(add(cs_rank(cs_ep), cs_rank(cs_gp_at)), add(neg(cs_rank(cs_debt_at)), neg(cs_rank(cs_accruals))))",debate,0.010598448130232318,0.12672146071187734,6.66824653916693,1.1001099260100233,0.004868152699483751,0.37357086520495064,4,4
948,"add(add(cs_rank(cs_roa), cs_rank(cs_opmargin)), add(neg(cs_rank(cs_accruals)), neg(cs_rank(cs_leverage))))",debate,0.009879947475071107,0.12607263295205626,6.634104386451539,0.47861517391359765,0.0044338497856150115,0.3728683912065136,4,4
379,"mul(add(add(cs_rank(neg(dollar_volume)), cs_rank(neg(market_cap))), cs_rank(bm)), neg(cs_rank(ts_std_20(ts_returns_5(dollar_volume)))))",debate,0.012113065284659852,0.12612906154846582,6.629879069914332,0.8462406367357816,0.03595864101816949,0.43362804388288395,4,5
1018,"add(sub(add(cs_rank(cs_roe), cs_rank(cs_roa)), cs_rank(ts_returns_5(close))), cs_rank(bm))",debate,0.011964259841642906,0.12582993244079158,6.614155573791993,1.2392665934184455,0.0742198975345045,0.43369085104918165,4,4
150,"add(add(add(cs_rank(cs_roe), cs_rank(cs_roa)), add(cs_rank(cs_gp_at), cs_rank(cs_opmargin))), add(add(neg(cs_rank(cs_accruals)), neg(cs_rank(cs_debt_at))), cs_rank(cs_cash_at)))",debate,0.012465503722028072,0.12565460097239226,6.612107005060919,0.8294169983671525,0.003666385526875695,0.3728683912065136,7,5
477,"add(add(cs_rank(neg(cs_asset_growth)), cs_rank(cs_roa)), cs_rank(neg(cs_accruals)))",debate,0.009284541864807127,0.1254330941177039,6.600451028962792,0.9269025081351256,0.0056877296309992675,0.37232474686900235,3,4
577,"add(add(cs_rank(neg(cs_accruals)), cs_rank(cs_roa)), neg(cs_rank(cs_asset_growth)))",debate,0.009284541216239684,0.12543304300012725,6.600448339090046,0.9268991978806888,0.005687735474947947,0.37232474686900235,3,4
480,"add(add(neg(cs_rank(cs_asset_growth)), cs_rank(cs_roa)), neg(cs_rank(cs_accruals)))",debate,0.009284529176759981,0.12543288518976534,6.600440034905468,0.926897676943243,0.005687735751791071,0.37232474686900235,3,4
89,"add(add(cs_rank(neg(cs_asset_growth)), neg(cs_rank(cs_accruals))), cs_rank(cs_roa))",debate,0.009284525697868263,0.12543288515625542,6.6004400331421325,0.926899832931028,0.005687738539127374,0.37232474686900235,3,4
178,"add(add(neg(cs_rank(cs_asset_growth)), neg(cs_rank(cs_accruals))), cs_rank(cs_roa))",debate,0.009284516454584538,0.12543272989656035,6.600431863176931,0.9268963371768923,0.005687734696253562,0.37232474686900235,3,4
753,"sub(cs_rank(cs_roa), add(cs_rank(cs_accruals), cs_rank(cs_asset_growth)))",debate,0.009284516454584538,0.12543272989656035,6.600431863176931,0.9268963371768923,0.005687734696253562,0.37232474686900235,3,3
102,"add(add(cs_rank(cs_roe), cs_rank(cs_roa)), add(neg(cs_rank(cs_leverage)), neg(cs_rank(cs_asset_growth))))",debate,0.010970177002615156,0.1253898800757172,6.598177050393555,0.9151255738840731,0.003426386855969356,0.4358798015776677,4,4
450,"add(neg(cs_rank(cs_asset_growth)), cs_rank(cs_roa))",debate,0.010024519636354364,0.12490448950973944,6.572635173401743,0.8211183563486407,0.003678721803299566,0.435883425068031,2,3
473,"sub(cs_rank(cs_roa), cs_rank(cs_asset_growth))",debate,0.010024519636354364,0.12490448950973944,6.572635173401743,0.8211183563486407,0.003678721803299566,0.435883425068031,2,2
647,"sub(cs_rank(cs_asset_growth), cs_rank(cs_roa))",debate,-0.010024519636354364,-0.12490448950973944,-6.572635173401743,-0.8211183563486407,0.0036788184156276915,0.435883425068031,2,2
464,"add(add(add(cs_rank(cs_roa), cs_rank(cs_roe)), add(cs_rank(cs_opmargin), cs_rank(cs_gp_at))), add(add(neg(cs_rank(cs_accruals)), neg(cs_rank(debt_at))), cs_rank(curr_ratio)))",debate,0.011459924978952155,0.12481001786279561,6.567663953615894,0.78400122125801,0.003819994519611908,0.3726137806169838,7,5
292,"add(neg(cs_rank(ts_returns_5(close))), add(cs_rank(cs_roa), add(neg(cs_rank(cs_asset_growth)), neg(cs_rank(cs_accruals)))))",debate,0.010890518559151935,0.1247920502025896,6.55960007608501,1.4369239753924705,0.07582514718684634,0.37092777055092757,4,5
259,"add(add(add(cs_rank(cs_bm), cs_rank(cs_roe)), cs_rank(cs_roa)), add(neg(cs_rank(cs_debt_at)), neg(cs_rank(cs_accruals))))",debate,0.008634923185112248,0.12435895415773872,6.5439284002747895,0.6812560323696166,0.004856632749762942,0.37357086520495064,5,4
258,"add(add(add(cs_rank(cs_roe), cs_rank(cs_roa)), cs_rank(cs_bm)), add(neg(cs_rank(cs_debt_at)), neg(cs_rank(cs_accruals))))",debate,0.008634924523404365,0.1243588880984691,6.5439249241509065,0.6812595995208488,0.0048566284712164886,0.37357086520495064,5,4
100,"sub(add(add(cs_rank(cs_bm), cs_rank(cs_roa)), cs_rank(cs_roe)), add(cs_rank(cs_debt_at), cs_rank(cs_accruals)))",debate,0.008634882769612525,0.12435823035737222,6.543890312966911,0.6812493863938194,0.004856631825209744,0.37357086520495064,5,4
199,"add(add(add(cs_rank(cs_roe), cs_rank(cs_roa)), add(cs_rank(cs_bm), neg(cs_rank(cs_accruals)))), neg(cs_rank(cs_debt_at)))",debate,0.008634869681635451,0.12435811243986693,6.54388410799585,0.6812442431128971,0.004856635996079785,0.37357086520495064,5,5
184,"add(add(add(add(cs_rank(cs_roa), cs_rank(cs_roe)), add(cs_rank(cs_gp_at), cs_rank(cs_gpmargin))), add(cs_rank(cs_opmargin), cs_rank(roce))), add(add(neg(cs_rank(cs_accruals)), neg(cs_rank(cs_debt_at))), cs_rank(cs_cash_at)))",debate,0.012893792488993647,0.12411335269091607,6.531004534641027,0.7467511017797822,0.0031176240497214555,0.37253031955561516,9,5
180,"add(add(add(cs_rank(cs_roa), cs_rank(cs_roe)), add(cs_rank(cs_gp_at), cs_rank(cs_gpmargin))), add(neg(cs_rank(cs_accruals)), neg(cs_rank(cs_debt_at))))",debate,0.012450496466942995,0.12398398491133773,6.524197035393411,0.8482162148720085,0.003750166764238892,0.3728683912065136,6,4
103,"add(add(add(cs_rank(cs_roe), cs_rank(cs_roa)), add(cs_rank(cs_ep), cs_rank(cs_bm))), add(add(neg(cs_rank(cs_debt_at)), neg(cs_rank(cs_accruals))), add(cs_rank(cs_cash_at), neg(cs_rank(cs_asset_growth)))))",debate,0.008854591855365797,0.12323456010384343,6.484761336413408,0.9023668423075332,0.004638263913910346,0.3723005902665802,8,5
467,"sub(add(add(cs_rank(cs_roe), cs_rank(cs_roa)), add(cs_rank(cs_opmargin), cs_rank(cs_gp_at))), add(add(cs_rank(cs_accruals), cs_rank(cs_leverage)), cs_rank(cs_debt_at)))",debate,0.011155654402382033,0.12318102732565459,6.481944372649856,0.614697121624584,0.003623293645394683,0.3728683912065136,7,4
511,"add(cs_rank(sub(cs_rank(ts_mean_5(volume)), cs_rank(ts_returns_5(close)))), cs_rank(cs_roa))",debate,0.013849487347185368,0.12308556430467596,6.469899930862458,1.3119864567309762,0.07215662430053311,0.4361576025055228,3,5
87,"add(add(cs_rank(cs_roa), cs_rank(cs_roe)), add(add(cs_rank(cs_bm), neg(cs_rank(cs_debt_at))), add(neg(cs_rank(cs_accruals)), add(neg(cs_rank(cs_asset_growth)), neg(cs_rank(ts_returns_20(close)))))))",debate,0.009989498385703224,0.12336938905743129,6.467192352002356,1.4216806909750375,0.027711748633944072,0.36728592116975933,7,7
1037,"mul(cs_rank(neg(ts_returns_1(close))), cs_rank(neg(add(cs_rank(abs_val(sub(ask, bid))), cs_rank(neg(dollar_volume))))))",debate,0.01424979160202803,0.12272659326247866,6.454532126737706,0.9915497436872548,0.2556588952963301,0.4674340011426073,4,7
310,"add(add(cs_rank(cs_ep), cs_rank(cs_gpmargin)), add(neg(cs_rank(cs_debt_at)), neg(cs_rank(cs_accruals))))",debate,0.00904775488167887,0.12141783530427729,6.389162936669029,0.9166334431054685,0.0052033597162106735,0.3725677622893695,4,4
766,"add(neg(cs_rank(ts_returns_5(close))), add(cs_rank(dollar_volume), neg(cs_rank(abs_val(ts_returns_1(close))))))",debate,0.01576043450593532,0.12105011795525053,6.362908227409533,1.0182731741080693,0.1934915475759825,0.46589172286096303,3,6
204,"add(add(cs_rank(cs_roe), cs_rank(cs_roa)), add(neg(cs_rank(ts_returns_5(close))), neg(cs_rank(ts_rank_20(ts_returns_20(close))))))",debate,0.012643988050129548,0.1210206560124979,6.344068548754718,1.092677231659825,0.09013316723229907,0.43135998048146523,4,6
55,"sub(cs_rank(cs_gp_at), cs_rank(cs_accruals))",debate,0.009891447807689007,0.1197982531844359,6.303938438743741,1.4265929635692116,0.005866321718635183,0.37388163989511203,2,2
929,"add(cs_rank(neg(cs_accruals)), cs_rank(cs_gp_at))",debate,0.009891416407595931,0.11979782460007901,6.303915886082664,1.4265850503219926,0.0058662855895135904,0.37388163989511203,2,3
131,"add(sub(cs_rank(neg(cs_debt_at)), cs_rank(cs_current_ratio)), sub(cs_rank(cs_roa), cs_rank(cs_accruals)))",debate,0.009566750212763282,0.11903849010611094,6.263958726632102,0.4765802091287274,0.005061763805016646,0.37388163989511203,4,4
553,"add(add(sub(cs_rank(ask), cs_rank(bid)), neg(cs_rank(market_cap))), neg(cs_rank(cs_roa)))",debate,-0.01671767848113023,-0.11901867262844816,-6.262915905423307,-0.4029285547128655,0.004072961356608473,0.4379281606800567,4,4
1011,"add(add(cs_rank(cs_roa), neg(cs_rank(cs_accruals))), neg(cs_rank(cs_debt_at)))",debate,0.00879079644686028,0.11898585692989334,6.261189101083385,0.6672213303952826,0.005014320767102424,0.37388163989511203,3,4
47,"add(add(cs_rank(neg(cs_accruals)), cs_rank(cs_roa)), cs_rank(neg(cs_debt_at)))",debate,0.008790715157237653,0.1189847679540445,6.2611317977711085,0.6672113095957491,0.005014299722600826,0.37388163989511203,3,4
305,"add(add(neg(cs_rank(cs_debt_at)), neg(cs_rank(cs_accruals))), cs_rank(cs_roa))",debate,0.008790711927836014,0.1189846239716734,6.261124221233225,0.6672154996621126,0.005014337261589907,0.37388163989511203,3,4
390,"add(cs_rank(cs_roa), add(neg(cs_rank(cs_debt_at)), neg(cs_rank(cs_accruals))))",debate,0.008790711927836014,0.1189846239716734,6.261124221233225,0.6672154996621126,0.005014337261589907,0.37388163989511203,3,4
683,"add(cs_rank(cs_roa), neg(add(cs_rank(cs_debt_at), cs_rank(cs_accruals))))",debate,0.008790711927836014,0.1189846239716734,6.261124221233225,0.6672154996621126,0.005014337261589907,0.37388163989511203,3,4
687,"add(cs_rank(cs_roa), neg(add(cs_rank(cs_accruals), cs_rank(cs_debt_at))))",debate,0.008790711927836014,0.1189846239716734,6.261124221233225,0.6672154996621126,0.005014337261589907,0.37388163989511203,3,4
48,"add(add(cs_rank(neg(cs_accruals)), cs_rank(neg(cs_debt_at))), cs_rank(cs_roa))",debate,0.008790703957087777,0.11898454908485856,6.261120280592539,0.6672105571181124,0.005014293450851523,0.37388163989511203,3,4
727,"add(add(neg(cs_rank(ts_std_20(returns))), cs_rank(cs_roa)), add(cs_rank(cs_roe), add(neg(cs_rank(debt_at)), cs_rank(dollar_volume))))",debate,0.016121249588909245,0.11867682060200085,6.241543343718748,0.41612635000228154,0.026407935219771275,0.43714427893145685,5,5
91,"add(add(add(cs_rank(cs_roa), cs_rank(cs_roe)), add(cs_rank(cs_bm), neg(cs_rank(cs_accruals)))), add(add(neg(cs_rank(cs_asset_growth)), neg(cs_rank(cs_debt_at))), add(cs_rank(cs_cash_at), neg(cs_rank(ts_returns_20(close))))))",debate,0.008894021542146994,0.11881539745034814,6.228465874409923,1.6197212974278958,0.025095776238212058,0.36728592116975933,8,6
90,"add(add(add(cs_rank(cs_roa), cs_rank(cs_roe)), add(cs_rank(cs_bm), cs_rank(cs_cash_at))), add(add(neg(cs_rank(cs_debt_at)), neg(cs_rank(cs_accruals))), add(neg(cs_rank(cs_asset_growth)), neg(cs_rank(ts_returns_20(close))))))",debate,0.008894014207657544,0.11881530470000827,6.228461012310068,1.6197203405869463,0.025095776238816838,0.36728592116975933,8,6
742,"mul(add(cs_rank(neg(ts_returns_1(close))), cs_rank(neg(ts_returns_1(volume)))), cs_rank(dollar_volume))",debate,0.013879448176270579,0.11821905409435647,6.217468132702208,0.8436966256652778,0.17166567107640954,0.46743472584067997,3,5
83,"add(add(cs_rank(cs_roe), cs_rank(cs_roa)), add(add(cs_rank(bm), neg(cs_rank(debt_at))), add(neg(cs_rank(accrual)), neg(cs_rank(ts_returns_20(close))))))",debate,0.009728161486787118,0.11842034682402508,6.207756779481837,1.2925569894278577,0.03208955456267668,0.42921499496938753,6,6
864,"mul(cs_rank(market_cap), mul(cs_rank(dollar_volume), cs_rank(cs_roa)))",debate,0.01653414127465865,0.1176497278866123,6.190880269266832,0.4188138007672068,0.028135840462995214,0.4379286438121051,3,3
731,"add(add(neg(cs_rank(ts_std_20(returns))), cs_rank(cs_roa)), add(cs_rank(dollar_volume), neg(cs_rank(sub(ts_std_5(returns), ts_std_20(returns))))))",debate,0.01879183606882949,0.11723232765407986,6.1655734508752165,0.6662880067237217,0.07216359681989144,0.43756267128540904,5,6
340,"add(add(cs_rank(cs_bm), cs_rank(cs_roa)), add(neg(cs_rank(cs_accruals)), add(neg(cs_rank(debt_at)), cs_rank(dollar_volume))))",debate,0.008212840525715179,0.11695245403416972,6.154188820736473,0.5613179207855362,0.033840058558417534,0.37345177315500927,5,5
584,"mul(add(add(add(cs_rank(cs_bm), cs_rank(cs_roe)), cs_rank(cs_roa)), neg(add(cs_rank(accrual), cs_rank(pe_op_dil)))), add(cs_rank(dollar_volume), cs_rank(abs_val(ts_returns_20(close)))))",debate,0.008811213547647249,0.1172424601660992,6.14601034753576,1.2312971835618296,0.03738361351348143,0.42720613191195883,7,5
714,"add(add(cs_rank(neg(cs_accruals)), cs_rank(cs_roa)), neg(cs_rank(debt_at)))",debate,0.008555787934061724,0.11648423900331215,6.129550742532808,0.625327632908722,0.005160154148979558,0.37362473442835215,3,4
930,"add(cs_rank(neg(cs_accruals)), cs_rank(cs_opmargin))",debate,0.00949619641505763,0.11611755537663429,6.110255377637013,0.7677873654543295,0.006018311285245623,0.3728683912065136,2,3
1003,"add(add(cs_rank(neg(ts_std_20(returns))), cs_rank(neg(ts_returns_5(close)))), add(cs_rank(dollar_volume), cs_rank(cs_roa)))",debate,0.018296579307791706,0.11398735245778423,5.991659281508417,0.7356926180026215,0.07336052053600876,0.4361576025055228,4,5
529,"cs_rank(add(cs_gp_at, cs_roa))",debate,0.012110628807283114,0.11350609557857318,5.972836998281459,0.9164308338085536,0.002053776093396765,0.41052599793944183,2,2
236,"sub(add(cs_rank(cs_roe), neg(add(cs_rank(cs_debt_at), cs_rank(cs_accruals)))), cs_rank(cs_asset_growth))",debate,0.006871496576733229,0.11336175075347363,5.965241387601077,0.8091345692535418,0.005147805102148694,0.37232474686900235,4,5
539,"add(add(cs_rank(cs_roa), cs_rank(cs_opmargin)), neg(cs_rank(cs_leverage)))",debate,0.010005133205604488,0.11335406237877348,5.964836815418133,0.45737066391733905,0.002845629937630199,0.43687626142758273,3,3
61,"mul(add(cs_rank(cs_bm), cs_rank(cs_roa)), cs_rank(dollar_volume))",debate,0.012569762439670678,0.11333708761289299,5.963943581366064,0.6413601653259142,0.0571132287911485,0.4373650702775956,3,3
625,"sub(add(cs_rank(neg(cs_asset_growth)), cs_rank(cs_roa)), add(cs_rank(cs_debt_at), cs_rank(cs_accruals)))",debate,0.007255627280340409,0.11332865232577083,5.9634997056891015,0.597301439774879,0.004952912609128865,0.37232474686900235,4,4
481,"add(add(neg(cs_rank(cs_asset_growth)), cs_rank(cs_roa)), add(neg(cs_rank(cs_accruals)), neg(cs_rank(cs_debt_at))))",debate,0.00725559512618482,0.11332809105067056,5.96347017067014,0.597293645400491,0.004952903640680123,0.37232474686900235,4,4
609,"sub(add(cs_rank(cs_gp_at), cs_rank(cs_roa)), add(cs_rank(cs_accruals), cs_rank(cs_debt_at)))",debate,0.010851062987772253,0.1127605073311684,5.933603184036651,0.8033335627260738,0.004092802553826733,0.37388163989511203,4,3
943,"add(add(cs_rank(cs_roa), cs_rank(cs_gp_at)), add(neg(cs_rank(cs_accruals)), neg(cs_rank(cs_debt_at))))",debate,0.010851062987772253,0.1127605073311684,5.933603184036651,0.8033335627260738,0.004092802553826733,0.37388163989511203,4,4
591,"add(add(cs_rank(cs_roa), cs_rank(cs_gpmargin)), add(neg(cs_rank(ts_returns_5(returns))), neg(cs_rank(cs_accruals))))",debate,0.009301972056186188,0.11225095461354168,5.900386837368615,0.4527587676270081,0.162011778673669,0.3712794906821945,4,5
843,"add(add(add(cs_rank(cs_roe), cs_rank(cs_roa)), add(cs_rank(curr_ratio), neg(cs_rank(accrual)))), add(neg(cs_rank(returns)), neg(cs_rank(debt_at))))",debate,0.010491018255724675,0.11211571743496322,5.899673508907386,0.9776191782675501,0.1156195340992012,0.37531158997549313,6,5
443,"add(add(add(cs_rank(cs_roe), cs_rank(cs_roa)), add(cs_rank(cs_gp_at), cs_rank(cs_gpmargin))), add(add(cs_rank(cs_current_ratio), neg(cs_rank(cs_debt_at))), add(neg(cs_rank(cs_accruals)), neg(cs_rank(cs_asset_growth)))))",debate,0.010193033047936862,0.11157404316349669,5.87116991081302,0.8821222185867481,0.0035650336716705833,0.3713511150083763,8,5
589,"add(add(cs_rank(cs_roa), cs_rank(cs_roe)), add(add(neg(cs_rank(cs_accruals)), neg(cs_rank(cs_debt_at))), cs_rank(cs_cash_at)))",debate,0.010041826060288379,0.11128761516543234,5.856097700501652,0.8611866942197699,0.0041557756798838415,0.37388163989511203,5,5
454,"add(neg(cs_rank(cs_asset_growth)), sub(cs_rank(cs_roa), cs_rank(cs_bm)))",debate,0.012277795592266137,0.11116278987460963,5.849529232865207,0.8736402458817202,0.0028599021258125233,0.43583124680679913,3,3
283,"add(add(cs_rank(cs_roe), cs_rank(cs_opmargin)), add(neg(cs_rank(cs_accruals)), add(neg(cs_rank(cs_debt_at)), cs_rank(cs_cash_at))))",debate,0.009809867521088636,0.11110156884916085,5.846307703624778,0.7774474182847037,0.004262506963205643,0.3728683912065136,5,5
682,"add(cs_rank(dollar_volume), neg(cs_rank(abs_val(ts_returns_5(volume)))))",debate,0.010240621825179414,0.11116735829568232,5.843428413514399,0.6528512911106134,0.20643279485957047,0.4659977703455964,2,5
945,"add(neg(cs_rank(ts_returns_5(close))), cs_rank(cs_roa))",debate,0.012926827709970314,0.11100213756796817,5.834743710471816,1.1249925547553703,0.10078805362540295,0.4361576025055228,2,4
93,"add(neg(cs_rank(cs_asset_growth)), add(cs_rank(cs_roa), sub(cs_rank(cs_gp_at), add(cs_rank(cs_accruals), neg(cs_rank(curr_ratio))))))",debate,0.008966626015892262,0.11071137080099037,5.82577497957247,1.1623621771192976,0.004463131351159298,0.3722705152965646,5,6
578,"add(add(cs_rank(neg(cs_accruals)), cs_rank(cs_roa)), add(cs_rank(neg(debt_at)), cs_rank(neg(cs_asset_growth))))",debate,0.006977544331104481,0.11057784401527455,5.818748628063154,0.5662914903400916,0.005089019573285535,0.3722705152965646,4,4
104,"add(add(add(cs_rank(cs_roe), cs_rank(cs_roa)), add(cs_rank(cs_bm), cs_rank(cs_cash_at))), add(cs_rank(neg(cs_debt_at)), cs_rank(neg(cs_accruals))))",debate,0.007879872628640431,0.11032991334222905,5.805702196596838,0.9032357795785144,0.004409923534091496,0.37357086520495064,6,4
754,"sub(sub(cs_rank(cs_asset_growth), add(cs_rank(cs_roa), cs_rank(cs_gp_at))), add(cs_rank(cs_accruals), cs_rank(cs_debt_at)))",debate,-0.008308193460586893,-0.10996375739844576,-5.786434599054857,-0.5983172875561795,0.004744459965829055,0.37232474686900235,5,4
277,"add(add(cs_rank(cs_roa), cs_rank(cs_opmargin)), add(neg(cs_rank(cs_accruals)), add(neg(cs_rank(cs_debt_at)), cs_rank(cs_current_ratio))))",debate,0.008800195859270726,0.1097629279859235,5.775866696605727,0.6163716332864909,0.004004780618787866,0.3728683912065136,5,5
626,"add(sub(cs_rank(neg(cs_asset_growth)), cs_rank(cs_accruals)), cs_rank(cs_roe))",debate,0.00823376548830576,0.10965382755411328,5.770125691311491,1.0294022004569514,0.005583157444274407,0.37232474686900235,3,4
704,"add(add(cs_rank(cs_bm), cs_rank(cs_roa)), add(neg(cs_rank(cs_accruals)), add(cs_rank(market_cap), cs_rank(dollar_volume))))",debate,0.013007999776292327,0.1091582766921397,5.744049166453166,0.47277919646822336,0.02936811678709862,0.37357086520495064,5,4
94,"add(cs_rank(cs_roa), sub(cs_rank(cs_gp_at), add(cs_rank(cs_accruals), cs_rank(cs_leverage))))",debate,0.009941192676987424,0.10899555449210883,5.7354865146252445,0.8056857522957593,0.0041683489804022035,0.37388163989511203,4,4
713,"add(add(cs_rank(neg(cs_accruals)), cs_rank(cs_roa)), neg(cs_rank(cs_leverage)))",debate,0.0072780760512436505,0.108702371920331,5.720058869942023,0.617755175139932,0.005088051024677488,0.37388163989511203,3,4
49,"add(sub(cs_rank(neg(cs_accruals)), cs_rank(cs_leverage)), cs_rank(cs_roa))",debate,0.007278056089490425,0.10870193043731939,5.720035638537116,0.6177478093002418,0.0050880471676187635,0.37388163989511203,3,4
376,"sub(cs_rank(neg(dollar_volume)), cs_rank(ts_rank_20(dollar_volume)))",debate,-0.010008982523155954,-0.10868093497777329,-5.718930830403829,-0.6337351252172627,0.19623035834012534,0.4679717271125251,2,3
806,"add(cs_rank(cs_roa), add(cs_rank(cs_current_ratio), neg(cs_rank(cs_accruals))))",debate,0.00821133467571492,0.10808273690634015,5.6874528771261295,1.1881482176989069,0.0050503470439438695,0.37388163989511203,3,4
130,"sub(add(cs_rank(cs_current_ratio), cs_rank(cs_roa)), cs_rank(cs_accruals))",debate,0.008211287923182436,0.10808200415298859,5.6874143187006405,1.1881405431077983,0.005050341025417048,0.37388163989511203,3,3
730,"add(add(neg(cs_rank(ts_std_20(returns))), cs_rank(cs_roa)), add(neg(cs_rank(debt_at)), add(cs_rank(dollar_volume), neg(cs_rank(cs_accruals)))))",debate,0.015143677276809788,0.10803233371723675,5.68172023819665,0.3926842800482832,0.032108182022698314,0.3733580455376112,5,5
710,"add(add(cs_rank(neg(cs_accruals)), cs_rank(cs_roa)), cs_rank(cs_cash_at))",debate,0.009583166238613931,0.10710548287011128,5.636028510579513,1.1119081823269161,0.005079271483110054,0.37388163989511203,3,4
814,"sub(add(cs_rank(cs_bm), cs_rank(neg(ptb))), add(add(cs_rank(cs_roa), cs_rank(cs_roe)), add(cs_rank(neg(cs_debt_at)), cs_rank(neg(cs_accruals)))))",debate,-0.012310892098204473,-0.1069408023308141,-5.627362808416142,-0.6718506966498122,0.0037005617726704643,0.3714316772774543,6,5
515,"add(neg(cs_rank(returns)), add(add(cs_rank(cs_roe), cs_rank(cs_cash_at)), add(neg(cs_rank(cs_accruals)), neg(cs_rank(debt_at)))))",debate,0.01082066037735288,0.1063077346010788,5.594049968790154,1.1619334615199293,0.1325847537254557,0.3736240097302795,5,5
868,"add(add(cs_rank(cs_bm), cs_rank(neg(ptb))), neg(add(add(cs_rank(cs_roe), cs_rank(cs_roa)), add(cs_rank(cs_debt_at), cs_rank(cs_accruals)))))",debate,-0.010643140529823259,-0.10618998517992528,-5.5878538425327315,-0.5062430728927834,0.0038093035219859844,0.3714316772774543,6,5
512,"add(add(add(cs_rank(cs_roe), cs_rank(cs_roa)), add(cs_rank(cs_cash_at), cs_rank(curr_ratio))), add(neg(cs_rank(cs_accruals)), neg(cs_rank(cs_asset_growth))))",debate,0.00815298009743897,0.10595274450148207,5.5753699323561,1.1540474027043799,0.004415103276653329,0.3722705152965646,6,4
932,"add(add(cs_rank(neg(cs_accruals)), cs_rank(cs_gp_at)), cs_rank(neg(cs_asset_growth)))",debate,0.006827363054043743,0.1051191694030871,5.531506136643975,1.3250956241266445,0.005383217214423071,0.37232474686900235,3,4
627,"sub(add(cs_rank(cs_roa), cs_rank(cs_cash_at)), cs_rank(cs_asset_growth))",debate,0.00853995454727225,0.10511731345898953,5.531408474474236,1.071740715323934,0.0031001658756282424,0.435883425068031,3,3
674,"sub(sub(neg(cs_rank(ts_returns_5(close))), cs_rank(abs_val(sub(ask, bid)))), neg(cs_rank(cs_roa)))",debate,0.010464517632057557,0.10514786745936312,5.527018413968666,1.0537201807098944,0.17014725569375774,0.43615711937347434,4,5
513,"add(add(add(cs_rank(cs_roa), cs_rank(cs_roe)), add(cs_rank(cs_bm), neg(cs_rank(cs_asset_growth)))), add(neg(cs_rank(cs_accruals)), neg(cs_rank(cs_debt_at))))",debate,0.007788454730690878,0.10461621879342663,5.5050402275280295,0.6045099636433517,0.004816561539994817,0.3723005902665802,6,5
84,"add(add(cs_rank(cs_roa), cs_rank(cs_roe)), add(add(cs_rank(cs_bm), neg(cs_rank(cs_debt_at))), add(neg(cs_rank(cs_accruals)), neg(cs_rank(cs_asset_growth)))))",debate,0.007788440626928482,0.10461602861497886,5.505030220093069,0.6045103343889574,0.0048165614546639545,0.3723005902665802,6,5
34,"mul(neg(cs_rank(ts_returns_1(returns))), mul(cs_rank(dollar_volume), neg(cs_rank(abs_val(sub(ask, bid))))))",debate,0.008048305912162145,0.1040175715107602,5.4705727521135525,0.8889877332455088,0.2680334727163399,0.4672729973874635,4,6
994,"add(add(cs_rank(neg(ts_std_20(returns))), cs_rank(dollar_volume)), cs_rank(cs_roa))",debate,0.018282512990488928,0.10387053406285307,5.462839644674317,0.3943015169075186,0.03733782083165371,0.4376053076886842,3,5
122,"add(add(neg(cs_rank(ts_std_20(returns))), cs_rank(dollar_volume)), cs_rank(cs_roa))",debate,0.018282511807933152,0.10387052778263839,5.462839314380398,0.3943013737754322,0.03733782072614391,0.4376053076886842,3,5
999,"add(add(cs_rank(neg(ts_std_20(returns))), cs_rank(cs_roa)), cs_rank(dollar_volume))",debate,0.018282510684688696,0.10387052159329913,5.46283898886587,0.39430136048891046,0.03733782132041893,0.4376053076886842,3,5
127,"add(neg(cs_rank(ts_std_20(returns))), add(cs_rank(dollar_volume), cs_rank(cs_roa)))",debate,0.018282506927143213,0.10387050069904342,5.462837889978978,0.3943011902520453,0.037337820332900284,0.4376053076886842,3,4
586,"add(add(cs_rank(cs_roa), cs_rank(cs_gpmargin)), add(neg(cs_rank(cs_accruals)), neg(cs_rank(cs_debt_at))))",debate,0.009549731332167287,0.10347269908731035,5.444866747203995,0.6228752362366631,0.0043688738281998625,0.3728683912065136,4,4
452,"add(neg(cs_rank(cs_asset_growth)), neg(cs_rank(cs_roa)))",debate,-0.009725914876731639,-0.10325070429409493,-5.43318509515188,-0.629472015014452,0.0033385617930783164,0.435883425068031,2,3
420,"sub(add(add(cs_rank(cs_ep), cs_rank(cs_roa)), add(cs_rank(cs_cash_at), cs_rank(cs_bm))), add(cs_rank(cs_accruals), cs_rank(cs_debt_at)))",debate,0.00703406121832259,0.10209674673452049,5.37246236153004,0.9174872079044326,0.004659862151727667,0.37357086520495064,6,4
239,"sub(add(cs_rank(roe), cs_rank(roa)), add(cs_rank(accrual), cs_rank(debt_at)))",debate,0.009497409264052101,0.10204250497593222,5.369608090304372,0.41806628738424784,0.001185813034140583,0.4346447952788336,4,3
654,"add(add(neg(cs_rank(debt_at)), cs_rank(roe)), add(cs_rank(roa), neg(cs_rank(accrual))))",debate,0.0094973977782752,0.1020424258852703,5.369603928451836,0.4180604385329721,0.001185815426274771,0.4346447952788336,4,4
1026,"cs_rank(add(neg(returns), neg(ts_std_5(returns))))",debate,0.014255162559749691,0.10195229264463973,5.3619540050459396,0.7599077974181739,0.2846243690859756,0.467566500106893,2,4
924,"add(add(add(cs_rank(cs_roa), cs_rank(cs_opmargin)), add(cs_rank(neg(cs_accruals)), cs_rank(cs_current_ratio))), add(cs_rank(neg(cs_leverage)), cs_rank(neg(ts_std_20(returns)))))",debate,0.010477184452922115,0.10145121716242206,5.335601054866857,0.33675040120541017,0.012404353096059952,0.37259711256131245,6,5
472,"add(add(add(cs_rank(cs_roe), cs_rank(cs_roa)), add(cs_rank(bm), neg(cs_rank(debt_at)))), add(neg(cs_rank(accrual)), neg(cs_rank(cs_asset_growth))))",debate,0.006812482860294799,0.10134714912749594,5.333017569616111,0.6022883422367217,0.004309862445946954,0.4338101846651472,6,5
425,"sub(add(add(cs_rank(cs_roa), cs_rank(cs_cash_at)), add(cs_rank(cs_bm), cs_rank(cs_ep))), add(cs_rank(cs_asset_growth), add(cs_rank(cs_debt_at), cs_rank(returns))))",debate,0.008928142730906403,0.10125860845901051,5.328358445558616,0.9192037690827086,0.11486254065653156,0.4358304013257143,7,4
1000,"add(add(cs_rank(neg(ts_std_20(returns))), cs_rank(dollar_volume)), add(cs_rank(cs_roa), cs_rank(neg(cs_debt_at))))",debate,0.015182568624770475,0.10127420723918695,5.326291611771433,0.25178996189213587,0.03350027310723215,0.43760252967940566,4,5
1021,"sub(add(add(cs_rank(cs_bm), cs_rank(cs_roa)), cs_rank(cs_gp_at)), add(cs_rank(cs_debt_at), cs_rank(cs_accruals)))",debate,0.007590253713712378,0.10063197437267048,5.295384152537629,0.750085703259269,0.004390506535722802,0.37357086520495064,5,4
126,"add(add(neg(cs_rank(ts_std_20(returns))), cs_rank(cs_roa)), add(neg(cs_rank(cs_leverage)), cs_rank(dollar_volume)))",debate,0.016147102292695018,0.10064180976405657,5.293032073544319,0.4201886109788264,0.032589490714202515,0.4376053076886842,4,5
791,"sub(sub(cs_rank(neg(log_abs(market_cap))), cs_rank(cs_bm)), add(cs_rank(cs_roe), cs_rank(dollar_volume)))",debate,-0.01201442153933501,-0.1003666660657663,-5.28142328758715,-0.34906976221131003,0.029781655039565258,0.4373650702775956,4,5
856,"add(add(cs_rank(add(cs_bm, cs_roe)), cs_rank(cs_gp_at)), add(cs_rank(dollar_volume), neg(cs_rank(ts_returns_5(close)))))",debate,0.010837691916338947,0.10042065076148887,5.278535830657419,1.2141393818886472,0.095171409798458,0.4083527492025302,5,5
741,"add(cs_rank(dollar_volume), cs_rank(neg(cs_accruals)))",debate,0.009256645516432696,0.10005589860235288,5.2650703032485,1.023365631029108,0.04874470525289384,0.37388163989511203,2,3
435,"add(cs_rank(dollar_volume), neg(cs_rank(cs_accruals)))",debate,0.009256645234308154,0.10005586451009887,5.265068509270167,1.0233647965628692,0.048744708653605584,0.37388163989511203,2,3
523,"add(add(cs_rank(neg(debt_at)), cs_rank(cs_cash_at)), add(cs_rank(roe), cs_rank(neg(returns))))",debate,0.010569308583337725,0.09997232602916391,5.260672606766735,0.7778948120889706,0.14591207153675806,0.4345850076878387,4,4
223,"add(add(cs_rank(bm), cs_rank(roa)), add(cs_rank(roe), neg(cs_rank(accrual))))",debate,0.008856328562536826,0.09944079158007563,5.232702579190746,0.5742798307906308,0.0014843350672903639,0.4344973192210462,4,4
944,"add(add(add(cs_rank(cs_bm), cs_rank(neg(pe_op_dil))), cs_rank(cs_roa)), add(cs_rank(cs_roe), neg(add(cs_rank(cs_debt_at), cs_rank(cs_accruals)))))",debate,0.006812327033754798,0.09885328599474973,5.201787278308931,0.8736258333709148,0.005341855597481884,0.3695975872385501,6,5
867,"add(add(cs_rank(cs_bm), cs_rank(cs_ep)), add(cs_rank(cs_roa), neg(cs_rank(cs_accruals))))",debate,0.008947555430149697,0.09877018341689171,5.197414313587056,0.7201093986369931,0.0055081416377691355,0.37357086520495064,4,4
709,"add(add(add(cs_rank(cs_bm), neg(cs_rank(pe_op_dil))), add(cs_rank(cs_roa), cs_rank(cs_roe))), neg(cs_rank(cs_accruals)))",debate,0.00802580786690065,0.0983713572727671,5.176427568008617,0.9410105837871912,0.005870240246630273,0.3695975872385501,5,5
387,"mul(cs_rank(neg(market_cap)), cs_rank(abs_val(returns)))",debate,-0.014389815860030153,-0.09796115915894163,-5.154842414732105,-0.2770763492245378,0.19389506877104287,0.46796592952794375,2,3
998,"add(add(cs_rank(neg(ts_std_20(returns))), cs_rank(cs_roa)), cs_rank(neg(cs_accruals)))",debate,0.01514625811185885,0.09769672787198992,5.13814204373992,0.3740655557235527,0.01909767678831131,0.3736069793255718,3,5
750,"add(add(cs_rank(cs_bm), cs_rank(cs_ep)), add(cs_rank(cs_roa), add(cs_rank(neg(cs_debt_at)), cs_rank(neg(cs_accruals)))))",debate,0.007406673809760023,0.09739918633542778,5.125270680674979,0.6182029214479405,0.004998346902838831,0.37357086520495064,5,5
762,"add(sub(add(cs_rank(cs_bm), cs_rank(cs_ep)), add(cs_rank(cs_debt_at), cs_rank(cs_accruals))), cs_rank(cs_roa))",debate,0.007406604630192114,0.09739829421715689,5.125223736262099,0.6181898889472105,0.0049983575746608815,0.37357086520495064,5,4
313,"add(add(cs_rank(cs_ep), cs_rank(cs_bm)), add(cs_rank(cs_roa), add(neg(cs_rank(cs_accruals)), neg(cs_rank(cs_debt_at)))))",debate,0.007406586200851278,0.09739805290244795,5.125211037971189,0.618184171520393,0.004998351689857865,0.37357086520495064,5,5
996,"add(add(cs_rank(neg(ts_std_20(returns))), cs_rank(neg(cs_accruals))), add(cs_rank(cs_roa), cs_rank(neg(cs_debt_at))))",debate,0.012587586561987886,0.09744359670579718,5.124829173228023,0.3066067869421182,0.016363639463113307,0.3736069793255718,4,5
913,"sub(add(cs_rank(neg(ts_std_20(returns))), cs_rank(cs_roa)), add(cs_rank(cs_debt_at), cs_rank(cs_accruals)))",debate,0.01258758406555922,0.09744357832587215,5.124828206576758,0.3066065156677112,0.016363639687566274,0.3736069793255718,4,5
537,"mul(cs_rank(neg(ts_returns_5(open))), add(cs_rank(ts_std_5(returns)), neg(cs_rank(dollar_volume))))",debate,-0.015082503700981829,-0.096564118173108,-5.07582010141746,-0.5400574053827732,0.09990046730974465,0.4659849673463127,3,4
615,"add(add(cs_rank(dollar_volume), neg(cs_rank(cs_leverage))), add(cs_rank(cs_roa), neg(cs_rank(cs_bm))) )",debate,0.014461530053400567,0.0964379258007224,5.07468791278564,0.7186410332842971,0.02766322573528372,0.4373650702775956,4,4
378,"add(add(cs_rank(abs_val(sub(ask, bid))), neg(cs_rank(dollar_volume))), neg(cs_rank(ts_mean_20(abs_val(sub(ask, bid))))))",debate,-0.010083683869769098,-0.09638316801166592,-5.0718064873718465,-0.592152957099672,0.171595292586163,0.4679710024144524,5,6
226,"add(add(neg(cs_rank(returns)), cs_rank(bm)), add(cs_rank(roa), neg(cs_rank(accrual))))",debate,0.010136344471598733,0.09632957643466052,5.068986429538806,1.06887118712373,0.1917177914853256,0.43536103854065134,4,4
38,"mul(cs_rank(dollar_volume), neg(cs_rank(abs_val(sub(ask, bid)))))",debate,-0.008661154742936314,-0.09594224886507029,-5.048604753767909,-0.7233203574100021,0.19080611336745765,0.4679710024144524,3,5
382,"mul(add(cs_rank(neg(ts_std_20(returns))), cs_rank(neg(ts_std_5(returns)))), cs_rank(dollar_volume))",debate,0.01661393864537638,0.09532288185197355,5.013294893722854,0.30742538216628945,0.06643032863655238,0.467566500106893,3,5
247,"sub(cs_rank(dollar_volume), cs_rank(ts_std_5(returns)))",debate,0.015973365395541717,0.09485489106921287,4.988681959703855,0.5053794569560731,0.08646429120558317,0.467566500106893,2,3
288,"sub(cs_rank(ts_std_5(returns)), cs_rank(dollar_volume))",debate,-0.015973365395541717,-0.09485489106921287,-4.988681959703855,-0.5053794569560731,0.08646434210547715,0.467566500106893,2,3
535,"add(cs_rank(ts_std_5(returns)), neg(cs_rank(dollar_volume)))",debate,-0.015973365395541717,-0.09485489106921287,-4.988681959703855,-0.5053794569560731,0.08646434210547715,0.467566500106893,2,3
972,"add(cs_rank(dollar_volume), neg(cs_rank(ts_std_5(returns))))",debate,0.015973365395541717,0.09485489106921287,4.988681959703855,0.5053794569560731,0.08646429120558317,0.467566500106893,2,4
342,"add(add(neg(cs_rank(pe_op_dil)), cs_rank(cs_bm)), add(cs_rank(cs_roa), add(neg(cs_rank(cs_accruals)), cs_rank(dollar_volume))))",debate,0.008350152856427238,0.09480108472401254,4.988555226312323,1.0465222017737756,0.035293789394530144,0.3695975872385501,5,5
284,"add(cs_rank(neg(dollar_volume)), cs_rank(ts_std_5(returns)))",debate,-0.01597286365513263,-0.09485190959038682,-4.988525155458285,-0.5052922418854057,0.08646418372477592,0.467566500106893,2,3
898,"add(cs_rank(dollar_volume), neg(cs_rank(safe_div(sub(ask, bid), add(ask, bid)))))",debate,0.011371014317167784,0.09468160670705826,4.982268139116625,0.24277992421677702,0.09922626304919273,0.4679710024144524,5,5
939,"add(cs_rank(dollar_volume), neg(cs_rank(safe_div(ask, bid))))",debate,0.011371000735033457,0.09468147696307404,4.982261311821004,0.24276593000177196,0.09922613041649915,0.4679710024144524,3,4
863,"mul(neg(cs_rank(market_cap)), add(cs_rank(bm), cs_rank(cs_roa)))",debate,-0.012682078271961598,-0.09445796069557304,-4.970499597831612,-0.008142480624622087,0.0045626492811605725,0.4353839873129524,3,3
904,cs_rank(neg(abs_val(ts_returns_5(volume)))),debate,0.0036432468320651227,0.09448398111381393,4.966479264479039,0.28336547473345497,0.29924544558042687,0.4659977703455964,1,4
125,"add(add(add(neg(cs_rank(ts_std_20(returns))), neg(cs_rank(abs_val(cs_accruals)))), cs_rank(cs_roa)), cs_rank(dollar_volume))",debate,0.015246048785515694,0.09433225190728563,4.9611949157659865,0.3388180327704841,0.03431548509842454,0.3736069793255718,4,6
617,"add(add(add(cs_rank(cs_bm), cs_rank(cs_roe)), add(cs_rank(cs_roa), neg(cs_rank(cs_accruals)))), add(neg(cs_rank(cs_debt_at)), cs_rank(cs_current_ratio)))",debate,0.0067220456236144945,0.09421153637562106,4.957532432605965,0.801372873573836,0.004298757542174553,0.37357086520495064,6,5
915,"sub(add(cs_rank(neg(ts_std_20(returns))), cs_rank(cs_roa)), add(cs_rank(cs_debt_at), cs_rank(ts_returns_5(close))))",debate,0.012169606739108958,0.09411364784595845,4.947012975335957,0.5069484526331824,0.06918371163361904,0.4361551868452806,4,5
764,"add(cs_rank(dollar_volume), cs_rank(neg(abs_val(ts_returns_5(close)))))",debate,0.012417478748178891,0.09380537223048771,4.930808699924069,0.4185511857821207,0.14882160031537328,0.4659977703455964,2,5
832,"sub(cs_rank(dollar_volume), cs_rank(abs_val(ts_returns_5(close))))",debate,0.012416863602798235,0.09380096150474339,4.9305768534492245,0.4184755285842807,0.14882173184401873,0.4659977703455964,2,4
878,"add(cs_rank(dollar_volume), neg(cs_rank(abs_val(ts_returns_5(close)))))",debate,0.012416863602798235,0.09380096150474339,4.9305768534492245,0.4184755285842807,0.14882173184401873,0.4659977703455964,2,5
956,"add(neg(cs_rank(abs_val(ts_returns_5(close)))), cs_rank(dollar_volume))",debate,0.012416863602798235,0.09380096150474339,4.9305768534492245,0.4184755285842807,0.14882173184401873,0.4659977703455964,2,5
732,"add(add(neg(cs_rank(ts_std_20(returns))), cs_rank(cs_roa)), add(neg(cs_rank(debt_at)), add(neg(cs_rank(ts_std_5(returns))), cs_rank(dollar_volume))))",debate,0.016493453098882234,0.0936283664046991,4.924175623783581,0.2734348671775556,0.05174264379361249,0.43710538680155714,5,6
772,"add(add(cs_rank(ask), neg(cs_rank(bid))), add(neg(ts_rank_20(dollar_volume)), add(neg(cs_rank(market_cap)), neg(cs_rank(price)))))",debate,-0.013229071000712222,-0.09313226571061621,-4.900739819608027,-0.0929795144155313,0.11330196214163982,0.4679710024144524,5,5
263,"sub(neg(cs_rank(ts_returns_5(close))), add(cs_rank(ts_std_5(returns)), cs_rank(neg(market_cap))))",debate,0.01493585874229332,0.09315144819865569,4.8964356759854795,0.5525756965651611,0.0927738731720059,0.4659849673463127,3,4
266,"sub(neg(cs_rank(ts_returns_5(close))), add(cs_rank(ts_std_5(returns)), cs_rank(abs_val(ts_returns_5(volume)))))",debate,0.010627175778188563,0.09300817147188527,4.888904442815589,0.8147867627225758,0.20566838368965604,0.4659849673463127,3,5
872,"add(add(cs_rank(cs_bm), cs_rank(neg(pe_op_dil))), add(cs_rank(cs_roa), add(cs_rank(cs_opmargin), cs_rank(neg(cs_accruals)))))",debate,0.007886314526647847,0.09246839121309056,4.865805888167386,0.7471286164693196,0.005795510075977994,0.36860450931297417,5,5
1033,"add(add(neg(cs_rank(ts_returns_5(close))), cs_rank(dollar_volume)), neg(cs_rank(cs_accruals)))",debate,0.010029164946633197,0.09241953310186211,4.8579631104909575,1.1457869901924098,0.09256694028864167,0.3723671417062533,3,5
219,"add(add(neg(cs_rank(ts_std_20(returns))), neg(cs_rank(abs_val(sub(ask,bid))))), cs_rank(cs_roa))",debate,0.013527099848077295,0.09194879511892382,4.835842308770125,0.22781746166790032,0.12549407702710424,0.43760482455663574,4,6
711,"sub(cs_rank(cs_roa), cs_rank(debt_at))",debate,0.007455572642322749,0.09183347756314347,4.832395913841446,0.15097030028062028,0.0028009761877670317,0.43745396657450925,2,2
289,"add(add(cs_rank(neg(dollar_volume)), cs_rank(neg(market_cap))), add(cs_rank(cs_bm), cs_rank(neg(cs_leverage))))",debate,-0.012278920221473541,-0.09163061179655474,-4.821720855817561,-0.4214984277014836,0.025228477911564663,0.4373650702775956,4,4
845,"add(add(add(cs_rank(cs_roa), cs_rank(cs_cash_at)), add(neg(cs_rank(cs_accruals)), neg(cs_rank(cs_debt_at)))), neg(cs_rank(ts_returns_20(close))))",debate,0.009303976230978955,0.09197869954136727,4.821649412109348,1.287340502172536,0.02857960371328146,0.3683990574093735,5,5
950,"mul(cs_rank(dollar_volume), cs_rank(neg(ts_returns_5(close))))",debate,0.012068743873461471,0.09167837794846019,4.819004848384088,0.8516150017068286,0.1123749791945342,0.4659977703455964,2,4
312,"add(add(cs_rank(neg(ptb)), cs_rank(cs_gp_at)), add(cs_rank(cs_roa), neg(cs_rank(cs_debt_at))))",debate,0.007278428496045816,0.09149239187896982,4.814447545662344,0.5427652938129226,0.003150179341713538,0.4079878637229431,4,4
899,"add(cs_rank(ts_returns_20(close)), neg(cs_rank(ts_rank_20(low))))",debate,-0.009854162181336307,-0.09160561142389571,-4.802091621977051,-1.279668906538281,0.15973793265348105,0.4610503773865213,2,4
770,"add(add(neg(cs_rank(market_cap)), neg(cs_rank(price))), neg(cs_rank(dollar_volume)))",debate,-0.013287328350537215,-0.09117802615320492,-4.797905216122514,-0.18728362734388956,0.026584427345770486,0.4679717271125251,3,4
39,"add(cs_rank(neg(market_cap)), add(cs_rank(neg(dollar_volume)), cs_rank(neg(price))))",debate,-0.01328721245499673,-0.09117663420295942,-4.797831969907113,-0.18727183411592888,0.026584300114703818,0.4679717271125251,3,4
775,"add(add(cs_rank(ask), neg(cs_rank(bid))), add(neg(cs_rank(dollar_volume)), add(neg(cs_rank(market_cap)), neg(cs_rank(price)))))",debate,-0.013286410752307845,-0.09117303499695605,-4.797642575049755,-0.18708498876167695,0.02658381947222511,0.4679710024144524,5,5
666,"sub(mul(cs_rank(dollar_volume), cs_rank(neg(abs_val(ts_returns_20(close))))), cs_rank(ts_mean_20(returns)))",debate,0.011221211640969,0.09144432920959425,4.793636987397002,1.0723525916899852,0.07593401183910478,0.4610503773865213,3,6
773,"add(add(cs_rank(sub(ask, bid)), cs_rank(neg(dollar_volume))), add(neg(cs_rank(market_cap)), neg(cs_rank(price))))",debate,-0.012335763685489727,-0.0910137479995047,-4.789260688007714,-0.17680496868087905,0.08542432322135907,0.4679710024144524,5,4
158,"mul(add(cs_rank(cs_bm), cs_rank(cs_roa)), add(cs_rank(neg(cs_accruals)), cs_rank(neg(ts_returns_5(close)))))",debate,0.008570857116697073,0.09098467102813637,4.782540666892162,1.0047142539280363,0.07712642311139017,0.3720927227027373,4,5
169,"mul(neg(cs_rank(market_cap)), cs_rank(dollar_volume))",debate,-0.012249340148635077,-0.09072059622528088,-4.773834663931468,-0.2640256186097408,0.03334171825382394,0.4679717271125251,2,3
496,"mul(cs_rank(dollar_volume), cs_rank(market_cap))",debate,0.012249340148635077,0.09072059622528088,4.773834663931468,0.2640256186097408,0.03334169203340214,0.4679717271125251,2,2
697,"mul(cs_rank(market_cap), cs_rank(dollar_volume))",debate,0.012249340148635077,0.09072059622528088,4.773834663931468,0.2640256186097408,0.03334169203340214,0.4679717271125251,2,2
717,"mul(cs_rank(dollar_volume), neg(cs_rank(market_cap)))",debate,-0.012249340148635077,-0.09072059622528088,-4.773834663931468,-0.2640256186097408,0.03334171825382394,0.4679717271125251,2,3
373,"neg(add(cs_rank(dollar_volume), cs_rank(abs_val(sub(ask, bid)))))",debate,-0.009045471065626233,-0.09060397708680662,-4.76769801460496,-0.5866372233080467,0.18403360213446224,0.4679710024144524,3,5
31,"add(add(cs_rank(cs_bm), cs_rank(neg(cs_accruals))), add(cs_rank(cs_roa), neg(cs_rank(cs_accruals))))",debate,0.005434964230063883,0.09033166719394246,4.753368717179949,0.9204793405064602,0.007074498628859284,0.37357086520495064,4,4
3,cs_rank(dollar_volume),debate,0.010970854749403968,0.09024744799818474,4.748936994585465,0.6443509904072272,0.06532822206158999,0.4679717271125251,1,1
33,neg(cs_rank(dollar_volume)),debate,-0.010970854749403968,-0.09024744799818474,-4.748936994585465,-0.6443509904072272,0.06532823330965387,0.4679717271125251,1,2
282,cs_rank(neg(log_abs(dollar_volume))),debate,-0.010970854749403968,-0.09024744799818474,-4.748936994585465,-0.6443509904072272,0.06532823330965387,0.4679717271125251,1,3
494,"sub(add(cs_rank(ask), neg(cs_rank(bid))), cs_rank(dollar_volume))",debate,-0.010969829512018928,-0.09023934744261362,-4.748510732914009,-0.6441137100888129,0.06532188566783051,0.4679710024144524,3,4
768,"add(add(cs_rank(ask), neg(cs_rank(bid))), neg(cs_rank(dollar_volume)))",debate,-0.010969829512018928,-0.09023934744261362,-4.748510732914009,-0.6441137100888129,0.06532188566783051,0.4679710024144524,3,4
628,"add(sub(cs_rank(neg(cs_asset_growth)), cs_rank(cs_leverage)), cs_rank(cs_roa))",debate,0.007600937653687804,0.09023853434347055,4.748467946589448,0.6911762854992124,0.002956562151290171,0.435883425068031,3,4
270,"sub(sub(cs_rank(returns), cs_rank(ts_mean_5(returns))), cs_rank(log_abs(dollar_volume)))",debate,-0.011317275460231407,-0.0902261854135442,-4.747818129985527,-0.1640654435407676,0.1976445994392026,0.46796592952794375,3,4
1029,"cs_rank(add(dollar_volume, neg(abs_val(returns))))",debate,0.010961429965306559,0.0901710605397135,4.744917388097936,0.6422265231918003,0.06532576301289614,0.46796592952794375,2,4
728,"add(add(neg(cs_rank(ts_std_20(returns))), cs_rank(cs_roa)), add(neg(cs_rank(debt_at)), cs_rank(market_cap)))",debate,0.014399431212106153,0.09020393482481541,4.744075263620386,0.06620717347037586,0.01390930532567771,0.4371477816388081,4,5
460,"add(cs_rank(ts_mean_20(dollar_volume)), neg(cs_rank(ts_std_5(returns))))",debate,0.01488964258214794,0.09015869771459965,4.741696118453502,0.4856849133551531,0.07016417959939433,0.46835654178911046,2,4
1028,"cs_rank(add(dollar_volume, neg(abs_val(ts_returns_5(price)))))",debate,0.010950678255192494,0.08984775887732487,4.722779736457425,0.6159403709694153,0.06533213463153911,0.4659977703455964,2,5
67,"sub(add(add(cs_rank(sub(ask, bid)), cs_rank(neg(volume))), add(cs_rank(neg(dollar_volume)), cs_rank(neg(price)))), cs_rank(market_cap))",debate,-0.011260981205956595,-0.08964236698504438,-4.717096852046684,-0.362290141041914,0.08005438679670539,0.4679710024144524,6,5
176,"add(add(add(cs_rank(cs_gp_at), cs_rank(cs_opmargin)), add(neg(cs_rank(cs_accruals)), neg(cs_rank(cs_leverage)))), neg(cs_rank(ptb)))",debate,0.0054433105455914945,0.0896082298828725,4.715300513745845,0.7308617334803827,0.005044323611543686,0.3705567251377228,5,5
565,"mul(cs_rank(sub(ts_returns_5(close), cs_rank(ts_mean_5(volume)))), cs_rank(dollar_volume))",debate,0.0089639436019318,0.0893544685744591,4.696850303428981,-0.22800546019065104,0.08576969327825316,0.4659977703455964,3,5
498,"add(add(cs_rank(bid), neg(cs_rank(ask))), add(neg(cs_rank(dollar_volume)), neg(cs_rank(market_cap))))",debate,-0.012029855361131131,-0.08861273613105405,-4.662916349863623,-0.3086255859951648,0.03486682896545837,0.4679710024144524,4,4
43,"add(cs_rank(neg(dollar_volume)), neg(cs_rank(market_cap)))",debate,-0.012028718160856811,-0.08860733727285489,-4.662632254988928,-0.30841035443134707,0.034862584846436055,0.4679717271125251,2,3
4,"sub(neg(cs_rank(market_cap)), cs_rank(dollar_volume))",debate,-0.012028098903625887,-0.08860308301962437,-4.6624083907024705,-0.3084436520305787,0.034862323612050695,0.4679717271125251,2,3
357,"add(cs_rank(dollar_volume), cs_rank(market_cap))",debate,0.012028098903625887,0.08860308301962437,4.6624083907024705,0.3084436520305787,0.03486230075090906,0.4679717271125251,2,2
359,"add(neg(cs_rank(market_cap)), neg(cs_rank(dollar_volume)))",debate,-0.012028098903625887,-0.08860308301962437,-4.6624083907024705,-0.3084436520305787,0.034862323612050695,0.4679717271125251,2,3
548,"neg(add(cs_rank(market_cap), cs_rank(dollar_volume)))",debate,-0.012028098903625887,-0.08860308301962437,-4.6624083907024705,-0.3084436520305787,0.034862323612050695,0.4679717271125251,2,3
715,"add(cs_rank(market_cap), cs_rank(dollar_volume))",debate,0.012028098903625887,0.08860308301962437,4.6624083907024705,0.3084436520305787,0.03486230075090906,0.4679717271125251,2,2
926,"cs_rank(add(cs_rank(dollar_volume), cs_rank(market_cap)))",debate,0.012028098903625887,0.08860308301962437,4.6624083907024705,0.3084436520305787,0.03486230075090906,0.4679717271125251,2,3
388,"add(cs_rank(neg(market_cap)), cs_rank(neg(dollar_volume)))",debate,-0.012028004739723337,-0.08860188582555217,-4.662345392807846,-0.30838350245039264,0.03486222248800527,0.4679717271125251,2,3
360,"sub(cs_rank(neg(log_abs(market_cap))), cs_rank(dollar_volume))",debate,-0.012027687829888988,-0.08860010592904989,-4.662251732360557,-0.30841239428655404,0.03486257144390816,0.4679717271125251,2,4
908,"add(add(cs_rank(ask), neg(cs_rank(bid))), add(neg(cs_rank(dollar_volume)), neg(cs_rank(market_cap))))",debate,-0.012027237214888799,-0.08859922598459415,-4.662205428549515,-0.3082303160005234,0.03485982198736397,0.4679710024144524,4,4
431,"sub(cs_rank(ts_rank_5(volume)), cs_rank(abs_val(ts_returns_5(close))))",debate,0.008256220070764795,0.08849855152327679,4.651859668649415,0.519145973688684,0.2562282339309986,0.4659977703455964,2,4
86,"add(add(add(cs_rank(roe), cs_rank(roa)), add(cs_rank(bm), neg(cs_rank(accrual)))), add(neg(cs_rank(debt_at)), neg(cs_rank(ts_returns_20(close)))))",debate,0.00828884158748494,0.08793472400569213,4.609658675543181,0.8600788142881126,0.0330768055824468,0.42846360385104554,6,5
667,"mul(cs_rank(dollar_volume), cs_rank(neg(abs_val(ts_returns_20(close)))))",debate,0.011365543977903295,0.08781452739357018,4.603357804503852,-0.05996892528804298,0.08766731378539258,0.4610503773865213,2,5
702,"mul(cs_rank(neg(cs_rank(market_cap))), cs_rank(ts_returns_20(close)))",debate,-0.01083143427591624,-0.08748759132252323,-4.5862193678590515,-1.0753544311360845,0.04590571647568476,0.4610503773865213,2,4
952,"mul(cs_rank(dollar_volume), cs_rank(neg(abs_val(accrual))))",debate,0.00872015175921942,0.0867470378133868,4.564740900495967,0.11817114910594363,0.0474148209129547,0.4374637499984902,2,4
536,"mul(neg(cs_rank(ts_returns_5(close))), add(cs_rank(ts_std_5(returns)), neg(cs_rank(dollar_volume))))",debate,0.013415012572124064,0.08652675466640342,4.548213652806473,0.4228230398368268,0.09759977869684357,0.4659849673463127,3,4
267,"add(add(cs_rank(dollar_volume), neg(cs_rank(ts_std_5(returns)))), neg(cs_rank(abs_val(cs_accruals))))",debate,0.012620583580449806,0.0861993411116832,4.533462566821556,0.4939152446526346,0.07057325056561044,0.3735700197238659,3,5
997,"add(add(cs_rank(neg(ts_std_20(returns))), cs_rank(ts_returns_5(close))), add(cs_rank(dollar_volume), cs_rank(cs_roa)))",debate,0.014488912577917028,0.08593508832361313,4.517113157375206,0.08530627547395679,0.07409748541769846,0.4361576025055228,4,5
976,"sub(cs_rank(ts_returns_20(close)), cs_rank(ts_mean_20(dollar_volume)))",debate,-0.01138812452689338,-0.08601693434811111,-4.509125514918681,-1.0980849691425765,0.04807024211575042,0.4610503773865213,2,3
65,"add(neg(cs_rank(ts_returns_5(close))), neg(cs_rank(ts_rank_20(abs_val(ts_returns_1(close))))))",debate,0.009497056843440998,0.08570127760123342,4.504823072952187,1.0983359909679358,0.2551001892987987,0.46589172286096303,2,6
111,"mul(cs_rank(dollar_volume), cs_rank(neg(ts_std_20(returns))))",debate,0.015224451821039245,0.08562867586063602,4.503449697576346,0.11632709932121243,0.05048401055526276,0.4676264084809,2,4
62,"add(cs_rank(cs_roe), neg(cs_rank(cs_debt_at)))",debate,0.006913480787285977,0.085473024482483,4.497700677498794,0.2413191330883637,0.0029895791898200143,0.437922000746439,2,3
442,"add(add(add(cs_rank(cs_gp_at), cs_rank(cs_roe)), add(cs_rank(cs_roa), neg(cs_rank(cs_accruals)))), add(add(neg(cs_rank(cs_debt_at)), cs_rank(cs_cash_at)), cs_rank(curr_ratio)))",debate,0.009160469107072272,0.08547220329260075,4.497657465429113,0.8278371287793274,0.0034922723721227196,0.37361700431557704,7,5
509,"mul(mul(neg(cs_rank(ts_returns_5(close))), cs_rank(ts_mean_5(volume))), cs_rank(cs_roa))",debate,-0.009209755998898405,-0.08549238252411488,-4.493842660645987,0.04689240645921805,0.07762266385715677,0.4361576025055228,3,5
186,"sub(cs_rank(bm), add(cs_rank(price), cs_rank(dollar_volume)))",debate,-0.01339837538437984,-0.08537577237877154,-4.492583146495304,-0.32563609079057265,0.030398735470514218,0.43546297940287293,3,3
906,"add(cs_rank(ask), cs_rank(market_cap))",debate,0.012871469203217039,0.08476810295388326,4.460606798395261,0.009329303710609593,0.004659617317749491,0.4679710024144524,2,2
1035,"add(add(cs_rank(dollar_volume), neg(cs_rank(abs_val(sub(ask, bid))))), neg(cs_rank(cs_accruals)))",debate,0.006937650856927619,0.08476287737157386,4.460331821521146,1.0168094959350331,0.13634339450975233,0.3738812775460757,4,6
1030,"add(add(cs_rank(cs_bm), cs_rank(cs_roa)), sub(cs_rank(cs_gp_at), cs_rank(cs_debt_at)))",debate,0.006805694193979917,0.08440499750380029,4.441499721762254,0.44361441666770657,0.0027467663867761518,0.40996641024433195,4,3
274,"add(add(neg(cs_rank(ts_returns_5(close))), neg(cs_rank(ts_rank_5(abs_val(returns))))), neg(cs_rank(ts_returns_1(close))))",debate,0.010775820221651435,0.08432128874760374,4.432284998815492,0.9734987528750214,0.2659510888487486,0.46589172286096303,3,6
370,"add(cs_rank(neg(dollar_volume)), add(cs_rank(sub(ask, bid)), cs_rank(neg(market_cap))))",debate,-0.009853634770771618,-0.08413306527718643,-4.427190297621944,-0.2769824282028195,0.10229281421054187,0.4679710024144524,4,4
64,"add(add(cs_rank(sub(ask, bid)), cs_rank(neg(dollar_volume))), cs_rank(neg(market_cap)))",debate,-0.009853355704829531,-0.08413041701988845,-4.427050942910731,-0.27694610384309054,0.10229276651139599,0.4679710024144524,4,4
910,"add(add(cs_rank(neg(dollar_volume)), cs_rank(sub(ask, bid))), cs_rank(neg(market_cap)))",debate,-0.009853355704829531,-0.08413041701988845,-4.427050942910731,-0.27694610384309054,0.10229276651139599,0.4679710024144524,4,4
365,"add(add(cs_rank(neg(log_abs(dollar_volume))), cs_rank(sub(ask, bid))), neg(cs_rank(market_cap)))",debate,-0.009853067572636409,-0.08412799523383085,-4.426923505407987,-0.27688799025097854,0.10229276130544608,0.4679710024144524,4,5
367,"cs_rank(add(add(cs_rank(neg(log_abs(dollar_volume))), cs_rank(sub(ask, bid))), neg(cs_rank(market_cap))))",debate,-0.009853067572636409,-0.08412799523383085,-4.426923505407987,-0.27688799025097854,0.10229276130544608,0.4679710024144524,4,6
185,"sub(sub(cs_rank(sub(ask, bid)), cs_rank(dollar_volume)), cs_rank(market_cap))",debate,-0.00985259059382378,-0.08412392006116584,-4.426709064571626,-0.27691979958565716,0.10229276579753999,0.4679710024144524,4,4
686,"add(cs_rank(dollar_volume), neg(add(cs_rank(ts_std_5(returns)), cs_rank(ts_returns_5(volume)))))",debate,0.01187847855146175,0.08397801275448183,4.414240954928521,0.3639459280587284,0.15389696031561093,0.4659849673463127,3,5
271,neg(cs_rank(ts_returns_1(close))),debate,0.011860510519990689,0.08392950122299075,4.41408538788543,0.7404330475202703,0.32748538864779736,0.46743472584067997,1,3
862,"sub(add(cs_rank(market_cap), cs_rank(dollar_volume)), cs_rank(accrual))",debate,0.011607446715184506,0.08348727454287878,4.39320795710218,0.48220913229339296,0.030623918450934123,0.4374637499984902,3,3
230,"add(add(cs_rank(cs_bm), cs_rank(cs_roa)), add(neg(cs_rank(cs_accruals)), neg(cs_rank(ts_returns_5(close)))))",debate,0.007958109049453236,0.08342662642398158,4.3852577479884145,1.0199202499615996,0.08174518559555648,0.3720927227027373,4,5
192,"add(add(neg(cs_rank(ts_returns_5(close))), cs_rank(cs_bm)), add(cs_rank(cs_roa), neg(cs_rank(cs_accruals))))",debate,0.00795810886113535,0.08342662427230725,4.385257634887275,1.0199202223319028,0.08174518568431416,0.3720927227027373,4,5
165,"add(cs_rank(ts_returns_20(close)), cs_rank(ts_rank_10(returns)))",debate,-0.010786909144355724,-0.08355380326076839,-4.380004809598283,-0.9052502362426775,0.25806269514484753,0.4610503773865213,2,3
400,"mul(add(cs_rank(ts_returns_5(close)), cs_rank(ts_returns_5(volume))), cs_rank(dollar_volume))",debate,0.00899908778495388,0.08311964634378591,4.36912157141195,0.28946293547247565,0.14472675702405804,0.4659977703455964,3,4
159,"mul(add(cs_rank(cs_bm), cs_rank(cs_roa)), add(neg(cs_rank(cs_accruals)), neg(cs_rank(ptb))))",debate,-0.006409003543940527,-0.08283073733398316,-4.35866012324311,0.05900943903974603,0.006154518320625895,0.3714316772774543,4,4
72,"add(sub(add(add(cs_rank(sub(ask, bid)), cs_rank(neg(volume))), add(cs_rank(neg(dollar_volume)), cs_rank(neg(price)))), cs_rank(market_cap)), mul(cs_rank(sub(ask, bid)), cs_rank(neg(ts_returns_5(close)))))",debate,-0.00979875843004023,-0.08282766785078785,-4.353773941961388,-0.18653104830615685,0.10484783985521565,0.46599704564752376,9,6
221,"add(add(add(neg(cs_rank(ts_std_20(returns))), neg(cs_rank(abs_val(sub(ask,bid))))), neg(cs_rank(cs_debt_at))), cs_rank(cs_roa))",debate,0.010131304843414417,0.08246555498748795,4.3370923926618055,0.0017903425410415628,0.11145761169299807,0.4376020465473572,5,7
699,"mul(cs_rank(neg(ts_returns_5(close))), cs_rank(ts_mean_5(dollar_volume)))",debate,0.010914879082513953,0.08229705489129267,4.325882671613431,0.7593189008388147,0.09632809267362791,0.4659977703455964,2,4
807,"add(neg(cs_rank(cs_asset_growth)), add(cs_rank(cs_roa), neg(cs_rank(debt_at))))",debate,0.0054254351960045,0.08220734341740221,4.3258563321297,0.07595741000002415,0.003268041908688767,0.43580684863835273,3,4
771,"add(add(cs_rank(ask), neg(cs_rank(bid))), neg(cs_rank(market_cap)))",debate,-0.011939033361298972,-0.08212471266536599,-4.3215081954905,-0.04188644448123394,0.003559737107860519,0.4679710024144524,3,4
1,neg(cs_rank(market_cap)),debate,-0.011939088932406923,-0.08212025092603818,-4.321273413018264,-0.04189380198717813,0.0035394554792486633,0.4679717271125251,1,2
2,cs_rank(market_cap),debate,0.011939088932406923,0.08212025092603818,4.321273413018264,0.04189380198717813,0.0035393193098767657,0.4679717271125251,1,1
76,cs_rank(neg(market_cap)),debate,-0.011939088932406923,-0.08212025092603818,-4.321273413018264,-0.04189380198717813,0.0035394554792486633,0.4679717271125251,1,2
167,cs_rank(neg(log_abs(market_cap))),debate,-0.011939088932406923,-0.08212025092603818,-4.321273413018264,-0.04189380198717813,0.0035394554792486633,0.4679717271125251,1,3
358,neg(cs_rank(log_abs(market_cap))),debate,-0.011939088932406923,-0.08212025092603818,-4.321273413018264,-0.04189380198717813,0.0035394554792486633,0.4679717271125251,1,3
246,"sub(neg(cs_rank(ts_returns_5(close))), cs_rank(ts_std_5(returns)))",debate,0.011479111242918862,0.08207212565720719,4.3140594359295426,0.8337478156658809,0.12584635261328986,0.4659849673463127,2,4
554,"add(neg(cs_rank(ts_returns_5(close))), neg(cs_rank(ts_std_5(returns))))",debate,0.011479111242918862,0.08207212565720719,4.3140594359295426,0.8337478156658809,0.12584635261328986,0.4659849673463127,2,4
183,"add(cs_rank(bm), cs_rank(neg(log_abs(dollar_volume))))",debate,-0.01217646289440783,-0.08190289253785853,-4.30983573457299,-0.601202412543074,0.04213833030380437,0.43546297940287293,2,4
629,"add(cs_rank(dollar_volume), neg(add(cs_rank(ts_std_20(returns)), cs_rank(safe_div(ask, bid)))))",debate,0.01390642372111034,0.08193285244654278,4.309076087693804,0.059887214504808745,0.08209591220047345,0.4676256837828273,4,5
242,"add(cs_rank(dollar_volume), neg(cs_rank(abs_val(ts_returns_20(close)))))",debate,0.010791912557350167,0.08211454687594955,4.304557018573413,-0.008878963485268208,0.0951239588703795,0.4610503773865213,2,5
249,"mul(neg(cs_rank(ts_returns_5(close))), mul(cs_rank(market_cap), cs_rank(cs_roa)))",debate,-0.01110911697911366,-0.08188183992831054,-4.304057209988691,0.2459007086337069,0.07103408321860731,0.4361576025055228,3,4
861,"mul(cs_rank(dollar_volume), neg(cs_rank(accrual)))",debate,-0.007976067500108248,-0.08175034468418242,-4.301808469959572,-0.07901465503051207,0.04751403026954838,0.4374637499984902,2,3
232,"sub(add(cs_rank(cs_roa), neg(cs_rank(cs_debt_at))), cs_rank(cs_asset_growth))",debate,0.005481241686926495,0.08163457301157212,4.295716415378758,0.08578408126664863,0.0031665531686656386,0.435883425068031,3,4
993,"add(add(cs_rank(ts_returns_20(close)), cs_rank(ts_rank_20(close))), add(neg(cs_rank(sub(high, close))), neg(cs_rank(dollar_volume))))",debate,-0.0104229445826508,-0.08120999840267404,-4.257139348654828,-1.0121789188701198,0.14627267130888466,0.4610503773865213,5,5
240,"mul(add(cs_rank(bm), cs_rank(pe_op_dil)), sub(add(cs_rank(roe), cs_rank(roa)), add(cs_rank(accrual), cs_rank(debt_at))))",debate,0.008065580464751655,0.08054763767035547,4.238520477242868,0.36697327913601313,0.0013722185548107537,0.43052778552802107,6,4
992,"add(add(cs_rank(neg(ts_std_20(returns))), cs_rank(neg(cs_debt_at))), cs_rank(cs_roa))",debate,0.011319856712158667,0.08018217550837324,4.217003129090718,0.05867517699602225,0.0169931582848702,0.43760252967940566,3,5
660,"sub(add(add(cs_rank(neg(returns)), cs_rank(bm)), cs_rank(roa)), add(cs_rank(debt_at), cs_rank(accrual)))",debate,0.007488376527524123,0.08000225369845988,4.2098216699320945,0.7375004329252286,0.17200626423791868,0.43536103854065134,5,5
792,"sub(cs_rank(dollar_volume), cs_rank(abs_val(sub(close, ts_mean_20(close)))))",debate,0.0076666769758316836,0.07996861259815995,4.208051431888841,0.348190345018634,0.10765078879430931,0.4679717271125251,3,5
574,"add(add(cs_rank(neg(pe_exi)), cs_rank(cs_ep)), add(cs_rank(cs_opmargin), add(neg(cs_rank(cs_debt_at)), cs_rank(cs_current_ratio))))",debate,0.005309436019601681,0.07946903959304309,4.181763256675916,0.7768385359323648,0.0040953564498835155,0.3687281911173757,5,5
327,"add(add(cs_rank(neg(ptb)), cs_rank(cs_roa)), neg(cs_rank(cs_accruals)))",debate,0.006694507849672407,0.07937186254264172,4.176649675074306,0.7004095691251397,0.006689615209264313,0.37155523829884374,3,4
902,"add(cs_rank(neg(abs_val(ts_returns_5(close)))), cs_rank(neg(abs_val(ts_returns_5(volume)))))",debate,0.0067982179481473615,0.07935169052155132,4.171061813133356,0.22485452038806736,0.2536568610803332,0.4659977703455964,2,5
786,"sub(cs_rank(dollar_volume), cs_rank(ts_mean_20(dollar_volume)))",debate,0.004517691453526524,0.07928537870847432,4.1698380966211595,0.24223326722718974,0.21904113449302987,0.4679717271125251,2,3
846,"add(add(add(add(cs_rank(cs_roa), cs_rank(cs_roe)), cs_rank(cs_cash_at)), cs_rank(cs_current_ratio)), add(neg(cs_rank(cs_debt_at)), neg(cs_rank(cs_accruals))))",debate,0.007738702908856566,0.07889428866036073,4.151519122050162,0.7841605184790107,0.003664982826517649,0.37388163989511203,6,5
614,"mul(cs_rank(dollar_volume), neg(cs_rank(debt_at)))",debate,-0.009208453211908496,-0.07850478057064438,-4.131022704500699,-0.7975122532153299,0.04416246586877716,0.43753295866442976,2,3
325,"add(add(cs_rank(cs_bm), cs_rank(cs_roa)), neg(cs_rank(cs_accruals)))",debate,0.006142710578744565,0.0784706707924622,4.129227804023405,0.5826404443744131,0.006144904996430953,0.37357086520495064,3,3
649,"add(neg(cs_rank(cs_accruals)), add(cs_rank(cs_bm), cs_rank(cs_roa)))",debate,0.006142710578744565,0.0784706707924622,4.129227804023405,0.5826404443744131,0.006144904996430953,0.37357086520495064,3,3
68,"add(add(cs_rank(neg(cs_accruals)), cs_rank(cs_roa)), cs_rank(cs_bm))",debate,0.0061426704017603214,0.07847013680700637,4.129199705020697,0.5826420949642749,0.0061448882285033415,0.37357086520495064,3,4
549,"add(add(sub(cs_rank(ask), cs_rank(bid)), cs_rank(neg(volume))), cs_rank(abs_val(ts_returns_5(close))))",debate,-0.008233130825217021,-0.07837801834283398,-4.119881468814728,-0.5906764702356795,0.1549334230794868,0.46599704564752376,4,4
217,cs_rank(ts_mean_20(dollar_volume)),debate,0.009638536591438323,0.07786331020872987,4.097267707542922,0.5890420325064827,0.005875663131720194,0.4718689117812958,1,2
763,"add(sub(add(cs_rank(cs_bm), cs_rank(cs_ep)), add(cs_rank(cs_accruals), cs_rank(cs_asset_growth))), cs_rank(cs_roa))",debate,0.007858274998124413,0.07777551195193347,4.092647650145078,0.6060033272860204,0.005166359040034762,0.3723005902665802,5,4
421,"add(add(add(cs_rank(cs_roe), cs_rank(cs_cash_at)), add(neg(cs_rank(cs_accruals)), neg(cs_rank(cs_debt_at)))), neg(cs_rank(cs_asset_growth)))",debate,0.005667530554043392,0.07775694963226262,4.091670876967048,0.8968855056470082,0.004450063358052711,0.37232474686900235,5,5
22,"add(add(cs_rank(cs_bm), cs_rank(cs_gp_at)), add(cs_rank(cs_roa), add(neg(add(cs_rank(cs_debt_at), cs_rank(cs_accruals))), cs_rank(cs_cash_at))))",debate,0.007032356282449233,0.07758674479795707,4.08271447928246,0.8372865407908625,0.003850817361523946,0.37357086520495064,6,6
28,"add(add(cs_rank(cs_bm), cs_rank(cs_gp_at)), add(cs_rank(cs_roa), add(cs_rank(cs_cash_at), neg(add(cs_rank(cs_debt_at), cs_rank(cs_accruals))))))",debate,0.007032356282449233,0.07758674479795707,4.08271447928246,0.8372865407908625,0.003850817361523946,0.37357086520495064,6,6
105,"add(add(add(cs_rank(cs_bm), cs_rank(cs_roa)), cs_rank(cs_cash_at)), add(neg(cs_rank(cs_debt_at)), neg(cs_rank(returns))))",debate,0.007128377206516093,0.07707656654216849,4.0558682421146655,0.728852944382919,0.14381245669584272,0.43736337931542607,5,4
6,"add(cs_rank(dollar_volume), cs_rank(volume))",debate,0.008311497339328082,0.07704873731585654,4.054403832369072,0.8825983514780741,0.06935689089092678,0.4679717271125251,2,2
555,"add(neg(cs_rank(ts_returns_5(close))), neg(cs_rank(safe_div(abs_val(sub(ask, bid)), add(ask, bid)))))",debate,0.00891103966778638,0.07704116684184013,4.04961087711119,0.5103636828707938,0.1587764446159931,0.46599704564752376,5,6
1036,"mul(cs_rank(neg(ts_returns_1(close))), cs_rank(neg(abs_val(sub(ask, bid)))))",debate,0.008151030514926466,0.0769232439476146,4.045606874223868,0.6385098399981737,0.2776942350593892,0.4674340011426073,3,5
917,"add(add(neg(cs_rank(ts_std_20(returns))), add(cs_rank(cs_roa), cs_rank(cs_bm))), add(neg(cs_rank(debt_at)), neg(cs_rank(cs_accruals))))",debate,0.008393943533748043,0.07678655729610093,4.038418143892176,0.11162488258487271,0.016389318753134888,0.37318834540559537,5,5
501,"mul(neg(cs_rank(ts_returns_5(returns))), add(cs_rank(dollar_volume), neg(cs_rank(abs_val(debt_at)))))",debate,-0.006301926027336026,-0.07678282128317623,-4.036031137508252,-0.2584116710275993,0.11969513684879664,0.4357092559645671,3,5
1010,"add(add(add(cs_rank(cs_roa), cs_rank(cs_gp_at)), add(cs_rank(curr_ratio), neg(cs_rank(cs_accruals)))), neg(cs_rank(debt_at)))",debate,0.007950055906625826,0.0766838601797527,4.035203527334887,0.7320948544446173,0.003755302816281232,0.37361700431557704,5,5
200,"mul(add(cs_rank(ts_returns_20(close)), cs_rank(sub(close, ts_min_20(close)))), add(cs_rank(roa), neg(cs_rank(accrual))))",debate,0.006894626193763575,0.07679629663142977,4.025767056410419,0.7257162025271643,0.023609484316467783,0.4312719296656364,5,5
253,"mul(add(cs_rank(bm), cs_rank(pe_op_dil)), add(sub(add(cs_rank(roe), cs_rank(roa)), cs_rank(accrual)), mul(cs_rank(dollar_volume), cs_rank(ts_rank_20(returns)))))",debate,0.007937359134790675,0.07636614739489574,4.018485071233054,0.29160781538263214,0.07972866356405611,0.4305270608299484,7,5
160,"mul(mul(add(cs_rank(cs_bm), cs_rank(cs_roa)), add(neg(cs_rank(cs_accruals)), neg(cs_rank(ptb)))), add(cs_rank(ts_returns_5(close)), cs_rank(dollar_volume)))",debate,-0.007853082667957133,-0.07613973027027601,-4.002227543046092,0.17301881134639024,0.07052394555210637,0.3699746718023603,6,5
377,"add(cs_rank(neg(ts_std_20(returns))), cs_rank(dollar_volume))",debate,0.014315815010468486,0.07583146842639851,3.988187369701293,0.1556343748040072,0.04933564346088105,0.4676264084809,2,4
121,"add(neg(cs_rank(ts_std_20(returns))), cs_rank(dollar_volume))",debate,0.014315787034874614,0.07583131960644561,3.9881795428469693,0.15563281881523183,0.049335655553073385,0.4676264084809,2,4
123,"add(cs_rank(dollar_volume), neg(cs_rank(ts_std_20(returns))))",debate,0.014315787034874614,0.07583131960644561,3.9881795428469693,0.15563281881523183,0.049335655553073385,0.4676264084809,2,4
7,"add(neg(cs_rank(ts_returns_5(close))), cs_rank(dollar_volume))",debate,0.010122643358560243,0.07582447711076608,3.9856564982900333,0.8109105918605218,0.11136233727215458,0.4659977703455964,2,4
338,"add(cs_rank(dollar_volume), neg(cs_rank(ts_returns_5(close))))",debate,0.010122643358560243,0.07582447711076608,3.9856564982900333,0.8109105918605218,0.11136233727215458,0.4659977703455964,2,4
894,"add(add(add(cs_rank(cs_bm), cs_rank(cs_roa)), add(neg(cs_rank(cs_accruals)), neg(cs_rank(cs_asset_growth)))), neg(cs_rank(ts_returns_20(close))))",debate,0.007921836134194154,0.07574169914613588,3.97048361176145,1.157757805497015,0.03539786004363263,0.36728592116975933,5,5
623,"add(add(add(cs_rank(cs_bm), cs_rank(cs_roa)), add(neg(cs_rank(cs_accruals)), neg(cs_rank(cs_debt_at)))), neg(cs_rank(ts_returns_5(close))))",debate,0.006145936425593214,0.07551455120221587,3.9693654764660766,0.9596355269723086,0.06714141162129345,0.3720927227027373,5,5
296,"add(add(cs_rank(cs_bm), cs_rank(cs_roa)), add(neg(cs_rank(cs_accruals)), add(neg(cs_rank(cs_debt_at)), neg(cs_rank(ts_returns_5(close))))))",debate,0.006145931120306428,0.07551449941639952,3.969362754383666,0.9596353262645367,0.06714141090311815,0.3720927227027373,5,6
439,"add(add(cs_rank(cs_roe), cs_rank(cs_gp_at)), add(neg(cs_rank(cs_accruals)), add(neg(cs_rank(debt_at)), cs_rank(curr_ratio))))",debate,0.007695284227540202,0.07536761099802369,3.9659407994477616,0.8221556513312341,0.003988890618329414,0.37361700431557704,5,5
386,"add(sub(cs_rank(neg(ts_std_20(returns))), cs_rank(ts_std_5(returns))), cs_rank(dollar_volume))",debate,0.015421208532660331,0.07533868410574898,3.962270474718456,0.21459871760130494,0.0647528350772667,0.467566500106893,3,5
380,"sub(add(neg(cs_rank(ts_std_20(returns))), cs_rank(dollar_volume)), cs_rank(ts_std_5(returns)))",debate,0.015421175868705951,0.07533852775539103,3.9622622518192325,0.21459807261403763,0.06475283822713056,0.467566500106893,3,5
938,"sub(cs_rank(dollar_volume), cs_rank(abs_val(accrual)))",debate,0.0074808760243048845,0.07517740912785939,3.9559321319707514,0.09540398973065083,0.047352105119314265,0.4374637499984902,2,3
776,"add(cs_rank(ts_mean_20(dollar_volume)), neg(cs_rank(ts_std_20(ts_returns_5(close)))))",debate,0.013182799780495674,0.07476012341143076,3.9297095481773696,0.11724765273303132,0.020124456958624002,0.46923209784390246,2,5
281,"sub(cs_rank(cs_sp), cs_rank(ts_std_5(returns)))",debate,0.009662326815686339,0.07452014457365887,3.919221209140123,0.49075570467704704,0.07353879930988778,0.43702011399500684,2,3
805,"add(add(neg(cs_rank(ts_returns_5(close))), add(cs_rank(dollar_volume), neg(cs_rank(sub(ask, bid))))), add(cs_rank(cs_roa), add(cs_rank(cs_bm), neg(cs_rank(cs_debt_at)))))",debate,0.006778667536111404,0.07430655958267382,3.905868307322736,0.6205420013830416,0.1253729715618362,0.4356617882408075,7,6
556,"add(add(neg(cs_rank(ts_returns_5(close))), neg(cs_rank(ts_std_5(returns)))), neg(cs_rank(abs_val(sub(ask, bid)))))",debate,0.008625462784640322,0.07425514271354089,3.9031656183443206,0.7335755626970883,0.17910835425443938,0.46598424264824,4,5
1024,"add(add(neg(cs_rank(cs_debt_at)), cs_rank(cs_cash_at)), add(cs_rank(cs_roa), neg(cs_rank(cs_accruals))))",debate,0.00721056972591396,0.07411088516677633,3.899810266956895,0.6915181392561536,0.0041510150400037955,0.37388163989511203,4,4
251,"add(neg(cs_rank(abs_val(cs_accruals))), cs_rank(dollar_volume))",debate,0.0070079915933010835,0.0740359061051087,3.8958647721238453,0.7074240015442215,0.04819739870550393,0.37388163989511203,2,4
733,"sub(cs_rank(safe_div(volume, ts_mean_20(volume))), cs_rank(ts_returns_5(close)))",debate,0.00789841606487795,0.0741126104919089,3.8956735195259746,0.9912855810653789,0.19743989084330624,0.4659977703455964,3,4
734,"sub(cs_rank(safe_div(dollar_volume, ts_mean_20(dollar_volume))), cs_rank(ts_returns_5(close)))",debate,0.007507148544742242,0.07408264196301506,3.8940982463888396,0.9500634143648459,0.20249696806874837,0.4659977703455964,3,4
914,"add(add(cs_rank(neg(ts_std_20(returns))), cs_rank(roe)), add(cs_rank(curr_ratio), mul(cs_rank(neg(ts_returns_5(returns))), cs_rank(neg(ts_std_20(returns))))))",debate,0.011099547731450474,0.0735356458060847,3.865345805614017,-0.030606528857933236,0.07746239229688198,0.37105628367581356,5,6
514,"add(add(cs_rank(cs_roe), cs_rank(cs_cash_at)), add(neg(cs_rank(cs_accruals)), neg(cs_rank(cs_debt_at))))",debate,0.006837356416185146,0.07299028030264082,3.840842595142922,0.8220819332686004,0.0043579560573889725,0.37388163989511203,4,4
24,"add(add(neg(cs_rank(cs_sp)), cs_rank(cs_roe)), add(neg(cs_rank(cs_debt_at)), neg(cs_rank(cs_accruals))))",debate,0.0072261102198355655,0.07293853649587269,3.8381197693605595,0.4367151110512134,0.004461526582500094,0.37357086520495064,4,4
112,"mul(add(cs_rank(cs_bm), cs_rank(cs_roe)), add(cs_rank(dollar_volume), neg(cs_rank(cs_leverage))))",debate,0.009043124349339966,0.07291489776970908,3.8368758691320957,0.5886773739414979,0.046694827146032875,0.4373650702775956,4,4
726,"add(cs_rank(dollar_volume), neg(cs_rank(cs_debt_at)))",debate,0.0064598988881643,0.07273430177271954,3.8273726750783985,0.18685337156039875,0.04753304417004693,0.43792562423680237,2,3
689,"add(add(cs_rank(cs_bm), cs_rank(cs_roa)), neg(cs_rank(accrual)))",debate,0.005398237312050409,0.0726930537675479,3.8252021518995445,0.8083760565458729,0.004279231894316208,0.43716408734544304,3,3
871,"add(add(add(cs_rank(cs_bm), cs_rank(cs_ep)), add(cs_rank(cs_roa), cs_rank(curr_ratio))), add(neg(cs_rank(cs_accruals)), neg(cs_rank(cs_debt_at))))",debate,0.005368447689297571,0.07255340128589548,3.8178534583772836,0.696104973188172,0.004718642806107424,0.3734440430422342,6,4
632,"add(add(add(cs_rank(ts_returns_5(close)), cs_rank(sub(close, ts_min_20(low)))), cs_rank(ts_mean_5(dollar_volume))), add(cs_rank(cs_roa), cs_rank(neg(cs_accruals))))",debate,0.0081978914947373,0.07258002224219522,3.8151141731324474,-0.04128376551271751,0.0756025001689852,0.3723671417062533,6,6
812,"add(cs_rank(dollar_volume), cs_rank(neg(abs_val(add(ask, neg(bid))))))",debate,0.006500009496942961,0.07240389433676132,3.809986210078971,0.5282481872448419,0.1591796365977327,0.4679710024144524,3,6
671,"neg(add(cs_rank(abs_val(sub(ask, bid))), cs_rank(neg(dollar_volume))))",debate,0.006499918907087513,0.07240343080770958,3.809961818583026,0.5282055381610852,0.15917973915277883,0.4679710024144524,3,5
81,"add(cs_rank(dollar_volume), neg(cs_rank(abs_val(sub(bid, ask)))))",debate,0.006498973299854716,0.0723924564101326,3.809384331642369,0.5280259659640468,0.1591795865399506,0.4679710024144524,3,5
194,"add(cs_rank(dollar_volume), neg(cs_rank(abs_val(sub(ask, bid)))))",debate,0.006498973299854716,0.0723924564101326,3.809384331642369,0.5280259659640468,0.1591795865399506,0.4679710024144524,3,5
265,"sub(cs_rank(log_abs(dollar_volume)), cs_rank(abs_val(sub(ask, bid))))",debate,0.006498973299854716,0.0723924564101326,3.809384331642369,0.5280259659640468,0.1591795865399506,0.4679710024144524,3,4
486,"sub(cs_rank(dollar_volume), cs_rank(abs_val(sub(ask, bid))))",debate,0.006498973299854716,0.0723924564101326,3.809384331642369,0.5280259659640468,0.1591795865399506,0.4679710024144524,3,4
491,"sub(cs_rank(abs_val(sub(ask, bid))), cs_rank(dollar_volume))",debate,-0.006498973299854716,-0.0723924564101326,-3.809384331642369,-0.5280259659640468,0.1591796012162819,0.4679710024144524,3,4
351,"add(add(neg(cs_rank(market_cap)), cs_rank(dollar_volume)), cs_rank(cs_gp_at))",debate,0.007696857659400636,0.07227185357316318,3.803038054968179,1.439084597990752,0.05161426745547344,0.41052599793944183,3,4
638,"add(add(cs_rank(cs_bm), neg(cs_rank(cs_roa))), add(neg(cs_rank(cs_accruals)), neg(cs_rank(cs_asset_growth))))",debate,-0.007734563501150327,-0.07218824209186311,-3.798638311091477,-0.2344424419197875,0.004383382500434739,0.3723005902665802,4,4
164,"sub(cs_rank(ts_std_20(returns)), cs_rank(ts_mean_20(dollar_volume)))",debate,-0.013565135765088351,-0.0721051607685928,-3.7922105088429787,-0.13355339765901325,0.019697979167666222,0.4712279163360232,2,3
234,"sub(add(cs_rank(cs_roa), cs_rank(cs_current_ratio)), cs_rank(cs_asset_growth))",debate,0.005001341939141764,0.07202758250059019,3.790184196394003,0.5545291051823762,0.0033296252910162832,0.37239745824229314,3,3
670,"mul(mul(cs_rank(add(cs_bm, cs_roa)), cs_rank(dollar_volume)), cs_rank(neg(ts_returns_20(close))))",debate,0.008275093843252536,0.07227233547562353,3.78861481620628,0.8008824238210707,0.061247880621704574,0.43121371225379895,4,4
940,"add(add(cs_rank(ts_returns_20(close)), add(cs_rank(dollar_volume), cs_rank(cs_roa))), neg(cs_rank(accrual)))",debate,0.009668223154865133,0.07224461377753487,3.787161606822386,0.11699469751132152,0.04840276183617244,0.4312230125457315,4,4
434,"add(add(add(cs_rank(cs_gp_at), cs_rank(roa)), add(cs_rank(roe), neg(cs_rank(accrual)))), add(add(neg(cs_rank(debt_at)), cs_rank(curr_ratio)), neg(cs_rank(cs_asset_growth))))",debate,0.006601295633362276,0.07182527126194727,3.779538318345118,0.34986647609355825,0.0021011787367864296,0.3714291408342,7,5
384,cs_rank(neg(ts_std_5(returns))),debate,0.012687644964138696,0.07183978214100738,3.7782535103476627,0.3205890525993573,0.1019391012590142,0.46835654178911046,1,3
499,"sub(cs_rank(dollar_volume), cs_rank(abs_val(debt_at)))",debate,0.006331009012515667,0.07159201223529325,3.767263927815864,0.15469955311837624,0.047734668040163325,0.43753295866442976,2,3
735,"sub(cs_rank(ts_returns_5(close)), cs_rank(safe_div(volume, ts_mean_5(volume))))",debate,-0.007523351241852295,-0.07163745995449161,-3.76556909679066,-0.9763230138494495,0.2242095103622969,0.4659977703455964,3,4
63,"add(cs_rank(sub(ask, bid)), cs_rank(neg(dollar_volume)))",debate,-0.006392131653808864,-0.07115586586267893,-3.7443133437283884,-0.49605154527925227,0.1592247960985935,0.4679710024144524,3,3
138,"cs_rank(add(cs_rank(sub(ask, bid)), cs_rank(neg(dollar_volume))))",debate,-0.006392131653808864,-0.07115586586267893,-3.7443133437283884,-0.49605154527925227,0.1592247960985935,0.4679710024144524,3,4
364,"add(cs_rank(neg(log_abs(dollar_volume))), cs_rank(sub(ask, bid)))",debate,-0.006392131653808864,-0.07115586586267893,-3.7443133437283884,-0.49605154527925227,0.1592247960985935,0.4679710024144524,3,4
366,"add(cs_rank(neg(dollar_volume)), cs_rank(sub(ask, bid)))",debate,-0.006392131653808864,-0.07115586586267893,-3.7443133437283884,-0.49605154527925227,0.1592247960985935,0.4679710024144524,3,3
368,"add(cs_rank(sub(ask, bid)), cs_rank(neg(log_abs(dollar_volume))))",debate,-0.006392131653808864,-0.07115586586267893,-3.7443133437283884,-0.49605154527925227,0.1592247960985935,0.4679710024144524,3,4
1004,"add(cs_rank(dollar_volume), cs_rank(neg(sub(ask, bid))))",debate,0.006391673821655497,0.07115038281057462,3.744024818461924,0.4959384412171204,0.15922457186625522,0.4679710024144524,3,4
182,"sub(cs_rank(sub(ask, bid)), cs_rank(dollar_volume))",debate,-0.006390923558814426,-0.07114209426787416,-3.7435886646655065,-0.49578065805350086,0.15922475781811807,0.4679710024144524,3,3
187,"sub(cs_rank(dollar_volume), cs_rank(sub(ask, bid)))",debate,0.006390923558814426,0.07114209426787416,3.7435886646655065,0.49578065805350086,0.15922474281766713,0.4679710024144524,3,3
339,"add(cs_rank(sub(ask, bid)), neg(cs_rank(dollar_volume)))",debate,-0.006390923558814426,-0.07114209426787416,-3.7435886646655065,-0.49578065805350086,0.15922475781811807,0.4679710024144524,3,3
811,"add(cs_rank(dollar_volume), neg(cs_rank(sub(ask, bid))))",debate,0.006390923558814426,0.07114209426787416,3.7435886646655065,0.49578065805350086,0.15922474281766713,0.4679710024144524,3,4
937,"add(cs_rank(dollar_volume), neg(cs_rank(sub(high, low))))",debate,0.007231176453358045,0.07090776724025015,3.731258074549127,0.9708551967075797,0.10585093585719582,0.4679717271125251,3,4
1034,"add(cs_rank(dollar_volume), neg(cs_rank(abs_val(sub(high, low)))))",debate,0.007231176453358045,0.07090776724025015,3.731258074549127,0.9708551967075797,0.10585093585719582,0.4679717271125251,3,5
344,"add(add(cs_rank(cs_bm), cs_rank(neg(ptb))), add(add(cs_rank(roe), cs_rank(roa)), add(neg(cs_rank(cs_accruals)), add(neg(cs_rank(debt_at)), cs_rank(dollar_volume)))))",debate,0.006520005015968257,0.07082212250032462,3.7267513379837647,0.14040283246809013,0.02870733374287706,0.3705332932333733,7,6
546,"neg(add(cs_rank(ts_std_5(returns)), cs_rank(abs_val(ts_returns_5(close)))))",debate,0.011790284471903816,0.07080324073015484,3.7217189919278306,0.2576279536168469,0.13154859499655241,0.4659849673463127,2,5
139,"add(add(cs_rank(ts_delta_5(sub(ask, bid))), cs_rank(neg(ts_delta_5(dollar_volume)))), cs_rank(neg(returns)))",debate,0.00649181813659517,0.07066670577510183,3.7145421349076915,0.8035317916650615,0.30746513587990804,0.4659963209494511,4,5
21,"add(add(cs_rank(cs_bm), cs_rank(cs_roe)), add(neg(cs_rank(cs_debt_at)), neg(cs_rank(cs_accruals))))",debate,0.004320187798254053,0.07036101908884855,3.702487482355046,0.5799318866524128,0.00535775586527301,0.37357086520495064,4,4
758,"add(add(cs_rank(cs_bm), cs_rank(cs_roe)), neg(add(cs_rank(cs_debt_at), cs_rank(cs_accruals))))",debate,0.004320187798254053,0.07036101908884855,3.702487482355046,0.5799318866524128,0.00535775586527301,0.37357086520495064,4,4
136,"add(add(cs_rank(ask), neg(cs_rank(dollar_volume))), neg(cs_rank(market_cap)))",debate,-0.007601631671762547,-0.07028175794997966,-3.698316659102349,-0.5662201207190235,0.03797011945090823,0.4679710024144524,3,4
905,"add(sub(cs_rank(ask), cs_rank(dollar_volume)), neg(cs_rank(market_cap)))",debate,-0.007601631671762547,-0.07028175794997966,-3.698316659102349,-0.5662201207190235,0.03797011945090823,0.4679710024144524,3,3
551,"add(add(sub(cs_rank(ask), cs_rank(bid)), neg(cs_rank(ts_returns_5(returns)))), cs_rank(ts_rank_5(returns)))",debate,-0.005641309280570604,-0.07011592309703497,-3.6855906585028375,-0.6095577180632377,0.3303035840548265,0.46586599607938345,4,5
888,"add(add(cs_rank(cs_bm), cs_rank(cs_roa)), add(neg(cs_rank(cs_accruals)), add(neg(cs_rank(ts_returns_5(close))), neg(cs_rank(debt_at)))))",debate,0.005739813963823985,0.06916358760190186,3.63553186087757,0.8892038173560134,0.06775433453988164,0.37198281016171636,5,6
885,"sub(cs_rank(ts_returns_5(close)), add(cs_rank(ts_std_5(returns)), cs_rank(abs_val(ts_returns_1(close)))))",debate,0.011234529398799346,0.0691380112929037,3.634187461469291,0.05629177161549748,0.19285316907272232,0.46589172286096303,3,5
800,"add(add(neg(cs_rank(ts_returns_1(close))), cs_rank(volume)), neg(cs_rank(abs_val(sub(ask, bid)))))",debate,0.007205077948387476,0.06899400919809463,3.6285864137784065,0.7661084259360429,0.21753388482080427,0.4674340011426073,4,5
264,"sub(add(cs_rank(dollar_volume), cs_rank(curr_ratio)), cs_rank(abs_val(accrual)))",debate,0.005372651279234984,0.06895511745756681,3.628507127058172,0.4342477881427383,0.04160259747186839,0.3753872001410746,3,3
475,"add(add(add(cs_rank(cs_bm), cs_rank(cs_roa)), sub(cs_rank(cs_cash_at), add(cs_rank(cs_debt_at), cs_rank(cs_accruals)))), neg(cs_rank(ts_returns_20(close))))",debate,0.006116211182376194,0.06893315262892201,3.613570277742427,1.2377597566084118,0.029143834217084733,0.3682309274565151,6,5
143,"add(add(cs_rank(neg(cs_asset_growth)), cs_rank(cs_roa)), add(cs_rank(cs_cash_at), cs_rank(neg(cs_debt_at))))",debate,0.005274535089570453,0.0685366795354712,3.606488384453757,0.4546427380680787,0.002663611496391127,0.435883425068031,4,4
620,"add(add(add(cs_rank(pe_op_dil), cs_rank(gpm)), add(cs_rank(cs_roa), neg(cs_rank(cs_accruals)))), add(neg(cs_rank(cs_debt_at)), cs_rank(cs_current_ratio)))",debate,0.0070017085782830965,0.06849133215094519,3.6041021466513588,0.4120606759938448,0.004010635249521738,0.36831161050860517,6,5
385,"add(add(cs_rank(neg(ts_std_20(returns))), cs_rank(roe)), cs_rank(neg(debt_at)))",debate,0.0099482393393996,0.06846182316169222,3.600597273217697,-0.13663885502472065,0.01702449607647089,0.43436264616254255,3,5
471,"add(add(add(cs_rank(cs_roe), cs_rank(cs_roa)), add(cs_rank(cs_cash_at), cs_rank(cs_current_ratio))), add(add(cs_rank(cs_bm), neg(cs_rank(cs_debt_at))), neg(cs_rank(cs_accruals))))",debate,0.005722659187169597,0.06840778831303036,3.5997059622567447,0.831448189742624,0.0038482737919222996,0.37357086520495064,7,5
510,"cs_rank(add(cs_rank(ts_mean_5(volume)), neg(cs_rank(abs_val(ts_returns_5(close))))))",debate,0.007197346823063896,0.06845372267043597,3.5982183457065764,0.506433414198665,0.14666415114299688,0.4659977703455964,2,6
323,"add(add(cs_rank(cs_bm), cs_rank(neg(pe_op_dil))), add(add(cs_rank(cs_roa), cs_rank(cs_roe)), add(neg(cs_rank(market_cap)), cs_rank(dollar_volume))))",debate,0.006135174356074459,0.06810938271384818,3.5840034751418046,0.7488929932225242,0.033638525298012756,0.43325687768666715,6,5
752,"sub(sub(cs_rank(cs_asset_growth), cs_rank(cs_roa)), cs_rank(cs_accruals))",debate,-0.004764299507715808,-0.0678387763931344,-3.569763821878344,0.08427940367586331,0.005699820396612736,0.37232474686900235,3,3
738,"mul(sub(cs_rank(ts_mean_5(dollar_volume)), cs_rank(ts_returns_5(close))), cs_rank(dollar_volume))",debate,0.008500839872714142,0.06774642308116699,3.561039675814931,0.7591024585057586,0.10968295411338243,0.4659977703455964,3,4
959,"sub(cs_rank(cs_bm), cs_rank(cs_debt_at))",debate,-0.00800279432435619,-0.06759983966497551,-3.557190663380369,-0.8255438909760481,0.001438047114579831,0.4373650702775956,2,2
99,"add(add(cs_rank(cs_bm), cs_rank(cs_roa)), add(cs_rank(neg(cs_debt_at)), cs_rank(neg(cs_accruals))))",debate,0.004196620239100394,0.06744537640159405,3.549062607440312,0.38680155493667223,0.004927751593824832,0.37357086520495064,4,4
77,"add(add(cs_rank(neg(cs_accruals)), cs_rank(cs_roa)), sub(cs_rank(cs_bm), cs_rank(cs_debt_at)))",debate,0.004196602645415154,0.0674450398600321,3.5490448981896994,0.3867895026633836,0.004927762853384858,0.37357086520495064,4,4
23,"add(add(cs_rank(cs_bm), cs_rank(cs_roa)), add(neg(cs_rank(cs_debt_at)), neg(cs_rank(cs_accruals))))",debate,0.004196595820472331,0.06744498323357628,3.549041918432633,0.38679831653230046,0.004927777089412684,0.37357086520495064,4,4
237,"add(add(cs_rank(cs_roa), cs_rank(cs_bm)), neg(add(cs_rank(cs_debt_at), cs_rank(cs_accruals))))",debate,0.004196595820472331,0.06744498323357628,3.549041918432633,0.38679831653230046,0.004927777089412684,0.37357086520495064,4,4
238,"sub(add(cs_rank(cs_roa), cs_rank(cs_bm)), add(cs_rank(cs_debt_at), cs_rank(cs_accruals)))",debate,0.004196595820472331,0.06744498323357628,3.549041918432633,0.38679831653230046,0.004927777089412684,0.37357086520495064,4,3
583,"add(add(cs_rank(cs_bm), cs_rank(cs_roa)), add(neg(cs_rank(cs_accruals)), neg(cs_rank(cs_debt_at))))",debate,0.004196595820472331,0.06744498323357628,3.549041918432633,0.38679831653230046,0.004927777089412684,0.37357086520495064,4,4
685,"add(add(cs_rank(cs_bm), cs_rank(cs_roa)), neg(add(cs_rank(cs_debt_at), cs_rank(cs_accruals))))",debate,0.004196595820472331,0.06744498323357628,3.549041918432633,0.38679831653230046,0.004927777089412684,0.37357086520495064,4,4
688,"add(add(cs_rank(cs_bm), cs_rank(cs_roa)), neg(add(cs_rank(cs_accruals), cs_rank(cs_debt_at))))",debate,0.004196595820472331,0.06744498323357628,3.549041918432633,0.38679831653230046,0.004927777089412684,0.37357086520495064,4,4
962,"sub(add(cs_rank(cs_bm), cs_rank(cs_roa)), add(cs_rank(cs_debt_at), cs_rank(cs_accruals)))",debate,0.004196595820472331,0.06744498323357628,3.549041918432633,0.38679831653230046,0.004927777089412684,0.37357086520495064,4,3
648,"add(add(neg(cs_rank(cs_debt_at)), cs_rank(cs_bm)), add(cs_rank(cs_roa), neg(cs_rank(cs_accruals))))",debate,0.0041965743337517075,0.06744462349192887,3.5490229883636304,0.38679587395078535,0.004927792091443822,0.37357086520495064,4,4
779,"add(add(neg(cs_rank(cs_accruals)), cs_rank(cs_roa)), add(cs_rank(cs_bm), neg(cs_rank(cs_debt_at))))",debate,0.0041965743337517075,0.06744462349192887,3.5490229883636304,0.38679587395078535,0.004927792091443822,0.37357086520495064,4,4
920,"add(add(cs_rank(neg(ts_std_20(returns))), cs_rank(neg(ts_returns_20(close)))), add(cs_rank(bm), cs_rank(roe)))",debate,0.009781559627234086,0.06768212720576756,3.5479898115457553,0.45736409559435137,0.04266311945372104,0.4284750782371961,4,5
430,"add(add(cs_rank(ts_returns_5(close)), cs_rank(ts_rank_5(volume))), cs_rank(dollar_volume))",debate,0.00697327840194135,0.06742151089878794,3.5439609118007604,0.13409578339626155,0.20780952599998062,0.4659977703455964,3,4
215,"sub(cs_rank(ts_returns_5(close)), cs_rank(ts_mean_20(dollar_volume)))",debate,-0.009094899107290479,-0.06736080921766578,-3.54077017367713,-0.7362491873823933,0.09865643751428689,0.4659977703455964,2,3
9,"mul(neg(cs_rank(ts_returns_5(close))), sub(cs_rank(bm), cs_rank(debt_at)))",debate,0.007078005181061028,0.06735468699824351,3.5404483638268798,0.8226376836431916,0.04316454566683088,0.4337483437629464,3,4
497,"add(add(cs_rank(cs_bm), cs_rank(cs_roe)), neg(cs_rank(cs_accruals)))",debate,0.0055554601255359435,0.0670572780316792,3.5286403711631817,0.6686615109304415,0.006195955245267581,0.37357086520495064,3,3
71,"add(add(cs_rank(neg(cs_accruals)), cs_rank(cs_roe)), cs_rank(cs_bm))",debate,0.005555444143559271,0.06705708162045362,3.5286300357514224,0.6686617898009234,0.006195945286940511,0.37357086520495064,3,4
781,"add(add(cs_rank(neg(cs_accruals)), cs_rank(cs_roa)), add(cs_rank(bm), cs_rank(neg(debt_at))))",debate,0.004219723441238216,0.06679893130738386,3.5150458336593537,0.3378421530372987,0.005325472648268798,0.37154110668642676,4,4
1008,"add(add(cs_rank(neg(cs_debt_at)), cs_rank(cs_current_ratio)), add(cs_rank(cs_roa), cs_rank(neg(cs_accruals))))",debate,0.005950527279417598,0.06675136560979879,3.5125428653655626,0.6649939912154494,0.004121999397704824,0.37388163989511203,4,4
653,"add(add(neg(cs_rank(debt_at)), cs_rank(curr_ratio)), add(cs_rank(bm), neg(cs_rank(accrual))))",debate,-0.007087637871301743,-0.06655512826862049,-3.5022166036272866,-0.3007087680328285,0.0014297552923546117,0.37330308926710076,4,4
656,"sub(add(cs_rank(curr_ratio), cs_rank(bm)), add(cs_rank(debt_at), cs_rank(accrual)))",debate,-0.007087637871301743,-0.06655512826862049,-3.5022166036272866,-0.3007087680328285,0.0014297552923546117,0.37330308926710076,4,3
842,"add(add(cs_rank(accrual), cs_rank(debt_at)), neg(add(cs_rank(curr_ratio), cs_rank(bm))))",debate,0.007087637871301743,0.06655512826862049,3.5022166036272866,0.3007087680328285,0.00142968872353816,0.37330308926710076,4,4
483,"add(cs_rank(ts_mean_20(volume)), cs_rank(dollar_volume))",debate,0.007301658253450011,0.06642440886014646,3.4953379799256483,0.7379032451668176,0.03621857526400325,0.4679717271125251,2,3
484,"add(cs_rank(dollar_volume), cs_rank(ts_mean_20(volume)))",debate,0.007301658253450011,0.06642440886014646,3.4953379799256483,0.7379032451668176,0.03621857526400325,0.4679717271125251,2,3
361,"mul(cs_rank(neg(log_abs(market_cap))), neg(cs_rank(ts_returns_5(close))))",debate,0.00856993949517144,0.06647980783495586,3.4944609999142724,0.5679770021535665,0.09526117836947338,0.4659977703455964,2,4
41,"add(cs_rank(bm), neg(cs_rank(debt_at)))",debate,-0.00774778221174157,-0.06629829939510251,-3.4887019373870647,-0.8275272242087669,0.0009456113007550922,0.4354418423757535,2,3
235,"sub(add(cs_rank(cs_roa), cs_rank(cs_current_ratio)), add(cs_rank(cs_asset_growth), add(cs_rank(cs_debt_at), cs_rank(cs_accruals))))",debate,0.004841103520885157,0.0662868011875935,3.4880968868928717,0.6446092923745943,0.004211516945613458,0.37232474686900235,5,4
101,"add(add(add(cs_rank(cs_bm), cs_rank(cs_roa)), add(cs_rank(cs_cash_at), neg(cs_rank(cs_debt_at)))), add(add(neg(cs_rank(cs_accruals)), neg(cs_rank(cs_asset_growth))), neg(cs_rank(ts_returns_20(close)))))",debate,0.005344415022929337,0.06652540000802364,3.487352587484281,1.2915457588813135,0.028012229256613525,0.36728592116975933,7,5
784,"add(add(cs_rank(cs_cash_at), neg(cs_rank(cs_debt_at))), cs_rank(cs_roa))",debate,0.006560586664794547,0.06619179937402192,3.4830977690559677,0.444151572093273,0.002317774657152042,0.43792562423680237,3,4
16,"cs_rank(add(ts_std_5(returns), ts_returns_5(volume)))",debate,0.0034155344808488174,0.06619660703953885,3.4795747635222187,0.8915094750973784,0.2540003791379956,0.4659849673463127,2,3
492,"mul(add(cs_rank(abs_val(sub(ask, bid))), neg(cs_rank(dollar_volume))), neg(ts_rank_5(returns)))",debate,0.00571213349599646,0.06541013811516501,3.441965746469639,0.4452858932974524,0.18164814420022746,0.4679652048298711,4,5
395,"add(add(cs_rank(dollar_volume), neg(cs_rank(abs_val(sub(ask, bid))))), neg(cs_rank(ts_returns_5(close))))",debate,0.007300340364595952,0.06540580663492947,3.438006936198102,0.7450982232858679,0.16235614581742155,0.46599704564752376,4,6
397,"add(neg(cs_rank(ts_returns_5(close))), add(cs_rank(dollar_volume), neg(cs_rank(abs_val(sub(ask, bid))))))",debate,0.007300340364595952,0.06540580663492947,3.438006936198102,0.7450982232858679,0.16235614581742155,0.46599704564752376,4,6
1032,"add(neg(cs_rank(ts_returns_5(close))), sub(cs_rank(dollar_volume), cs_rank(abs_val(sub(ask, bid)))))",debate,0.007300340364595952,0.06540580663492947,3.438006936198102,0.7450982232858679,0.16235614581742155,0.46599704564752376,4,5
681,"mul(cs_rank(add(ts_std_5(returns), ts_std_5(volume))), cs_rank(dollar_volume))",debate,0.006832413590664162,0.06507049196694481,3.422237754167988,0.711021155989701,0.05681035501944275,0.467566500106893,3,4
116,"add(add(cs_rank(cs_roa), cs_rank(cs_cash_at)), add(neg(cs_rank(cs_debt_at)), neg(cs_rank(accrual))))",debate,0.006970176446498967,0.06494458313801971,3.4174676437197067,0.6702654409729362,0.0028175621901936595,0.4373874151348361,4,4
790,"cs_rank(mul(ts_returns_5(close), neg(ts_corr_10(ts_returns_5(close), ts_returns_5(volume)))))",debate,0.0040755492110356424,0.06492382857031777,3.410818919964721,0.19347344539994904,0.16643148515295747,0.4652702942636524,3,5
309,"add(add(cs_rank(cs_bm), neg(cs_rank(ptb))), add(add(cs_rank(cs_roa), cs_rank(cs_roe)), add(neg(cs_rank(cs_debt_at)), neg(cs_rank(cs_accruals)))))",debate,0.005274031054000798,0.06466036720390723,3.40251183506366,0.46380583427198846,0.0050221295717518665,0.3714316772774543,6,5
745,"add(add(cs_rank(cs_bm), neg(cs_rank(ptb))), add(add(cs_rank(cs_roa), cs_rank(cs_roe)), neg(add(cs_rank(cs_debt_at), cs_rank(cs_accruals)))))",debate,0.005274031054000798,0.06466036720390723,3.40251183506366,0.46380583427198846,0.0050221295717518665,0.3714316772774543,6,5
933,"mul(neg(cs_rank(ts_returns_5(close))), neg(cs_rank(safe_div(ask, bid))))",debate,-0.007057600368925646,-0.06472835733304039,-3.4023973241675183,-0.49674157959028775,0.1618843199400384,0.46599704564752376,3,4
668,"mul(mul(cs_rank(add(cs_bm, cs_roa)), cs_rank(dollar_volume)), cs_rank(neg(ts_returns_5(close))))",debate,0.007207681468167386,0.06468731295330746,3.4002398572777452,0.6222003471922533,0.09426021093134779,0.43566227137285596,4,4
42,"add(add(cs_rank(ts_returns_20(close)), cs_rank(ts_returns_20(volume))), add(cs_rank(sub(ask, bid)), cs_rank(neg(dollar_volume))))",debate,-0.006779376845937222,-0.06478662951034807,-3.3962038564224777,-0.8086936261985667,0.16638641113091845,0.46104965268844866,5,4
355,"mul(add(neg(cs_rank(market_cap)), neg(cs_rank(returns))), cs_rank(dollar_volume))",debate,-0.0082519284516538,-0.06398768733378941,-3.367114553571781,-0.182812422622963,0.1105601108329564,0.46796592952794375,3,4
804,"add(add(neg(cs_rank(ts_returns_5(close))), cs_rank(volume)), add(cs_rank(bm), sub(cs_rank(cs_roa), add(cs_rank(accrual), cs_rank(debt_at)))))",debate,0.006172669247864172,0.06405599406660537,3.3670550557577603,0.9868438886059768,0.07536511406606071,0.4336162071476971,6,5
911,"add(cs_rank(dollar_volume), cs_rank(neg(abs_val(de_ratio))))",debate,0.007911848623480062,0.06360525536962147,3.346990490866034,0.502610649898928,0.04772558831317806,0.43752824812695745,2,4
844,"add(add(cs_rank(cs_gp_at), cs_rank(cs_roa)), add(cs_rank(curr_ratio), neg(cs_rank(debt_at))))",debate,0.006910743119826713,0.06330311007739632,3.3310912162846993,0.46911470677597683,0.002339901073411776,0.3753711360004638,4,4
912,"add(add(cs_rank(neg(ts_std_20(returns))), cs_rank(roa)), add(cs_rank(curr_ratio), cs_rank(neg(debt_at))))",debate,0.006549374060936632,0.06264315749447555,3.294577497996918,-0.08410473971479124,0.014247817398689279,0.37511024469430426,4,5
5,"add(neg(cs_rank(ts_returns_5(close))), cs_rank(ts_rank_5(volume)))",debate,0.0065355406495090996,0.062249422558839765,3.2720939858774742,0.9484005237091757,0.23225757349736187,0.4659977703455964,2,4
880,"sub(cs_rank(ts_returns_5(close)), cs_rank(ts_rank_5(volume)))",debate,-0.0065355406495090996,-0.062249422558839765,-3.2720939858774742,-0.9484005237091757,0.23225757152128815,0.4659977703455964,2,3
393,"sub(cs_rank(neg(ts_returns_5(close))), cs_rank(ts_std_20(returns)))",debate,0.009892048244113648,0.062080864571875644,3.263233862317363,0.40809627324863273,0.10405663586584585,0.4659977703455964,2,4
669,"sub(neg(cs_rank(ts_returns_5(close))), cs_rank(ts_std_20(returns)))",debate,0.00989199996475009,0.062080570198266245,3.2632183887904236,0.40809320626371476,0.1040566459538375,0.4659977703455964,2,4
1002,"add(add(add(cs_rank(neg(cs_debt_at)), cs_rank(curr_ratio)), cs_rank(cs_roa)), cs_rank(neg(cs_accruals)))",debate,0.005490845438327218,0.06200621098557248,3.2628467150603497,0.6077604328104097,0.004417448857064117,0.37361700431557704,4,5
743,"add(add(cs_rank(cs_roa), cs_rank(curr_ratio)), neg(add(cs_rank(cs_debt_at), cs_rank(cs_accruals))))",debate,0.00549084538066066,0.06200621038912979,3.262846683674767,0.6077604271247093,0.004417450026573616,0.37361700431557704,4,4
813,"sub(add(cs_rank(cs_roa), cs_rank(curr_ratio)), add(cs_rank(cs_debt_at), cs_rank(cs_accruals)))",debate,0.00549084538066066,0.06200621038912979,3.262846683674767,0.6077604271247093,0.004417450026573616,0.37361700431557704,4,3
1005,"add(add(cs_rank(neg(cs_debt_at)), cs_rank(curr_ratio)), add(cs_rank(cs_roa), cs_rank(neg(cs_accruals))))",debate,0.00549084538066066,0.06200621038912979,3.262846683674767,0.6077604271247093,0.004417448510184456,0.37361700431557704,4,4
152,"mul(cs_rank(dollar_volume), cs_rank(cs_current_ratio))",debate,0.006177725293951007,0.06188381526994609,3.256406094801164,0.6958569335203406,0.05172281291657016,0.3742023187922665,2,2
1031,"add(neg(cs_rank(ts_returns_5(close))), add(cs_rank(dollar_volume), neg(cs_rank(abs_val(sub(high, low))))))",debate,0.007099563140826949,0.06130975045148607,3.222700829687751,0.912189942661158,0.1254031625764086,0.4659977703455964,4,6
564,"mul(cs_rank(sub(ts_returns_20(close), ts_returns_5(volume))), cs_rank(dollar_volume))",debate,0.006056822105958166,0.06122629856529123,3.209566431738871,-0.14256509182611263,0.15531606279902618,0.46084432156786015,3,4
59,"mul(cs_rank(dollar_volume), cs_rank(abs_val(sub(close, ts_mean_5(close)))))",debate,0.006492357813669203,0.060781933077154966,3.1984236340768897,0.20257094145970903,0.15145506417747345,0.4679717271125251,3,5
916,"sub(add(cs_rank(neg(ts_std_20(returns))), cs_rank(cs_cash_at)), add(cs_rank(cs_debt_at), cs_rank(cs_accruals)))",debate,0.006662867971137619,0.06079444804528182,3.197348737582262,0.31248894014114614,0.01612268907672339,0.3736069793255718,4,5
119,"add(add(cs_rank(curr_ratio), cs_rank(roe)), sub(cs_rank(roa), cs_rank(debt_at)))",debate,0.005742806795994173,0.06055808053899996,3.1866442250924103,0.012953703221851931,0.0010341099182315818,0.37260532580613603,4,3
751,"sub(sub(cs_rank(cs_asset_growth), cs_rank(cs_roa)), add(cs_rank(cs_accruals), cs_rank(cs_debt_at)))",debate,-0.004729539366246738,-0.05997083352603849,-3.1557425306215747,-0.09981427994721477,0.005199375623277703,0.37232474686900235,4,3
383,"add(add(neg(cs_rank(ts_std_20(returns))), cs_rank(cs_bm)), cs_rank(cs_roa))",debate,0.009266532904558892,0.05909125290957912,3.1077729787409423,-0.04658339252841737,0.021508178105565195,0.43705912690791865,3,5
680,"add(cs_rank(abs_val(ts_returns_5(close))), cs_rank(ts_std_10(returns)))",debate,-0.010470998419459284,-0.05902947471728116,-3.1028398541263855,-0.09305339605739037,0.12850153650830126,0.4659977703455964,2,4
260,"add(add(add(cs_rank(cs_roe), cs_rank(cs_roa)), add(cs_rank(curr_ratio), cs_rank(bm))), add(neg(cs_rank(debt_at)), neg(cs_rank(accrual))))",debate,0.004389711011179383,0.05894590397477638,3.1018094170455495,0.48102143638932715,0.003933801583711686,0.373228203799592,6,4
673,"sub(neg(cs_rank(ts_returns_5(close))), add(cs_rank(ts_std_20(returns)), cs_rank(abs_val(sub(ask, bid)))))",debate,0.007637967779615706,0.05861151364852837,3.080870045521266,0.36123538688784934,0.16664236914144173,0.46599704564752376,4,5
227,"add(add(neg(cs_rank(accrual)), neg(cs_rank(debt_at))), add(cs_rank(gpm), cs_rank(roa)))",debate,0.005414777914571011,0.058482806120507526,3.077440611267299,0.3461523476586261,0.0011872589992690742,0.43599430387314886,4,4
567,"mul(cs_rank(sub(ts_returns_5(close), ts_returns_20(close))), cs_rank(ts_mean_20(volume)))",debate,0.007166057723990003,0.05845145440385249,3.064105300124602,0.985395776853493,0.053012117797665105,0.46084432156786015,3,4
218,"add(add(neg(cs_rank(ts_std_20(returns))), neg(cs_rank(abs_val(sub(ask,bid))))), cs_rank(cs_current_ratio))",debate,0.005414509187216163,0.05823508181447864,3.0627445648299387,0.038563669190471786,0.1512599928237042,0.373919686543927,4,6
85,"add(neg(cs_rank(cs_debt_at)), add(neg(cs_rank(cs_accruals)), neg(cs_rank(ts_returns_20(close)))))",debate,0.005494038932657277,0.05837388549378961,3.060039031613875,1.10697053909485,0.04196720932526833,0.3683990574093735,3,5
595,"add(cs_rank(dollar_volume), cs_rank(sub(close, ts_min_20(close))))",debate,0.006968688405765583,0.05815105702423498,3.059983546373446,0.024689579242420528,0.07278045299806954,0.4679717271125251,3,4
317,"add(add(cs_rank(cs_bm), neg(cs_rank(cs_accruals))), add(cs_rank(cs_roa), neg(cs_rank(debt_at))))",debate,0.0037056764844593665,0.05804504903170493,3.054405269218641,0.29458259510893264,0.005039648347811495,0.37345177315500927,4,4
229,"add(add(cs_rank(cs_bm), cs_rank(cs_roa)), add(neg(cs_rank(cs_accruals)), neg(cs_rank(debt_at))))",debate,0.0037056431678930846,0.058044529884934436,3.054377951046674,0.29457699988694275,0.005039636142340619,0.37345177315500927,4,4
231,"add(add(cs_rank(cs_bm), cs_rank(cs_roa)), add(neg(cs_rank(debt_at)), neg(cs_rank(cs_accruals))))",debate,0.0037056431678930846,0.058044529884934436,3.054377951046674,0.29457699988694275,0.005039636142340619,0.37345177315500927,4,4
960,"sub(add(cs_rank(cs_bm), cs_rank(cs_roa)), add(cs_rank(debt_at), cs_rank(cs_accruals)))",debate,0.0037056431678930846,0.058044529884934436,3.054377951046674,0.29457699988694275,0.005039636142340619,0.37345177315500927,4,3
1012,"add(add(cs_rank(cs_roa), neg(cs_rank(cs_accruals))), add(cs_rank(cs_bm), neg(cs_rank(debt_at))))",debate,0.0037056373503863713,0.058044417630321865,3.054372044064324,0.29458017293333444,0.005039647738618705,0.37345177315500927,4,4
394,"mul(neg(cs_rank(ts_returns_5(close))), add(cs_rank(dollar_volume), neg(cs_rank(abs_val(sub(ask, bid))))))",debate,-0.004918782245465081,-0.058016833345595556,-3.049611123546416,-0.299218263639184,0.1620168862267793,0.46599704564752376,4,6
961,"add(neg(cs_rank(cs_debt_at)), cs_rank(roe))",debate,0.005258060006244449,0.057789134427678926,3.0409387130170935,-0.2671265512399785,0.0014967850634776438,0.43458573238591136,2,3
692,"add(add(cs_rank(cs_roa), cs_rank(curr_ratio)), neg(add(cs_rank(debt_at), cs_rank(cs_accruals))))",debate,0.005131993668160478,0.05740668404785314,3.0208136812557025,0.5460765454424462,0.004371720928773479,0.37361700431557704,4,4
706,"add(add(neg(cs_rank(debt_at)), neg(cs_rank(cs_accruals))), add(cs_rank(curr_ratio), cs_rank(cs_roa)))",debate,0.005131993668160478,0.05740668404785314,3.0208136812557025,0.5460765454424462,0.004371720928773479,0.37361700431557704,4,4
352,"add(cs_rank(dollar_volume), cs_rank(cs_current_ratio))",debate,0.005642256989018472,0.05735520805306831,3.018104948084969,0.6132125372665473,0.05248641169688854,0.3742023187922665,2,2
225,"add(add(neg(cs_rank(ts_std_20(returns))), neg(cs_rank(ts_std_60(returns)))), add(cs_rank(cs_roa), add(neg(cs_rank(debt_at)), neg(cs_rank(ask)))))",debate,0.009346624248436831,0.05738450721703365,3.0180104862618657,-0.05850837032176026,0.017388542358432547,0.4371472985067596,5,5
504,"sub(cs_rank(ts_returns_20(close)), cs_rank(ts_returns_20(volume)))",debate,-0.006144504802424213,-0.05695658095360485,-2.9857419863519086,-1.0094983670384383,0.16717689914049783,0.4610503773865213,2,3
886,"sub(cs_rank(ts_returns_5(close)), add(cs_rank(ts_std_20(returns)), cs_rank(abs_val(ts_returns_1(close)))))",debate,0.010302277338523472,0.05661063150214803,2.975695183353954,-0.14140553725242513,0.17952105414223152,0.46589172286096303,3,5
552,"mul(neg(cs_rank(sub(ts_rank_10(ts_returns_5(close)), ts_rank_10(ts_returns_5(volume))))), cs_rank(dollar_volume))",debate,-0.005676939011320923,-0.05655143831586608,-2.9725837381248033,-0.14844491983825894,0.15027435473953424,0.4659977703455964,3,6
923,"add(add(cs_rank(neg(ts_std_20(returns))), cs_rank(neg(ts_std_20(sub(high, low))))), cs_rank(dollar_volume))",debate,0.009212649579313517,0.05652064713045902,2.9725776869509843,0.01834263022034588,0.044526382112987734,0.4676264084809,4,6
560,"mul(neg(cs_rank(ts_returns_5(close))), cs_rank(ts_std_20(ts_returns_1(close))))",debate,0.008487119670990194,0.05653415459301843,2.9716752322582645,0.5315405496599619,0.10401094939826629,0.46599233511005145,2,4
561,"mul(cs_rank(ts_returns_5(close)), cs_rank(ts_std_20(ts_returns_1(close))))",debate,-0.008487119670990194,-0.05653415459301843,-2.9716752322582645,-0.5315405496599619,0.10401095122276499,0.46599233511005145,2,4
719,"sub(add(add(cs_rank(cs_roa), cs_rank(cs_gp_at)), add(cs_rank(cs_bm), cs_rank(curr_ratio))), add(cs_rank(cs_accruals), cs_rank(debt_at)))",debate,0.005009710869907218,0.05626779141920486,2.9608836837098744,0.6654362971633173,0.003934876022689557,0.3734440430422342,6,4
739,"add(add(neg(cs_rank(ts_returns_5(close))), neg(cs_rank(ts_std_5(returns)))), neg(cs_rank(ts_returns_5(dollar_volume))))",debate,0.006374516771595479,0.05630753861422256,2.9597633341097986,0.5868633586846123,0.18979196157643058,0.4659849673463127,3,5
538,"add(add(cs_rank(ts_returns_20(close)), cs_rank(ts_returns_20(volume))), sub(cs_rank(cs_roa), cs_rank(cs_accruals)))",debate,0.005649374766150334,0.05608815224162338,2.940217763793173,-0.0625351621822593,0.12282881185574503,0.3683990574093735,4,4
951,"mul(cs_rank(dollar_volume), cs_rank(add(neg(abs_val(accrual)), ts_returns_5(close))))",debate,0.006343522560119353,0.055912486289622476,2.9389977063771235,-0.37269717490077847,0.07734692707804752,0.4357510468867575,3,5
837,"add(cs_rank(ts_returns_20(close)), add(cs_rank(ts_rank_20(dollar_volume)), cs_rank(cs_roe)))",debate,0.006191483306010029,0.055783130876431754,2.924228126045625,-0.14822550502746823,0.14672119400199285,0.4315113215956402,3,4
193,"add(add(cs_rank(dollar_volume), neg(cs_rank(cs_debt_at))), add(cs_rank(cs_current_ratio), neg(cs_rank(cs_accruals))))",debate,0.005041866496145711,0.054969701302156775,2.8925765092036273,0.6401787700533084,0.03496499879156993,0.37388163989511203,4,4
873,"add(add(cs_rank(cs_bm), cs_rank(cs_roa)), neg(cs_rank(ts_returns_20(close))))",debate,0.006679160201808322,0.05508023620085651,2.88738142440534,0.8263957041882449,0.04869405248999868,0.43121371225379895,3,4
579,"mul(cs_rank(dollar_volume), cs_rank(abs_val(ts_returns_20(close))))",debate,0.005716705514776523,0.0550365942881998,2.885093655568057,0.8026858581927943,0.11233143010097715,0.4610503773865213,2,4
302,"sub(cs_rank(cs_asset_growth), add(add(cs_rank(cs_roa), cs_rank(cs_accruals)), add(cs_rank(cs_bm), cs_rank(dollar_volume))))",debate,-0.005119257320529941,-0.05473956374457343,-2.880466374398784,-0.010049453699140908,0.034328632290799216,0.3723005902665802,5,4
244,"add(add(cs_rank(cs_bm), cs_rank(cs_ep)), add(cs_rank(cs_roa), add(neg(cs_rank(debt_at)), add(neg(cs_rank(accrual)), neg(cs_rank(cs_asset_growth))))))",debate,0.004711710610157152,0.05451958295758415,2.8688907019492715,0.30002954517480673,0.004430045541406516,0.435766869461344,6,6
622,"add(add(add(cs_rank(bm), cs_rank(cs_roa)), add(cs_rank(cs_current_ratio), neg(cs_rank(cs_accruals)))), add(neg(cs_rank(cs_debt_at)), neg(cs_rank(ts_returns_20(close)))))",debate,0.005018464569335269,0.05466912681509684,2.8658305073120927,1.1689592100418291,0.030442036084049894,0.3662642176703131,6,5
826,"sub(mul(cs_rank(ts_returns_5(close)), cs_rank(ts_mean_5(volume))), cs_rank(abs_val(ts_returns_5(close))))",debate,0.006032919165510775,0.05423875002228416,2.8510190208057664,0.16493356644339024,0.17397776349942395,0.4659977703455964,3,4
290,"add(neg(cs_rank(ts_returns_5(close))), add(cs_rank(cs_bm), cs_rank(cs_roa)))",debate,0.006108725594239317,0.05409160895489528,2.8432846614834184,0.7228296384111041,0.09870667648403873,0.43566227137285596,3,4
936,"add(neg(cs_rank(returns)), mul(cs_rank(dollar_volume), neg(cs_rank(abs_val(returns)))))",debate,0.006535904837012849,0.0536390276040188,2.8225547446775394,0.47274540194940035,0.2951801792167694,0.46796592952794375,3,5
500,"mul(sub(cs_rank(cs_bm), cs_rank(pe_op_dil)), neg(cs_rank(ts_returns_5(returns))))",debate,0.0067672456157237375,0.053665797912048285,2.820902224905747,0.273640993396631,0.10332813654511987,0.4314787101823703,3,4
975,"mul(cs_rank(cs_bm), neg(cs_rank(ts_mean_5(returns))))",debate,0.007052094270758501,0.05313429368241679,2.7959949953894907,0.8142506459935903,0.09476393725708131,0.43736337931542607,2,4
603,"add(add(cs_rank(neg(cs_debt_at)), cs_rank(curr_ratio)), add(cs_rank(cs_roa), cs_rank(neg(abs_val(accrual)))))",debate,0.004615956159532887,0.05311577007562862,2.7950202593332283,0.19650475497351716,0.002863451516932752,0.3753123146735658,4,5
401,"sub(cs_rank(ts_returns_5(close)), cs_rank(ts_returns_5(volume)))",debate,-0.005587941962546872,-0.053103911148854835,-2.79136707063421,-0.8413264453791436,0.2094608690257028,0.4659977703455964,2,3
785,"neg(sub(cs_rank(ts_returns_5(close)), cs_rank(ts_returns_5(volume))))",debate,0.005587941962546872,0.053103911148854835,2.79136707063421,0.8413264453791436,0.20946087088447518,0.4659977703455964,2,4
946,"add(add(cs_rank(cs_bm), cs_rank(neg(pe_op_dil))), add(cs_rank(cs_roe), add(cs_rank(cs_roa), neg(cs_rank(debt_at)))))",debate,0.004671767740275912,0.05285676122179911,2.7813908797201794,0.16163174956586102,0.0040452195694549,0.43325687768666715,5,5
658,"sub(add(add(cs_rank(neg(debt_at)), cs_rank(curr_ratio)), cs_rank(roa)), cs_rank(ts_rank_10(returns)))",debate,0.005225655469001064,0.05262085439257355,2.768977158408003,0.18664114743838223,0.14730542153625353,0.37537802063215414,4,5
459,"add(add(cs_rank(ts_returns_20(close)), neg(cs_rank(ts_std_5(returns)))), cs_rank(ts_mean_20(dollar_volume)))",debate,0.008889520261290276,0.052668612831464325,2.7609608242094295,-0.09826422414198659,0.07174270338337162,0.4610119683886701,3,5
587,"add(add(cs_rank(neg(ts_returns_5(close))), cs_rank(neg(ts_std_5(returns)))), cs_rank(neg(ts_rank_5(volume))))",debate,0.006141595424109963,0.052521477019105825,2.7607518595240967,0.44921624339174443,0.20919456017430688,0.4659849673463127,3,5
600,"add(add(cs_rank(neg(cs_debt_at)), cs_rank(curr_ratio)), add(cs_rank(cs_roa), cs_rank(gpm)))",debate,0.0056220865331844255,0.052282423395362765,2.751168483277366,0.3492911776686625,0.0023035552529404126,0.373908816072837,4,4
396,"add(add(add(neg(cs_rank(ptb)), cs_rank(cs_bm)), add(cs_rank(cs_roa), cs_rank(cs_roe))), add(neg(cs_rank(cs_debt_at)), add(neg(cs_rank(cs_accruals)), neg(cs_rank(cs_asset_growth)))))",debate,0.004829871695446084,0.05220203526680062,2.746938356374919,0.4133113789748981,0.004816686865286521,0.3702984910578297,7,5
426,"sub(add(add(cs_rank(cs_cash_at), cs_rank(cs_roa)), cs_rank(cs_bm)), add(cs_rank(cs_accruals), cs_rank(cs_debt_at)))",debate,0.003812913677235542,0.052077337240204344,2.740376585546045,0.6402247774562967,0.004306998737971326,0.37357086520495064,5,4
341,"add(add(cs_rank(cs_bm), neg(cs_rank(ptb))), add(cs_rank(cs_roa), add(neg(cs_rank(cs_accruals)), cs_rank(dollar_volume))))",debate,0.005533693288106231,0.052058448706555384,2.739382646568171,0.4203042752572304,0.03214259472260026,0.3714316772774543,5,5
262,"add(add(add(cs_rank(cs_roe), cs_rank(cs_roa)), add(cs_rank(curr_ratio), cs_rank(bm))), add(add(neg(cs_rank(accrual)), neg(cs_rank(debt_at))), neg(cs_rank(cs_asset_growth))))",debate,0.0037452176194609013,0.05128172423019074,2.6985104038374708,0.45940790937180787,0.004094108056983277,0.3719352216549447,7,5
153,"add(cs_rank(dollar_volume), cs_rank(curr_ratio))",debate,0.005090669774844555,0.05112625770154335,2.690329554786446,0.537383657292936,0.05246291116094176,0.37544867869423904,2,2
594,"add(cs_rank(dollar_volume), cs_rank(ts_rank_20(high)))",debate,0.006367700568523152,0.05111731232781501,2.689858837695035,-0.13145104463584284,0.1014243562300997,0.4679717271125251,2,3
424,"sub(add(add(cs_rank(cs_roa), cs_rank(cs_cash_at)), add(cs_rank(cs_bm), cs_rank(cs_ep))), add(cs_rank(cs_asset_growth), cs_rank(cs_debt_at)))",debate,0.004258325728523136,0.0509725748378008,2.6822425644809083,0.25325241284901034,0.0036011475614666252,0.43583124680679913,6,4
469,"sub(add(add(cs_rank(cs_roe), cs_rank(cs_cash_at)), cs_rank(cs_bm)), add(cs_rank(cs_debt_at), cs_rank(cs_accruals)))",debate,0.0036158031560737393,0.050922198758883465,2.6795917103003277,0.8309745177972984,0.004590580640238864,0.37357086520495064,5,4
621,"add(add(add(cs_rank(pe_op_dil), cs_rank(cs_roa)), add(cs_rank(cs_current_ratio), neg(cs_rank(cs_accruals)))), add(neg(cs_rank(cs_debt_at)), cs_rank(bm)))",debate,0.0035421137563784767,0.05071090589607679,2.6684732076154134,0.30322933172484073,0.004758216759778429,0.3676921144394883,6,5
954,"neg(add(cs_rank(abs_val(ts_returns_5(close))), cs_rank(abs_val(ts_returns_20(close)))))",debate,0.006697819714714374,0.050773931128431975,2.661639014213066,-0.13438249794189944,0.1576530504071433,0.46084432156786015,2,5
672,"add(neg(cs_rank(ts_returns_5(close))), mul(cs_rank(ts_std_20(returns)), neg(cs_rank(abs_val(sub(ask, bid))))))",debate,0.006461666215072338,0.05059379121570193,2.6594245079648564,0.5440345430571851,0.15723747627332926,0.46599704564752376,4,6
796,"add(add(cs_rank(ts_returns_20(close)), cs_rank(ts_rank_5(returns))), add(cs_rank(dollar_volume), cs_rank(cs_roa)))",debate,0.006478657677431407,0.050472899769614464,2.6458585380647146,-0.00952625417088299,0.17006553096082763,0.43151252942576135,4,4
303,"add(add(cs_rank(cs_bm), neg(cs_rank(cs_ep))), add(add(cs_rank(cs_roa), cs_rank(cs_roe)), add(neg(cs_rank(debt_at)), neg(cs_rank(accrual)))))",debate,0.0033855614979980643,0.05001802829714996,2.6320130956094836,0.20204891096715907,0.003427621731242937,0.43716408734544304,6,5
299,"add(neg(cs_rank(cs_asset_growth)), add(neg(cs_rank(cs_accruals)), add(cs_rank(cs_roa), cs_rank(bm))))",debate,0.005006120085003269,0.04997100582111143,2.6295387123333946,0.44486813979995427,0.005549551196507558,0.3703016314161446,4,4
301,"sub(add(cs_rank(cs_roa), cs_rank(bm)), add(cs_rank(cs_asset_growth), cs_rank(cs_accruals)))",debate,0.005006120085003269,0.04997100582111143,2.6295387123333946,0.44486813979995427,0.005549550349774023,0.3703016314161446,4,3
694,"add(add(add(cs_rank(cs_bm), cs_rank(cs_roa)), neg(cs_rank(cs_asset_growth))), neg(cs_rank(cs_accruals)))",debate,0.0048143617610636675,0.049955438531143384,2.628719541477326,0.44159608821596186,0.005336850363570977,0.3723005902665802,4,4
799,"add(add(neg(cs_rank(ts_returns_5(close))), cs_rank(volume)), cs_rank(sub(high, low)))",debate,0.006546537539916029,0.049952682595408755,2.625725116476162,0.6531484579375374,0.13652173407767282,0.4659977703455964,4,5
13,"mul(neg(cs_rank(ts_returns_5(close))), cs_rank(bm))",debate,0.0067069895546332655,0.04977124628876394,2.616188053747088,0.7863234174228708,0.09470607387724564,0.4337670651298236,2,4
216,"mul(cs_rank(dollar_volume), sub(add(cs_rank(ts_returns_5(close)), cs_rank(ts_mean_5(volume))), add(cs_rank(ts_mean_20(volume)), cs_rank(abs_val(ts_returns_5(close))))))",debate,0.005619169469132113,0.049698331190404746,2.6123553265503774,-0.06012137741600523,0.16882388658232167,0.4659977703455964,5,6
639,"add(add(cs_rank(roe), neg(cs_rank(cs_accruals))), add(neg(cs_rank(debt_at)), neg(cs_rank(ptb))))",debate,0.0035422312324850944,0.049631999805874606,2.611699779013335,0.15520697909244596,0.005839642667782473,0.370656008773678,4,4
524,"add(add(cs_rank(neg(cs_leverage)), cs_rank(cs_current_ratio)), add(cs_rank(cs_roa), neg(cs_rank(cs_accruals))))",debate,0.004206141205798307,0.04950225703246539,2.6048725471071705,0.5651532438816848,0.003933468798767224,0.37388163989511203,4,4
909,"mul(add(cs_rank(neg(dollar_volume)), cs_rank(sub(ask, bid))), cs_rank(neg(returns)))",debate,0.005884108515672579,0.04938640561475434,2.598776296236406,0.46307572657412294,0.28785070247094346,0.4679652048298711,4,4
505,"cs_rank(sub(cs_rank(ts_returns_20(close)), cs_rank(ts_mean_20(volume))))",debate,-0.006407439594360632,-0.049206795560901365,-2.5794876212758213,-0.9533141487053096,0.04727865366627283,0.4610503773865213,2,4
879,"sub(cs_rank(ts_returns_5(close)), cs_rank(ts_rank_5(ts_returns_5(volume))))",debate,-0.005072311523822242,-0.048484261542312564,-2.548538670416678,-0.7511342497457819,0.2208205949802505,0.4659977703455964,2,4
882,"add(sub(cs_rank(ts_returns_5(close)), cs_rank(ts_rank_5(volume))), add(cs_rank(dollar_volume), neg(cs_rank(abs_val(ts_returns_5(close))))))",debate,0.005634578671358893,0.048413164236055246,2.5448014940919217,-0.11916404596093234,0.18513219769434833,0.4659977703455964,4,6
261,"sub(neg(cs_rank(ts_returns_5(close))), mul(cs_rank(ts_std_5(returns)), cs_rank(ts_returns_5(volume))))",debate,0.005697331344711415,0.048227178822710486,2.5350253109973537,0.5971935549405565,0.17050630855542315,0.4659849673463127,3,4
279,"add(add(cs_rank(cs_gp_at), cs_rank(cs_cash_at)), add(neg(cs_rank(cs_debt_at)), neg(cs_rank(cs_accruals))))",debate,0.005590059430740948,0.048122317172837575,2.5322583336856295,0.676216118352077,0.00373638552926555,0.37388163989511203,4,4
37,"add(cs_rank(bm), neg(cs_rank(accrual)))",debate,-0.004699881646536742,-0.04807275472221558,-2.5296502936742837,-0.03246132309315178,0.0017470793831068925,0.43537963912451644,2,3
403,"mul(sub(cs_rank(ts_returns_5(close)), cs_rank(ts_returns_5(volume))), cs_rank(dollar_volume))",debate,-0.0049146563437098695,-0.04803423444164225,-2.5248833350086537,-0.8263076400391978,0.19304038259715461,0.4659977703455964,3,4
934,"mul(cs_rank(dollar_volume), neg(cs_rank(safe_div(ask, bid))))",debate,-0.003751926156317952,-0.04766611528774613,-2.5082524026907276,-1.1629324794367153,0.1550868428501968,0.4679710024144524,3,4
797,"add(mul(cs_rank(ts_returns_5(close)), neg(cs_rank(ts_corr_10(ts_returns_5(close), ts_returns_5(volume))))), mul(cs_rank(neg(ts_returns_5(close))), cs_rank(neg(ts_corr_10(ts_returns_5(close), ts_returns_5(volume))))))",debate,0.005334298210056468,0.04772229647202508,2.5071243531895755,0.6877173592345912,0.11547099921486935,0.4652702942636524,6,6
294,"add(neg(cs_rank(cs_debt_at)), add(neg(cs_rank(cs_accruals)), neg(cs_rank(ts_returns_5(close)))))",debate,0.0044346379598252245,0.047668502864682376,2.505658930279682,0.8743983083108294,0.08301399266463924,0.3723671417062533,3,5
228,"add(add(cs_rank(bm), cs_rank(roa)), add(cs_rank(gpm), neg(cs_rank(accrual))))",debate,0.003041743506129074,0.04753235591855273,2.5012138123391456,0.5504357382660141,0.0015055002502909424,0.43391490353664736,4,4
825,"mul(mul(cs_rank(ts_returns_5(close)), cs_rank(ts_mean_5(volume))), cs_rank(dollar_volume))",debate,0.005317678431910944,0.04757556014378126,2.500773466196796,-0.06835588015352273,0.0816341437644576,0.4659977703455964,3,4
827,"mul(neg(mul(cs_rank(ts_returns_5(close)), cs_rank(ts_mean_5(volume)))), cs_rank(dollar_volume))",debate,-0.005317678431910944,-0.04757556014378126,-2.500773466196796,0.06835588015352273,0.08163419132935008,0.4659977703455964,3,5
137,"neg(add(add(cs_rank(abs_val(ts_delta_5(ask))), cs_rank(abs_val(ts_delta_5(volume)))), cs_rank(returns)))",debate,0.004899303230076982,0.04736580816132282,2.4897480113071637,0.5225811489910083,0.25496548195250535,0.4659963209494511,3,6
98,"add(add(add(cs_rank(cs_bm), cs_rank(cs_roe)), add(cs_rank(cs_gp_at), neg(cs_rank(cs_debt_at)))), add(add(neg(cs_rank(cs_accruals)), cs_rank(cs_cash_at)), cs_rank(cs_current_ratio)))",debate,0.004842651766112589,0.047278552282932824,2.487858338015042,0.8285381940775067,0.0034619317469316304,0.37357086520495064,7,5
809,"add(add(neg(cs_rank(cs_asset_growth)), cs_rank(cs_roa)), add(cs_rank(cs_bm), add(neg(cs_rank(cs_debt_at)), neg(cs_rank(cs_accruals)))))",debate,0.0035193443578343388,0.047268581906070896,2.4873336839380586,0.2912848209412139,0.004726627931326864,0.3723005902665802,5,5
255,"add(add(add(cs_rank(cs_bm), cs_rank(cs_roa)), add(neg(cs_rank(cs_debt_at)), neg(cs_rank(cs_accruals)))), neg(cs_rank(cs_asset_growth)))",debate,0.0035193249578747273,0.04726831198866298,2.487319480536274,0.2912806617699937,0.004726629556325386,0.3723005902665802,5,5
969,"add(sub(cs_rank(ts_returns_5(close)), cs_rank(ts_mean_5(volume))), sub(cs_rank(ts_returns_20(close)), cs_rank(ts_mean_20(volume))))",debate,-0.005967441072910544,-0.04736056750466693,-2.4827058178109995,-0.9245019037533386,0.06887367959200079,0.46084432156786015,4,4
451,"add(neg(cs_rank(cs_asset_growth)), cs_rank(cs_bm))",debate,-0.006190013439997449,-0.046971900266834496,-2.471721913816732,-0.34648035394512333,0.0023665801189315144,0.43583124680679913,2,3
645,"sub(cs_rank(cs_bm), cs_rank(cs_asset_growth))",debate,-0.006190013439997449,-0.046971900266834496,-2.471721913816732,-0.34648035394512333,0.0023665801189315144,0.43583124680679913,2,2
949,"neg(cs_rank(add(ts_returns_5(close), ts_returns_20(close))))",debate,0.0068650908897151,0.04714490610491357,2.471400551847027,0.8908160559405971,0.08759271932670219,0.46084432156786015,2,4
988,"add(cs_rank(ts_returns_20(close)), neg(cs_rank(ts_returns_5(returns))))",debate,-0.005351762926852374,-0.04714086680643333,-2.471188806288113,-1.0886822853570726,0.23885073345823934,0.46072269307466446,2,4
128,"add(sub(cs_rank(cs_current_ratio), cs_rank(cs_debt_at)), cs_rank(cs_roa))",debate,0.00454022375899374,0.04683606603809917,2.4645741416826645,0.3281965193359442,0.0024103870324875035,0.3741992992169637,3,3
124,"add(add(cs_rank(neg(cs_debt_at)), cs_rank(cs_current_ratio)), cs_rank(cs_roa))",debate,0.004540191542974863,0.04683571084814664,2.464555451129711,0.32819168653474623,0.002410370457084301,0.3741992992169637,3,4
349,"add(cs_rank(cs_current_ratio), sub(cs_rank(cs_roa), cs_rank(cs_debt_at)))",debate,0.004540178704163309,0.04683560914786118,2.464550099529653,0.3281873899688417,0.0024103925084706487,0.3741992992169637,3,3
820,"add(add(cs_rank(debt_at), cs_rank(neg(curr_ratio))), cs_rank(neg(ts_returns_5(close))))",debate,0.00524487975190642,0.04666962040539191,2.453153426561099,0.5471007222787586,0.0714151870583955,0.3739473458537004,3,4
375,"add(cs_rank(ts_returns_20(close)), neg(cs_rank(abs_val(sub(ask, bid)))))",debate,-0.00504466255893658,-0.04675201174793176,-2.4508044915112266,-0.9681817546665304,0.1727502925014883,0.46104965268844866,3,5
593,"add(cs_rank(dollar_volume), cs_rank(ts_rank_20(close)))",debate,0.005865705302985583,0.046574138303163204,2.45079116678491,-0.042879464679687354,0.10370040534103875,0.4679717271125251,2,3
474,"add(add(add(cs_rank(cs_bm), cs_rank(cs_roa)), cs_rank(cs_cash_at)), sub(neg(cs_rank(cs_asset_growth)), add(cs_rank(cs_debt_at), cs_rank(cs_accruals))))",debate,0.003070301262694734,0.046439747518529584,2.443719350539305,0.5426137204001358,0.004327231799924287,0.3723005902665802,6,4
300,"sub(add(cs_rank(cs_asset_growth), cs_rank(cs_accruals)), add(add(cs_rank(cs_roa), cs_rank(cs_bm)), add(cs_rank(cs_cash_at), cs_rank(neg(cs_debt_at)))))",debate,-0.0030702719779925947,-0.0464393070178029,-2.4436961708234954,-0.5426068892832846,0.004327304942998843,0.3723005902665802,6,5
769,"add(add(cs_rank(ask), neg(cs_rank(bid))), neg(ts_rank_20(ts_delta_5(dollar_volume))))",debate,-0.0024011991248823255,-0.04637450613256624,-2.43764096720701,-0.28060479064572913,0.25575018734518873,0.46599704564752376,3,4
527,"add(cs_rank(ts_returns_20(close)), cs_rank(ts_returns_5(close)))",debate,-0.0066187677734587435,-0.04633799828666662,-2.4291013388023037,-0.8529908888582858,0.10871418039924081,0.46084432156786015,2,3
582,"add(cs_rank(dollar_volume), cs_rank(abs_val(ts_returns_20(close))))",debate,0.004884224154114338,0.04582014592471328,2.4019548086923757,0.8038045362349957,0.09686917735025703,0.4610503773865213,2,4
413,"add(add(cs_rank(ts_returns_20(close)), cs_rank(sub(ts_max_20(close), close))), cs_rank(ts_mean_20(dollar_volume)))",debate,0.0053993175816661725,0.04579521234727945,2.4006477564120647,-0.1315147724697952,0.0633759295773217,0.4610503773865213,4,5
487,"add(cs_rank(neg(log_abs(dollar_volume))), add(cs_rank(bm), cs_rank(roe)))",debate,-0.006496060324296491,-0.04559360208925593,-2.399194087819877,-0.5168192199397889,0.047100704397892684,0.43451459119177804,3,4
190,"add(add(cs_rank(neg(dollar_volume)), cs_rank(bm)), cs_rank(roe))",debate,-0.006496059033428725,-0.045593586620377935,-2.399193273827586,-0.5168198203707465,0.047100714962796886,0.43451459119177804,3,4
256,"add(add(add(cs_rank(cs_bm), cs_rank(cs_roe)), neg(cs_rank(cs_debt_at))), add(neg(cs_rank(cs_accruals)), neg(cs_rank(cs_asset_growth))))",debate,0.0035132140073411045,0.04534302263340044,2.386008273989228,0.42463090423065697,0.004954742662294778,0.3723005902665802,5,4
257,"sub(add(add(cs_rank(cs_roe), cs_rank(cs_bm)), neg(cs_rank(cs_debt_at))), add(cs_rank(cs_accruals), cs_rank(cs_asset_growth)))",debate,0.0035132140073411045,0.04534302263340044,2.386008273989228,0.42463090423065697,0.004954742662294778,0.3723005902665802,5,4
332,"add(sub(cs_rank(ts_returns_20(close)), cs_rank(abs_val(ts_returns_5(close)))), cs_rank(dollar_volume))",debate,0.006548009032151953,0.045467716738089414,2.3834799880114104,-0.14953076535282972,0.12696129015292612,0.46084432156786015,3,5
989,cs_rank(ts_returns_20(close)),debate,-0.0067039747973119766,-0.045223443817950765,-2.370674866959976,-0.8768139217140595,0.06723247684250656,0.4610503773865213,1,2
740,"add(add(cs_rank(neg(ts_returns_1(close))), cs_rank(neg(ts_returns_5(close)))), add(cs_rank(sub(high, low)), cs_rank(neg(ts_returns_1(volume)))))",debate,0.005474135742120359,0.04452486305666741,2.3404158728063713,0.44471072908713066,0.2645377633720039,0.46589172286096303,5,5
298,"add(sub(neg(cs_rank(cs_asset_growth)), cs_rank(cs_accruals)), add(cs_rank(cs_roa), sub(cs_rank(bm), cs_rank(debt_at))))",debate,0.00342762874003428,0.04418861974274365,2.3252621064720405,0.2731707526202496,0.005036163534500792,0.37029921575590236,5,4
877,"sub(cs_rank(ts_returns_5(close)), cs_rank(ts_returns_20(volume)))",debate,-0.004637561719760328,-0.04428166209156256,-2.3213053789152713,-0.7970262063617105,0.19567176051577528,0.46084432156786015,2,3
884,"sub(cs_rank(ts_rank_20(ts_returns_20(close))), cs_rank(ts_rank_20(ts_returns_20(volume))))",debate,-0.003757083474346757,-0.0437458583666337,-2.293217813770394,-0.6404863835824874,0.1930516719321805,0.4610503773865213,2,4
140,"add(add(cs_rank(neg(cs_asset_growth)), cs_rank(cs_roa)), add(cs_rank(neg(cs_debt_at)), cs_rank(cs_current_ratio)))",debate,0.0033983967763057733,0.04312045463659483,2.269053882290261,0.27870454152935376,0.002791286171262768,0.37239745824229314,4,4
624,"sub(add(cs_rank(cs_roa), cs_rank(cs_current_ratio)), add(cs_rank(cs_asset_growth), cs_rank(cs_debt_at)))",debate,0.0033983649814897923,0.04312004713935112,2.26903243926025,0.27869855234765145,0.002791294664117025,0.37239745824229314,4,3
329,"sub(add(cs_rank(cs_bm), cs_rank(cs_ep)), add(cs_rank(cs_roa), add(cs_rank(cs_accruals), cs_rank(cs_debt_at))))",debate,-0.003672195859598672,-0.04264602092540117,-2.244088569114742,0.03714431687196543,0.004642417767730675,0.37357086520495064,5,4
789,"mul(cs_rank(ts_returns_5(close)), cs_rank(ts_corr_10(ts_returns_5(close), ts_returns_5(volume))))",debate,-0.004735927123991021,-0.04267030829655676,-2.2417146071567706,-0.7012776032497985,0.11597514954795303,0.4652702942636524,3,4
605,"add(add(cs_rank(neg(cs_debt_at)), cs_rank(curr_ratio)), cs_rank(cs_roa))",debate,0.004141354915042879,0.042372276979893285,2.2296838099918874,0.26815564818557114,0.002551183412371636,0.3753711360004638,3,4
562,"sub(neg(cs_rank(returns)), cs_rank(ts_mean_5(volume)))",debate,0.005012333959779104,0.04233383483181339,2.227660934628458,0.22875994278647727,0.23095468453847223,0.46796592952794375,2,3
174,"mul(cs_rank(neg(log_abs(market_cap))), mul(neg(cs_rank(returns)), cs_rank(dollar_volume)))",debate,0.004518479681958626,0.041911151673321295,2.2054188022150103,0.0690655411238841,0.24486432655070228,0.46796592952794375,3,4
455,"sub(add(cs_rank(ts_returns_20(close)), cs_rank(sub(close, ts_max_20(close)))), add(cs_rank(neg(ts_returns_20(close))), cs_rank(sub(ts_min_20(close), close))))",debate,-0.0059534306635370855,-0.04162329021921717,-2.18194988422601,-0.8399995953601392,0.08253328323629475,0.4610503773865213,6,5
319,"add(add(cs_rank(cs_bm), cs_rank(cs_roa)), add(neg(cs_rank(debt_at)), neg(cs_rank(log_abs(dollar_volume)))))",debate,-0.00481786042690044,-0.041459895586920543,-2.1816731255197146,-0.5675579277487515,0.03286452313414447,0.43721952674800196,4,5
248,"mul(add(cs_rank(cs_bm), add(cs_rank(cs_ep), neg(cs_rank(ptb)))), add(add(cs_rank(cs_roa), cs_rank(curr_ratio)), add(neg(cs_rank(debt_at)), add(neg(cs_rank(accrual)), cs_rank(ts_returns_20(close))))))",debate,-0.004129746393962013,-0.04158712198574292,-2.1800538958880824,-0.5961242398218667,0.02455164456714019,0.3678068583009937,8,6
707,"add(add(cs_rank(cs_bm), neg(cs_rank(pe_op_dil))), add(cs_rank(cs_roa), neg(cs_rank(cs_accruals))))",debate,0.003713686984720403,0.041174982515942114,2.166680632623543,0.6541147791531681,0.006192763324027356,0.3695975872385501,4,4
559,"mul(neg(cs_rank(sub(ts_returns_5(close), ts_returns_20(close)))), cs_rank(sub(ts_returns_5(volume), ts_returns_20(volume))))",debate,-0.0040715450423733784,-0.041195872654635673,-2.1595440700618,-0.6218531185461608,0.17766629986823446,0.46084432156786015,4,5
69,"sub(add(add(cs_rank(sub(ask, bid)), cs_rank(neg(dollar_volume))), cs_rank(neg(market_cap))), cs_rank(returns))",debate,-0.004879556208312951,-0.04090580414420081,-2.15251611987488,0.0663111139522642,0.16515049519120956,0.4679652048298711,5,5
58,"mul(cs_rank(dollar_volume), cs_rank(ts_returns_5(close)))",debate,0.005080947534045256,0.04091442213821037,2.1506357667422127,-0.2720528361402454,0.11225706026973217,0.4659977703455964,2,3
243,"mul(neg(cs_rank(ts_returns_5(close))), cs_rank(dollar_volume))",debate,-0.005080947534045256,-0.04091442213821037,-2.1506357667422127,0.2720528361402454,0.11225709304861302,0.4659977703455964,2,4
703,"add(add(cs_rank(cs_bm), cs_rank(cs_roa)), add(neg(cs_rank(cs_accruals)), add(neg(cs_rank(cs_asset_growth)), neg(cs_rank(debt_at)))))",debate,0.0030781473292527143,0.04063074675392891,2.1380422455962123,0.23666018685497095,0.004831709977888129,0.3722615773536684,5,5
135,"add(sub(cs_rank(neg(cs_debt_at)), cs_rank(cs_current_ratio)), sub(cs_rank(neg(cs_accruals)), cs_rank(cs_asset_growth)))",debate,0.00280871957133039,0.04029230978317566,2.120233256130074,0.1846468585816154,0.005026653328153403,0.37232474686900235,4,4
15,"mul(neg(cs_rank(ts_returns_5(close))), add(cs_rank(ts_std_5(returns)), cs_rank(ts_returns_5(volume))))",debate,0.004689168201705198,0.0399853314412274,2.1017988144145163,0.6279474411054795,0.16858811113019095,0.4659849673463127,3,4
957,"mul(cs_rank(dollar_volume), cs_rank(add(cs_bm, cs_roa)))",debate,0.004071613094277823,0.03975300467258463,2.091854326333563,0.015039784513531045,0.0504885155776191,0.4373650702775956,3,3
903,"add(cs_rank(neg(ts_returns_5(close))), neg(cs_rank(dollar_volume)))",debate,-0.0049325156327805495,-0.03971660414059673,-2.0876733663687363,0.19680353243504256,0.11154617846582572,0.4659977703455964,2,4
901,"add(neg(cs_rank(ts_returns_5(close))), cs_rank(neg(dollar_volume)))",debate,-0.004932523734325734,-0.03971630512974398,-2.087657649088595,0.19678454433230158,0.11154624581592196,0.4659977703455964,2,4
684,"mul(add(cs_rank(cs_bm), cs_rank(cs_roa)), neg(add(cs_rank(ts_returns_5(close)), cs_rank(ts_std_5(returns)))))",debate,0.00493478464742727,0.039697857831267995,2.0866879807460186,0.6282031198063386,0.0980400065158022,0.4356551451751414,4,5
328,"add(add(cs_rank(cs_bm), cs_rank(neg(pe_op_dil))), add(neg(cs_rank(cs_accruals)), neg(cs_rank(cs_debt_at))))",debate,-0.0033060052407769096,-0.03907839407467487,-2.056355447457592,0.13800460421892513,0.005168337771522315,0.3695975872385501,4,4
233,"sub(add(cs_rank(cs_roa), cs_rank(curr_ratio)), add(cs_rank(cs_asset_growth), cs_rank(cs_debt_at)))",debate,0.003101234398468503,0.03896898681407844,2.050598296437287,0.22988394078497795,0.0029774635425734632,0.37392826213778685,4,3
448,"sub(add(cs_rank(ts_returns_20(close)), cs_rank(sub(close, ts_max_20(high)))), add(cs_rank(neg(ts_returns_20(close))), cs_rank(sub(ts_min_20(low), close))))",debate,-0.005612423085516844,-0.03887018439401343,-2.0376283059719245,-0.8516700543528102,0.08018496121025244,0.4610503773865213,6,5
869,"add(add(cs_rank(cs_bm), cs_rank(cs_ep)), add(cs_rank(cs_roe), neg(cs_rank(cs_debt_at))))",debate,0.004192580622954262,0.038672124698671734,2.0349770294273415,0.04780072788616882,0.0037739249854476043,0.4373650702775956,4,4
427,"mul(neg(cs_rank(ts_returns_5(close))), cs_rank(abs_val(ts_returns_5(close))))",debate,0.00394324482692178,0.03866692759071357,2.032497909556381,0.7536581423940985,0.19787163974882394,0.4659977703455964,2,4
516,"add(add(add(cs_rank(cs_bm), cs_rank(cs_opmargin)), add(cs_rank(cs_cash_at), neg(cs_rank(cs_accruals)))), neg(cs_rank(cs_debt_at)))",debate,0.002493390893895242,0.03848984762674644,2.0253853750445145,0.43768531456861526,0.004431515126211763,0.3725677622893695,5,5
865,"add(cs_rank(cs_bm), neg(add(cs_rank(cs_accruals), cs_rank(cs_debt_at))))",debate,-0.0026114120283110987,-0.0383602315173335,-2.0185648083610364,-0.05968061612513777,0.004952345831464146,0.37357086520495064,3,4
866,"add(cs_rank(cs_bm), neg(add(cs_rank(cs_debt_at), cs_rank(cs_accruals))))",debate,-0.0026114120283110987,-0.0383602315173335,-2.0185648083610364,-0.05968061612513777,0.004952345831464146,0.37357086520495064,3,4
321,"add(add(cs_rank(cs_bm), cs_rank(neg(ptb))), neg(cs_rank(cs_accruals)))",debate,-0.0046682544970094875,-0.0380611516531159,-2.0028268405511644,-0.05892674771219194,0.004337871777601125,0.3714316772774543,3,4
